-3.0799983426132789
-3.0799935993525374
-3.0799856939676755
-3.0799746265199492
-3.0799603970880471
-3.0799430057679555
-3.0799224526730677
-3.0798987379342044
-3.0798718616995671
-3.0798418241347130
-3.0798086254224852
-3.0797722657631881
-3.0797327453745384
-3.0796900644915524
-3.0796442233666061
-3.0795952222694551
-3.0795430614871626
-3.0794877413241832
-3.0794292621023152
-3.0793676241606702
-3.0793028278556926
-3.0792348735611963
-3.0791637616682488
-3.0790894925852750
-3.0790120667380068
-3.0789314845694760
-3.0788477465400077
-3.0787608531271684
-3.0786708048258471
-3.0785776021481808
-3.0784812456235686
-3.0783817357986871
-3.0782790732374576
-3.0781732585210171
-3.0780642922477086
-3.0779521750331851
-3.0778369075103811
-3.0777184903294561
-3.0775969241577821
-3.0774722096798679
-3.0773443475974798
-3.0772133386295004
-3.0770791835119398
-3.0769418829979456
-3.0768014378578159
-3.0766578488789866
-3.0765111168659760
-3.0763612426403748
-3.0762082270408544
-3.0760520709231347
-3.0758927751600362
-3.0757303406414476
-3.0755647682742455
-3.0753960589822369
-3.0752242137061856
-3.0750492334038264
-3.0748711190498743
-3.0746898716359907
-3.0745054921707915
-3.0743179816797901
-3.0741273412055143
-3.0739335718073613
-3.0737366745615837
-3.0735366505613628
-3.0733335009167071
-3.0731272267545457
-3.0729178292185133
-3.0727053094689061
-3.0724896686827172
-3.0722709080537154
-3.0720490287924509
-3.0718240321262620
-3.0715959192992375
-3.0713646915722017
-3.0711303502226053
-3.0708928965444175
-3.0706523318481818
-3.0704086574611558
-3.0701618747272108
-3.0699119850068790
-3.0696589896771802
-3.0694028901315566
-3.0691436877799703
-3.0688813840489777
-3.0686159803815793
-3.0683474782371527
-3.0680758790914644
-3.0678011844366733
-3.0675233957812660
-3.0672425146501299
-3.0669585425845169
-3.0666714811419324
-3.0663813318960980
-3.0660880964369333
-3.0657917763707161
-3.0654923733199380
-3.0651898889232361
-3.0648843248354622
-3.0645756827275576
-3.0642639642865785
-3.0639491712156790
-3.0636313052341553
-3.0633103680772109
-3.0629863614959394
-3.0626592872575653
-3.0623291471452099
-3.0619959429578092
-3.0616596765103354
-3.0613203496335828
-3.0609779641741204
-3.0606325219943877
-3.0602840249726420
-3.0599324750030155
-3.0595778739953232
-3.0592202238749628
-3.0588595265829999
-3.0584957840761087
-3.0581289983266378
-3.0577591713225294
-3.0573863050672596
-3.0570104015798423
-3.0566314628948521
-3.0562494910623856
-3.0558644881479329
-3.0554764562322898
-3.0550853974116303
-3.0546913137976208
-3.0542942075172497
-3.0538940807127406
-3.0534909355415349
-3.0530847741762330
-3.0526755988046386
-3.0522634116297405
-3.0518482148696147
-3.0514300107574872
-3.0510088015416574
-3.0505845894855104
-3.0501573768673316
-3.0497271659802072
-3.0492939591322195
-3.0488577586464771
-3.0484185668610295
-3.0479763861287004
-3.0475312188170909
-3.0470830673085150
-3.0466319339998926
-3.0461778213027833
-3.0457207316434780
-3.0452606674628950
-3.0447976312164529
-3.0443316253741850
-3.0438626524207026
-3.0433907148550703
-3.0429158151907907
-3.0424379559557782
-3.0419571396922667
-3.0414733689568405
-3.0409866463204507
-3.0404969743682324
-3.0400043556994305
-3.0395087929275424
-3.0390102886802435
-3.0385088455992753
-3.0380044663404795
-3.0374971535736175
-3.0369869099824838
-3.0364737382648319
-3.0359576411322937
-3.0354386213104227
-3.0349166815385740
-3.0343918245698331
-3.0338640531710892
-3.0333333701230307
-3.0327997782199692
-3.0322632802698442
-3.0317238790941738
-3.0311815775281361
-3.0306363784203563
-3.0300882846328840
-3.0295372990411624
-3.0289834245339966
-3.0284266640135811
-3.0278670203953819
-3.0273044966081439
-3.0267390955938915
-3.0261708203079047
-3.0255996737186241
-3.0250256588076017
-3.0244487785694232
-3.0238690360116327
-3.0232864341546648
-3.0227009760319286
-3.0221126646896690
-3.0215215031870666
-3.0209274945962101
-3.0203306420019111
-3.0197309485016834
-3.0191284172058244
-3.0185230512371777
-3.0179148537311300
-3.0173038278355140
-3.0166899767106536
-3.0160733035293399
-3.0154538114768097
-3.0148315037506506
-3.0142063835609476
-3.0135784541300557
-3.0129477186923728
-3.0123141804945592
-3.0116778427954256
-3.0110387088659318
-3.0103967819891109
-3.0097520654599275
-3.0091045625853474
-3.0084542766842297
-3.0078012110872669
-3.0071453691370698
-3.0064867541880802
-3.0058253696065198
-3.0051612187702803
-3.0044943050689259
-3.0038246319035218
-3.0031522026866999
-3.0024770208426736
-3.0017990898070162
-3.0011184130267483
-3.0004349939603201
-2.9997488360774072
-2.9990599428588962
-2.9983683177969369
-2.9976739643948380
-2.9969768861671349
-2.9962770866394743
-2.9955745693484532
-2.9948693378416862
-2.9941613956778190
-2.9934507464264670
-2.9927373936680208
-2.9920213409936003
-2.9913025920051077
-2.9905811503150499
-2.9898570195466236
-2.9891302033336680
-2.9884007053205091
-2.9876685291620273
-2.9869336785235814
-2.9861961570809790
-2.9854559685204989
-2.9847131165387339
-2.9839676048424697
-2.9832194371486440
-2.9824686171843187
-2.9817151486867348
-2.9809590354033033
-2.9802002810914821
-2.9794388895186432
-2.9786748644620484
-2.9779082097088416
-2.9771389290559607
-2.9763670263100526
-2.9755925052874828
-2.9748153698143418
-2.9740356237264409
-2.9732532708691171
-2.9724683150971494
-2.9716807602747859
-2.9708906102757378
-2.9700978689831277
-2.9693025402894535
-2.9685046280965697
-2.9677041363156209
-2.9669010688668682
-2.9660954296796724
-2.9652872226925355
-2.9644764518529461
-2.9636631211173317
-2.9628472344511003
-2.9620287958285045
-2.9612078092326386
-2.9603842786553636
-2.9595582080973046
-2.9587296015677458
-2.9578984630845246
-2.9570647966740329
-2.9562286063712029
-2.9553898962194469
-2.9545486702705701
-2.9537049325847429
-2.9528586872305755
-2.9520099382849447
-2.9511586898328597
-2.9503049459675261
-2.9494487107902456
-2.9485899884103759
-2.9477287829452901
-2.9468650985203064
-2.9459989392687533
-2.9451303093318280
-2.9442592128584848
-2.9433856540054681
-2.9425096369372619
-2.9416311658260654
-2.9407502448516425
-2.9398668782012378
-2.9389810700695587
-2.9380928246588254
-2.9372021461786630
-2.9363090388459834
-2.9354135068850180
-2.9345155545272026
-2.9336151860112283
-2.9327124055830209
-2.9318072174956087
-2.9308996260090217
-2.9299896353903261
-2.9290772499134543
-2.9281624738591860
-2.9272453115152022
-2.9263257671759733
-2.9254038451426707
-2.9244795497231122
-2.9235528852317429
-2.9226238559895945
-2.9216924663243389
-2.9207587205701242
-2.9198226230674487
-2.9188841781632440
-2.9179433902108074
-2.9170002635697059
-2.9160548026056650
-2.9151070116905067
-2.9141568952022170
-2.9132044575248957
-2.9122497030486101
-2.9112926361694087
-2.9103332612892721
-2.9093715828159943
-2.9084076051631471
-2.9074413327500999
-2.9064727700020216
-2.9055019213497646
-2.9045287912297497
-2.9035533840839567
-2.9025757043598537
-2.9015957565103569
-2.9006135449937132
-2.8996290742734905
-2.8986423488186088
-2.8976533731032332
-2.8966621516067370
-2.8956686888136343
-2.8946729892135608
-2.8936750573011540
-2.8926748975760703
-2.8916725145429978
-2.8906679127116028
-2.8896610965963814
-2.8886520707165753
-2.8876408395962110
-2.8866274077640179
-2.8856117797533001
-2.8845939601019976
-2.8835739533526068
-2.8825517640520779
-2.8815273967518635
-2.8805008560077958
-2.8794721463799733
-2.8784412724328790
-2.8774082387352817
-2.8763730498600251
-2.8753357103840500
-2.8742962248884347
-2.8732545979583386
-2.8722108341829697
-2.8711649381554332
-2.8701169144726775
-2.8690667677354740
-2.8680145025483728
-2.8669601235196840
-2.8659036352614016
-2.8648450423891845
-2.8637843495222710
-2.8627215612834926
-2.8616566822992318
-2.8605897171993182
-2.8595206706169902
-2.8584495471887719
-2.8573763515544957
-2.8563010883572639
-2.8552237622433787
-2.8541443778622928
-2.8530629398666130
-2.8519794529120204
-2.8508939216572240
-2.8498063507638411
-2.8487167448963917
-2.8476251087222608
-2.8465314469116625
-2.8454357641375938
-2.8443380650758394
-2.8432383544049036
-2.8421366368059173
-2.8410329169625412
-2.8399271995609721
-2.8388194892899365
-2.8377097908406879
-2.8365981089067627
-2.8354844481839878
-2.8343688133705052
-2.8332512091667392
-2.8321316402753816
-2.8310101114012030
-2.8298866272510006
-2.8287611925336251
-2.8276338119599478
-2.8265044902428662
-2.8253732320971374
-2.8242400422393659
-2.8231049253879901
-2.8219678862631778
-2.8208289295868676
-2.8196880600827008
-2.8185452824760291
-2.8174006014937687
-2.8162540218643328
-2.8151055483176575
-2.8139551855851503
-2.8128029383995892
-2.8116488114951825
-2.8104928096074482
-2.8093349374732357
-2.8081751998305520
-2.8070136014185487
-2.8058501469775647
-2.8046848412490255
-2.8035176889754303
-2.8023486949002168
-2.8011778637677986
-2.8000052003234694
-2.7988307093134086
-2.7976543954846673
-2.7964762635850691
-2.7952963183631279
-2.7941145645680714
-2.7929310069498130
-2.7917456502588700
-2.7905584992462993
-2.7893695586636333
-2.7881788332628670
-2.7869863277964115
-2.7857920470171025
-2.7845959956780999
-2.7833981785328961
-2.7821986003352666
-2.7809972658391056
-2.7797941797984480
-2.7785893469674900
-2.7773827721005095
-2.7761744599518390
-2.7749644152758042
-2.7737526428267421
-2.7725391473588892
-2.7713239336263498
-2.7701070063830175
-2.7688883703825278
-2.7676680303782151
-2.7664459911231658
-2.7652222573702523
-2.7639968338719418
-2.7627697253801826
-2.7615409366464538
-2.7603104724217205
-2.7590783374564021
-2.7578445365002970
-2.7566090743026006
-2.7553719556118854
-2.7541331851760273
-2.7528927677422064
-2.7516507080567494
-2.7504070108651550
-2.7491616809120831
-2.7479147229413061
-2.7466661416956106
-2.7454159419167392
-2.7441641283454077
-2.7429107057213322
-2.7416556787831938
-2.7403990522685158
-2.7391408309135854
-2.7378810194534462
-2.7366196226218809
-2.7353566451513558
-2.7340920917730687
-2.7328259672167929
-2.7315582762108339
-2.7302890234820549
-2.7290182137558858
-2.7277458517562567
-2.7264719422055190
-2.7251964898243917
-2.7239194993319540
-2.7226409754455987
-2.7213609228809390
-2.7200793463518265
-2.7187962505703158
-2.7175116402466117
-2.7162255200890453
-2.7149378948041090
-2.7136487690963809
-2.7123581476684957
-2.7110660352210880
-2.7097724364526843
-2.7084773560596926
-2.7071807987364140
-2.7058827691749556
-2.7045832720653094
-2.7032823120952192
-2.7019798939501487
-2.7006760223133210
-2.6993707018655870
-2.6980639372853772
-2.6967557332487542
-2.6954460944293337
-2.6941350254982686
-2.6928225311242171
-2.6915086159733184
-2.6901932847091024
-2.6888765419924812
-2.6875583924816948
-2.6862388408323312
-2.6849178916972525
-2.6835955497265553
-2.6822718195675677
-2.6809467058647547
-2.6796202132597320
-2.6782923463912822
-2.6769631098953073
-2.6756325084047630
-2.6743005465495764
-2.6729672289566837
-2.6716325602500031
-2.6702965450503631
-2.6689591879755254
-2.6676204936401504
-2.6662804666556394
-2.6649391116301748
-2.6635964331687507
-2.6622524358731141
-2.6609071243416791
-2.6595605031695562
-2.6582125769484763
-2.6568633502667693
-2.6555128277093791
-2.6541610138577774
-2.6528079132899278
-2.6514535305802900
-2.6500978702998306
-2.6487409370159258
-2.6473827352923229
-2.6460232696891719
-2.6446625447629661
-2.6433005650664727
-2.6419373351487199
-2.6405728595550149
-2.6392071428268689
-2.6378401895020058
-2.6364720041142808
-2.6351025911936539
-2.6337319552662319
-2.6323601008542039
-2.6309870324757645
-2.6296127546451360
-2.6282372718725546
-2.6268605886642438
-2.6254827095223474
-2.6241036389448888
-2.6227233814257973
-2.6213419414548262
-2.6199593235175684
-2.6185755320954209
-2.6171905716655517
-2.6158044467008814
-2.6144171616700480
-2.6130287210373706
-2.6116391292628576
-2.6102483908021505
-2.6088565101065027
-2.6074634916227590
-2.6060693397932972
-2.6046740590560575
-2.6032776538445161
-2.6018801285876454
-2.6004814877098208
-2.5990817356308455
-2.5976808767659487
-2.5962789155257320
-2.5948758563161571
-2.5934717035385408
-2.5920664615895692
-2.5906601348612059
-2.5892527277406616
-2.5878442446103636
-2.5864346898479380
-2.5850240678262089
-2.5836123829131394
-2.5821996394718543
-2.5807858418605862
-2.5793709944326815
-2.5779551015365527
-2.5765381675156491
-2.5751201967084514
-2.5737011934484144
-2.5722811620639923
-2.5708601068785955
-2.5694380322106114
-2.5680149423733392
-2.5665908416749472
-2.5651657344185068
-2.5637396249019466
-2.5623125174180084
-2.5608844162542841
-2.5594553256931190
-2.5580252500115859
-2.5565941934814904
-2.5551621603693837
-2.5537291549364971
-2.5522951814387524
-2.5508602441267483
-2.5494243472457105
-2.5479874950354970
-2.5465496917305832
-2.5451109415599817
-2.5436712487472115
-2.5422306175103504
-2.5407890520620025
-2.5393465566092499
-2.5379031353536416
-2.5364587924912056
-2.5350135322124414
-2.5335673587022423
-2.5321202761399277
-2.5306722886991797
-2.5292234005480103
-2.5277736158487847
-2.5263229387582293
-2.5248713734273909
-2.5234189240015898
-2.5219655946204260
-2.5205113894177380
-2.5190563125216054
-2.5176003680543340
-2.5161435601324169
-2.5146858928665456
-2.5132273703615824
-2.5117679967165230
-2.5103077760244892
-2.5088467123727223
-2.5073848098425606
-2.5059220725094424
-2.5044585044428844
-2.5029941097064157
-2.5015288923576029
-2.5000628564480274
-2.4985960060232588
-2.4971283451228676
-2.4956598777804038
-2.4941906080233833
-2.4927205398732548
-2.4912496773453778
-2.4897780244490311
-2.4883055851873830
-2.4868323635574807
-2.4853583635502314
-2.4838835891504139
-2.4824080443366179
-2.4809317330812419
-2.4794546593505085
-2.4779768271044138
-2.4764982402967251
-2.4750189028749956
-2.4735388187805394
-2.4720579919484016
-2.4705764263073404
-2.4690941257798427
-2.4676110942820673
-2.4661273357238311
-2.4646428540086225
-2.4631576530335755
-2.4616717366894658
-2.4601851088607054
-2.4586977734253370
-2.4572097342550232
-2.4557209952150179
-2.4542315601641231
-2.4527414329547095
-2.4512506174327204
-2.4497591174376350
-2.4482669368024386
-2.4467740793536539
-2.4452805489113216
-2.4437863492889491
-2.4422914842935151
-2.4407959577254745
-2.4392997733787269
-2.4378029350406338
-2.4363054464920069
-2.4348073115070896
-2.4333085338535403
-2.4318091172924277
-2.4303090655782134
-2.4288083824587603
-2.4273070716753096
-2.4258051369624423
-2.4243025820480879
-2.4227994106535142
-2.4212956264933165
-2.4197912332754283
-2.4182862347010876
-2.4167806344648386
-2.4152744362545282
-2.4137676437513029
-2.4122602606295902
-2.4107522905571002
-2.4092437371947981
-2.4077346041969130
-2.4062248952109151
-2.4047146138774727
-2.4032037638304669
-2.4016923486969954
-2.4001803720973571
-2.3986678376450641
-2.3971547489468246
-2.3956411096025532
-2.3941269232053473
-2.3926121933414510
-2.3910969235902804
-2.3895811175244024
-2.3880647787095373
-2.3865479107045320
-2.3850305170613693
-2.3835126013251551
-2.3819941670341174
-2.3804752177195785
-2.3789557569059423
-2.3774357881107115
-2.3759153148445060
-2.3743943406110342
-2.3728728689070633
-2.3713509032224458
-2.3698284470400779
-2.3683055038359138
-2.3667820770789687
-2.3652581702313138
-2.3637337867480444
-2.3622089300772831
-2.3606836036601813
-2.3591578109309199
-2.3576315553166873
-2.3561048402376978
-2.3545776691071705
-2.3530500453313192
-2.3515219723093388
-2.3499934534334277
-2.3484644920887523
-2.3469350916534517
-2.3454052554986480
-2.3438749869884390
-2.3423442894799034
-2.3408131663230742
-2.3392816208609384
-2.3377496564294451
-2.3362172763574951
-2.3346844839669250
-2.3331512825725205
-2.3316176754819984
-2.3300836659960020
-2.3285492574081146
-2.3270144530048555
-2.3254792560656665
-2.3239436698629086
-2.3224076976618457
-2.3208713427206735
-2.3193346082904855
-2.3177974976152749
-2.3162600139319456
-2.3147221604703114
-2.3131839404530714
-2.3116453570958173
-2.3101064136070417
-2.3085671131881416
-2.3070274590334012
-2.3054874543299886
-2.3039471022579416
-2.3024064059901881
-2.3008653686925427
-2.2993239935236840
-2.2977822836351613
-2.2962402421713866
-2.2946978722696443
-2.2931551770600986
-2.2916121596657755
-2.2900688232025788
-2.2885251707792675
-2.2869812054974599
-2.2854369304516422
-2.2838923487291596
-2.2823474634102174
-2.2808022775678798
-2.2792567942680537
-2.2777110165695071
-2.2761649475238737
-2.2746185901756437
-2.2730719475621579
-2.2715250227136083
-2.2699778186530439
-2.2684303383963749
-2.2668825849523548
-2.2653345613225908
-2.2637862705015390
-2.2622377154765010
-2.2606888992276470
-2.2591398247279990
-2.2575904949434329
-2.2560409128326722
-2.2544910813473016
-2.2529410034317499
-2.2513906820232914
-2.2498401200520637
-2.2482893204410597
-2.2467382861061278
-2.2451870199559725
-2.2436355248921460
-2.2420838038090589
-2.2405318595939834
-2.2389796951270577
-2.2374273132812879
-2.2358747169225368
-2.2343219089095210
-2.2327688920938211
-2.2312156693198828
-2.2296622434250231
-2.2281086172394291
-2.2265547935861552
-2.2250007752811225
-2.2234465651331301
-2.2218921659438555
-2.2203375805078562
-2.2187828116125603
-2.2172278620382806
-2.2156727345582161
-2.2141174319384409
-2.2125619569379174
-2.2110063123085015
-2.2094505007949432
-2.2078945251348832
-2.2063383880588532
-2.2047820922902850
-2.2032256405455071
-2.2016690355337536
-2.2001122799571662
-2.1985553765107970
-2.1969983278826151
-2.1954411367535016
-2.1938838057972521
-2.1923263376805870
-2.1907687350631524
-2.1892110005975147
-2.1876531369291699
-2.1860951466965504
-2.1845370325310229
-2.1829787970568910
-2.1814204428914046
-2.1798619726447654
-2.1783033889201229
-2.1767446943135766
-2.1751858914141859
-2.1736269828039743
-2.1720679710579276
-2.1705088587439971
-2.1689496484231094
-2.1673903426491679
-2.1658309439690560
-2.1642714549226421
-2.1627118780427823
-2.1611522158553265
-2.1595924708791165
-2.1580326456259971
-2.1564727426008190
-2.1549127643014434
-2.1533527132187449
-2.1517925918366139
-2.1502324026319619
-2.1486721480747302
-2.1471118306278942
-2.1455514527474659
-2.1439910168824974
-2.1424305254750875
-2.1408699809603857
-2.1393093857665963
-2.1377487423149857
-2.1361880530198865
-2.1346273202887005
-2.1330665465219050
-2.1315057341130577
-2.1299448854488028
-2.1283840029088763
-2.1268230888661117
-2.1252621456864449
-2.1237011757289186
-2.1221401813456868
-2.1205791648820211
-2.1190181286763168
-2.1174570750600985
-2.1158960063580254
-2.1143349248878969
-2.1127738329606580
-2.1112127328804053
-2.1096516269443928
-2.1080905174430375
-2.1065294066599258
-2.1049682968718186
-2.1034071903486575
-2.1018460893535718
-2.1002849961428831
-2.0987239129661126
-2.0971628420659858
-2.0956017856784399
-2.0940407460326296
-2.0924797253509331
-2.0909187258489590
-2.0893577497355520
-2.0877967992128004
-2.0862358764760396
-2.0846749837138621
-2.0831141231081212
-2.0815532968339392
-2.0799925070597127
-2.0784317559471215
-2.0768710456511337
-2.0753103783200126
-2.0737497560953231
-2.0721891811119355
-2.0706286554980360
-2.0690681813751342
-2.0675077608580699
-2.0659473960550185
-2.0643870890674969
-2.0628268419903724
-2.0612666569118669
-2.0597065359135689
-2.0581464810704366
-2.0565864944508081
-2.0550265781164074
-2.0534667341223498
-2.0519069645171513
-2.0503472713427326
-2.0487876566344281
-2.0472281224209952
-2.0456686707246203
-2.0441093035609232
-2.0425500229389666
-2.0409908308612668
-2.0394317293238013
-2.0378727203160119
-2.0363138058208095
-2.0347549878145887
-2.0331962682672358
-2.0316376491421320
-2.0300791323961618
-2.0285207199797237
-2.0269624138367348
-2.0254042159046399
-2.0238461281144193
-2.0222881523905980
-2.0207302906512532
-2.0191725448080184
-2.0176149167660937
-2.0160574084242544
-2.0145000216748570
-2.0129427584038515
-2.0113856204907878
-2.0098286098088223
-2.0082717282247238
-2.0067149775988837
-2.0051583597853271
-2.0036018766317181
-2.0020455299793696
-2.0004893216632480
-1.9989332535119826
-1.9973773273478779
-1.9958215449869183
-1.9942659082387746
-1.9927104189068203
-1.9911550787881358
-1.9895998896735088
-1.9880448533474475
-1.9864899715881963
-1.9849352461677370
-1.9833806788517985
-1.9818262713998682
-1.9802720255651958
-1.9787179430948021
-1.9771640257294887
-1.9756102752038505
-1.9740566932462831
-1.9725032815789942
-1.9709500419180057
-1.9693969759731653
-1.9678440854481598
-1.9662913720405204
-1.9647388374416261
-1.9631864833367147
-1.9616343114048940
-1.9600823233191458
-1.9585305207463404
-1.9569789053472482
-1.9554274787765440
-1.9538762426828142
-1.9523251987085664
-1.9507743484902431
-1.9492236936582281
-1.9476732358368511
-1.9461229766443993
-1.9445729176931279
-1.9430230605892680
-1.9414734069330366
-1.9399239583186503
-1.9383747163343257
-1.9368256825622898
-1.9352768585787936
-1.9337282459541223
-1.9321798462525999
-1.9306316610326009
-1.9290836918465570
-1.9275359402409684
-1.9259884077564073
-1.9244410959275347
-1.9228940062831088
-1.9213471403459943
-1.9198004996331717
-1.9182540856557453
-1.9167078999189542
-1.9151619439221741
-1.9136162191589343
-1.9120707271169246
-1.9105254692780036
-1.9089804471182155
-1.9074356621077904
-1.9058911157111555
-1.9043468093869445
-1.9028027445880098
-1.9012589227614363
-1.8997153453485434
-1.8981720137848974
-1.8966289295003151
-1.8950860939188761
-1.8935435084589325
-1.8920011745331256
-1.8904590935483938
-1.8889172669059708
-1.8873756960014056
-1.8858343822245724
-1.8842933269596727
-1.8827525315852551
-1.8812119974742154
-1.8796717259938098
-1.8781317185056645
-1.8765919763657808
-1.8750525009245504
-1.8735132935267689
-1.8719743555116426
-1.8704356882128002
-1.8688972929582950
-1.8673591710706192
-1.8658213238667147
-1.8642837526579770
-1.8627464587502707
-1.8612094434439401
-1.8596727080338187
-1.8581362538092270
-1.8566000820539885
-1.8550641940464401
-1.8535285910594472
-1.8519932743604122
-1.8504582452112808
-1.8489235048685559
-1.8473890545833112
-1.8458548956011935
-1.8443210291624390
-1.8427874565018689
-1.8412541788489127
-1.8397211974276173
-1.8381885134566509
-1.8366561281493132
-1.8351240427135549
-1.8335922583519735
-1.8320607762618371
-1.8305295976350855
-1.8289987236583414
-1.8274681555129106
-1.8259378943748050
-1.8244079414147469
-1.8228782977981866
-1.8213489646853092
-1.8198199432310436
-1.8182912345850670
-1.8167628398918283
-1.8152347602905499
-1.8137069969152315
-1.8121795508946679
-1.8106524233524477
-1.8091256154069750
-1.8075991281714772
-1.8060729627540082
-1.8045471202574732
-1.8030216017796332
-1.8014964084131100
-1.7999715412453923
-1.7984470013588560
-1.7969227898307647
-1.7953989077332768
-1.7938753561334690
-1.7923521360933388
-1.7908292486698154
-1.7893066949147676
-1.7877844758750183
-1.7862625925923501
-1.7847410461035227
-1.7832198374402777
-1.7816989676293562
-1.7801784376924856
-1.7786582486464124
-1.7771384015029030
-1.7756188972687525
-1.7740997369458045
-1.7725809215309518
-1.7710624520161575
-1.7695443293884467
-1.7680265546299199
-1.7665091287177725
-1.7649920526243112
-1.7634753273169528
-1.7619589537582339
-1.7604429329058215
-1.7589272657125299
-1.7574119531263197
-1.7558969960903128
-1.7543823955428042
-1.7528681524172689
-1.7513542676423790
-1.7498407421420124
-1.7483275768352622
-1.7468147726364380
-1.7453023304550765
-1.7437902511959560
-1.7422785357591106
-1.7407671850398383
-1.7392561999287015
-1.7377455813115408
-1.7362353300694857
-1.7347254470789824
-1.7332159332117931
-1.7317067893349964
-1.7301980163110029
-1.7286896149975626
-1.7271815862477735
-1.7256739309101050
-1.7241666498284065
-1.7226597438418965
-1.7211532137851906
-1.7196470604882999
-1.7181412847766491
-1.7166358874710812
-1.7151308693878813
-1.7136262313387629
-1.7121219741309042
-1.7106180985669450
-1.7091146054449911
-1.7076114955586319
-1.7061087696969468
-1.7046064286445086
-1.7031044731814065
-1.7016029040832468
-1.7001017221211705
-1.6986009280618530
-1.6971005226675338
-1.6956005066960032
-1.6941008809006237
-1.6926016460303475
-1.6911028028297213
-1.6896043520388830
-1.6881062943935841
-1.6866086306252042
-1.6851113614607529
-1.6836144876228687
-1.6821180098298389
-1.6806219287956095
-1.6791262452297930
-1.6776309598376895
-1.6761360733202864
-1.6746415863742659
-1.6731474996920310
-1.6716538139617005
-1.6701605298671216
-1.6686676480878742
-1.6671751692992938
-1.6656830941724650
-1.6641914233742430
-1.6627001575672651
-1.6612092974099564
-1.6597188435565355
-1.6582287966570215
-1.6567391573572658
-1.6552499262989482
-1.6537611041195830
-1.6522726914525219
-1.6507846889269719
-1.6492970971680156
-1.6478099167965992
-1.6463231484295515
-1.6448367926796004
-1.6433508501553828
-1.6418653214614469
-1.6403802071982574
-1.6388955079622145
-1.6374112243456749
-1.6359273569369401
-1.6344439063202749
-1.6329608730759042
-1.6314782577800411
-1.6299960610049138
-1.6285142833187305
-1.6270329252857127
-1.6255519874660984
-1.6240714704161632
-1.6225913746882308
-1.6211117008306690
-1.6196324493879066
-1.6181536209004395
-1.6166752159048374
-1.6151972349337580
-1.6137196785159593
-1.6122425471763151
-1.6107658414358077
-1.6092895618115497
-1.6078137088167779
-1.6063382829608803
-1.6048632847494018
-1.6033887146840404
-1.6019145732626805
-1.6004408609793908
-1.5989675783244259
-1.5974947257842564
-1.5960223038415546
-1.5945503129752199
-1.5930787536603865
-1.5916076263684265
-1.5901369315669545
-1.5886666697198415
-1.5871968412872297
-1.5857274467255538
-1.5842584864875380
-1.5827899610221901
-1.5813218707748249
-1.5798542161870848
-1.5783869976969271
-1.5769202157386455
-1.5754538707428796
-1.5739879631366305
-1.5725224933432607
-1.5710574617825006
-1.5695928688704626
-1.5681287150196408
-1.5666650006389278
-1.5652017261336291
-1.5637388919054622
-1.5622764983525805
-1.5608145458695799
-1.5593530348475038
-1.5578919656738421
-1.5564313387325439
-1.5549711544040266
-1.5535114130652001
-1.5520521150894613
-1.5505932608467075
-1.5491348507033567
-1.5476768850223626
-1.5462193641631872
-1.5447622884818315
-1.5433056583308540
-1.5418494740593596
-1.5403937360130115
-1.5389384445340732
-1.5374835999613798
-1.5360292026303624
-1.5345752528730503
-1.5331217510180708
-1.5316686973906832
-1.5302160923127841
-1.5287639361029126
-1.5273122290762580
-1.5258609715446514
-1.5244101638165930
-1.5229598061972620
-1.5215098989885234
-1.5200604424889261
-1.5186114369937287
-1.5171628827949100
-1.5157147801811630
-1.5142671294379111
-1.5128199308473025
-1.5113731846882363
-1.5099268912363684
-1.5084810507641275
-1.5070356635407176
-1.5055907298321187
-1.5041462499010991
-1.5027022240072165
-1.5012586524068474
-1.4998155353531908
-1.4983728730962724
-1.4969306658829487
-1.4954889139569167
-1.4940476175587394
-1.4926067769258349
-1.4911663922924849
-1.4897264638898522
-1.4882869919459885
-1.4868479766858396
-1.4854094183312658
-1.4839713171010478
-1.4825336732108789
-1.4810964868733931
-1.4796597582981679
-1.4782234876917193
-1.4767876752575266
-1.4753523211960444
-1.4739174257047098
-1.4724829889779245
-1.4710490112070926
-1.4696154925806260
-1.4681824332839459
-1.4667498334994904
-1.4653176934067262
-1.4638860131821567
-1.4624547929993230
-1.4610240330288218
-1.4595937334382989
-1.4581638943924713
-1.4567345160531409
-1.4553055985792003
-1.4538771421266337
-1.4524491468485319
-1.4510216128950952
-1.4495945404136421
-1.4481679295486223
-1.4467417804416305
-1.4453160932314051
-1.4438908680538476
-1.4424661050420156
-1.4410418043261464
-1.4396179660336652
-1.4381945902891842
-1.4367716772145016
-1.4353492269286199
-1.4339272395477578
-1.4325057151853660
-1.4310846539521260
-1.4296640559559541
-1.4282439213020115
-1.4268242500927146
-1.4254050424277349
-1.4239862984040252
-1.4225680181158293
-1.4211502016546771
-1.4197328491093926
-1.4183159605661071
-1.4168995361082775
-1.4154835758166791
-1.4140680797694065
-1.4126530480418904
-1.4112384807069187
-1.4098243778346280
-1.4084107394925176
-1.4069975657454576
-1.4055848566557059
-1.4041726122828999
-1.4027608326840775
-1.4013495179136812
-1.3999386680235688
-1.3985282830630177
-1.3971183630787312
-1.3957089081148419
-1.3942999182129301
-1.3928913934120291
-1.3914833337486390
-1.3900757392567249
-1.3886686099677268
-1.3872619459105671
-1.3858557471116657
-1.3844500135949460
-1.3830447453818329
-1.3816399424912666
-1.3802356049397175
-1.3788317327411952
-1.3774283259072349
-1.3760253844469261
-1.3746229083669124
-1.3732208976713998
-1.3718193523621627
-1.3704182724385572
-1.3690176578975306
-1.3676175087336262
-1.3662178249390056
-1.3648186065034313
-1.3634198534142772
-1.3620215656565464
-1.3606237432128836
-1.3592263860635814
-1.3578294941865818
-1.3564330675574756
-1.3550371061495188
-1.3536416099336492
-1.3522465788784892
-1.3508520129503487
-1.3494579121132202
-1.3480642763288051
-1.3466711055565199
-1.3452783997535027
-1.3438861588746220
-1.3424943828724774
-1.3411030716974215
-1.3397122252975626
-1.3383218436187614
-1.3369319266046464
-1.3355424741966153
-1.3341534863338531
-1.3327649629533342
-1.3313769039898271
-1.3299893093759079
-1.3286021790419611
-1.3272155129161916
-1.3258293109246277
-1.3244435729911259
-1.3230582990373874
-1.3216734889829607
-1.3202891427452472
-1.3189052602395190
-1.3175218413789294
-1.3161388860745076
-1.3147563942351586
-1.3133743657676968
-1.3119928005768362
-1.3106116985651945
-1.3092310596333030
-1.3078508836796214
-1.3064711706005396
-1.3050919202903828
-1.3037131326414244
-1.3023348075438967
-1.3009569448859952
-1.2995795445538756
-1.2982026064316714
-1.2968261304015047
-1.2954501163434815
-1.2940745641356990
-1.2926994736542561
-1.2913248447732637
-1.2899506773648663
-1.2885769712992530
-1.2872037264446321
-1.2858309426672487
-1.2844586198313834
-1.2830867577993634
-1.2817153564315900
-1.2803444155865500
-1.2789739351208134
-1.2776039148890248
-1.2762343547439208
-1.2748652545363406
-1.2734966141152269
-1.2721284333276308
-1.2707607120187323
-1.2693934500318376
-1.2680266472083863
-1.2666603033879467
-1.2652944184082413
-1.2639289921051524
-1.2625640243127356
-1.2611995148632200
-1.2598354635869922
-1.2584718703126230
-1.2571087348668686
-1.2557460570746974
-1.2543838367592846
-1.2530220737420110
-1.2516607678424845
-1.2502999188785329
-1.2489395266662213
-1.2475795910198555
-1.2462201117519855
-1.2448610886734151
-1.2435025215932054
-1.2421444103186792
-1.2407867546554394
-1.2394295544073637
-1.2380728093766273
-1.2367165193637029
-1.2353606841673632
-1.2340053035846852
-1.2326503774110691
-1.2312959054402350
-1.2299418874642323
-1.2285883232734363
-1.2272352126565778
-1.2258825554007566
-1.2245303512914134
-1.2231786001123595
-1.2218273016457699
-1.2204764556721992
-1.2191260619705877
-1.2177761203182740
-1.2164266304909912
-1.2150775922628763
-1.2137290054064751
-1.2123808696927494
-1.2110331848910918
-1.2096859507693294
-1.2083391670937214
-1.2069928336289688
-1.2056469501382308
-1.2043015163831290
-1.2029565321237445
-1.2016119971186221
-1.2002679111247905
-1.1989242738977604
-1.1975810851915225
-1.1962383447585851
-1.1948960523499645
-1.1935542077151875
-1.1922128106022898
-1.1908718607578384
-1.1895313579269298
-1.1881913018531882
-1.1868516922787953
-1.1855125289444874
-1.1841738115895655
-1.1828355399518884
-1.1814977137678893
-1.1801603327725725
-1.1788233966995336
-1.1774869052809531
-1.1761508582475986
-1.1748152553288462
-1.1734800962526715
-1.1721453807456783
-1.1708111085331001
-1.1694772793387980
-1.1681438928852690
-1.1668109488936464
-1.1654784470837123
-1.1641463871738940
-1.1628147688812829
-1.1614835919216393
-1.1601528560094001
-1.1588225608576861
-1.1574927061783000
-1.1561632916817375
-1.1548343170771977
-1.1535057820725889
-1.1521776863745177
-1.1508500296883111
-1.1495228117180343
-1.1481960321664839
-1.1468696907351890
-1.1455437871244256
-1.1442183210332180
-1.1428932921593411
-1.1415687001993147
-1.1402445448484424
-1.1389208258008123
-1.1375975427492817
-1.1362746953855034
-1.1349522833999286
-1.1336303064818039
-1.1323087643191851
-1.1309876565989454
-1.1296669830067667
-1.1283467432271626
-1.1270269369434769
-1.1257075638378917
-1.1243886235914344
-1.1230701158839729
-1.1217520403942265
-1.1204343967997850
-1.1191171847770989
-1.1178004040014982
-1.1164840541472016
-1.1151681348873201
-1.1138526458938462
-1.1125375868376617
-1.1112229573885612
-1.1099087572152524
-1.1085949859853530
-1.1072816433654025
-1.1059687290208799
-1.1046562426161950
-1.1033441838146985
-1.1020325522786858
-1.1007213476693949
-1.0994105696470349
-1.0981002178707839
-1.0967902919988002
-1.0954807916882128
-1.0941717165951370
-1.0928630663746730
-1.0915548406809075
-1.0902470391669421
-1.0889396614848836
-1.0876327072858436
-1.0863261762199590
-1.0850200679363908
-1.0837143820833346
-1.0824091183080147
-1.0811042762567078
-1.0797998555747488
-1.0784958559065183
-1.0771922768954498
-1.0758891181840384
-1.0745863794138575
-1.0732840602255713
-1.0719821602589144
-1.0706806791527175
-1.0693796165449159
-1.0680789720725392
-1.0667787453717241
-1.0654789360777281
-1.0641795438249277
-1.0628805682468276
-1.0615820089760626
-1.0602838656444000
-1.0589861378827585
-1.0576888253212124
-1.0563919275889728
-1.0550954443144125
-1.0537993751250689
-1.0525037196476592
-1.0512084775080834
-1.0499136483314095
-1.0486192317419023
-1.0473252273630285
-1.0460316348174392
-1.0447384537269979
-1.0434456837127921
-1.0421533243951260
-1.0408613753935265
-1.0395698363267449
-1.0382787068127730
-1.0369879864688507
-1.0356976749114568
-1.0344077717563180
-1.0331182766184235
-1.0318291891120324
-1.0305405088506701
-1.0292522354471354
-1.0279643685135111
-1.0266769076611653
-1.0253898525007650
-1.0241032026422723
-1.0228169576949555
-1.0215311172673838
-1.0202456809674396
-1.0189606484023290
-1.0176760191785932
-1.0163917929020903
-1.0151079691780227
-1.0138245476109384
-1.0125415278047245
-1.0112589093626290
-1.0099766918872659
-1.0086948749806215
-1.0074134582440526
-1.0061324412782764
-1.0048518236833843
-1.0035716050588745
-1.0022917850036377
-1.0010123631159502
-0.99973333899350147
-0.99845471223340110
-0.99717648243217394
-0.99589864918575000
-0.99462121208948862
-0.99334417073818215
-0.99206752472605308
-0.99079127364678521
-0.98951541709351232
-0.98823995465881154
-0.98696488593472231
-0.98569021051274752
-0.98441592798386224
-0.98314203793851696
-0.98186853996664814
-0.98059543365768342
-0.97932271860053854
-0.97805039438363395
-0.97677846059489370
-0.97550691682173896
-0.97423576265110579
-0.97296499766946243
-0.97169462146280006
-0.97042463361664133
-0.96915503371603740
-0.96788582134558820
-0.96661699608944562
-0.96534855753131166
-0.96408050525444522
-0.96281283884166313
-0.96154555787535212
-0.96027866193747380
-0.95901215060956901
-0.95774602347275850
-0.95648028010774711
-0.95521492009483866
-0.95394994301394398
-0.95268534844458541
-0.95142113596589339
-0.95015730515661856
-0.94889385559513828
-0.94763078685945523
-0.94636809852719772
-0.94510579017562812
-0.94384386138165066
-0.94258231172183538
-0.94132114077241069
-0.94006034810926387
-0.93879993330794531
-0.93753989594366294
-0.93628023559130025
-0.93502095182542611
-0.93376204422030074
-0.93250351234987983
-0.93124535578781276
-0.92998757410744914
-0.92873016688185028
-0.92747313368378737
-0.92621647408574359
-0.92496018765992394
-0.92370427397826971
-0.92244873261246174
-0.92119356313391798
-0.91993876511379435
-0.91868433812299877
-0.91743028173219232
-0.91617659551179731
-0.91492327903200266
-0.91367033186277047
-0.91241775357383570
-0.91116554373471326
-0.90991370191470833
-0.90866222768292026
-0.90741112060824536
-0.90616038025938728
-0.90491000620484707
-0.90365999801293662
-0.90241035525178248
-0.90116107748933505
-0.89991216429338161
-0.89866361523154814
-0.89741542987129153
-0.89616760777991311
-0.89492014852456625
-0.89367305167224953
-0.89242631678982032
-0.89117994344400253
-0.88993393120138553
-0.88868827962843622
-0.88744298829150592
-0.88619805675682595
-0.88495348459051493
-0.88370927135859001
-0.88246541662697464
-0.88122191996149968
-0.87997878092790449
-0.87873599909184630
-0.87749357401890149
-0.87625150527457285
-0.87500979242429877
-0.87376843503344948
-0.87252743266733224
-0.87128678489119860
-0.87004649127025047
-0.86880655136964324
-0.86756696475450523
-0.86632773098993276
-0.86508884964099309
-0.86385032027273168
-0.86261214245017792
-0.86137431573834300
-0.86013683970222188
-0.85889971390681019
-0.85766293791710890
-0.85642651129812941
-0.85519043361489677
-0.85395470443245425
-0.85271932331587474
-0.85148428983025737
-0.85024960354072943
-0.84901526401244998
-0.84778127081061783
-0.84654762350048218
-0.84531432164734299
-0.84408136481656226
-0.84284875257356273
-0.84161648448384063
-0.84038456011296270
-0.83915297902657904
-0.83792174079041981
-0.83669084497030399
-0.83546029113214237
-0.83423007884194389
-0.83300020766582106
-0.83177067716999009
-0.83054148692078222
-0.82931263648465003
-0.82808412542816023
-0.82685595331801565
-0.82562811972106309
-0.82440062420428661
-0.82317346633480715
-0.82194664567989750
-0.82072016180697649
-0.81949401428362090
-0.81826820267757738
-0.81704272655676580
-0.81581758548926875
-0.81459277904334926
-0.81336830678745642
-0.81214416829022906
-0.81092036312048887
-0.80969689084725638
-0.80847375103975838
-0.80725094326742841
-0.80602846709991938
-0.80480632210709502
-0.80358450785904223
-0.80236302392607295
-0.80114186987873015
-0.79992104528779451
-0.79870054972429128
-0.79748038275949495
-0.79626054396493418
-0.79504103291239725
-0.79382184917393039
-0.79260299232183784
-0.79138446192870171
-0.79016625756738723
-0.78894837881103796
-0.78773082523308546
-0.78651359640724439
-0.78529669190753171
-0.78408011130826716
-0.78286385418408388
-0.78164792010992556
-0.78043230866103563
-0.77921701941297461
-0.77800205194163563
-0.77678740582323835
-0.77557308063433816
-0.77435907595184150
-0.77314539135300508
-0.77193202641542924
-0.77071898071706646
-0.76950625383622739
-0.76829384535158796
-0.76708175484219443
-0.76586998188746869
-0.76465852606720663
-0.76344738696159720
-0.76223656415121643
-0.76102605721702943
-0.75981586574040705
-0.75860598930312162
-0.75739642748735136
-0.75618717987568862
-0.75497824605114172
-0.75376962559714411
-0.75256131809755422
-0.75135332313666126
-0.75014564029918973
-0.74893826917030826
-0.74773120933563997
-0.74652446038125853
-0.74531802189369534
-0.74411189345992901
-0.74290607466740888
-0.74170056510406479
-0.74049536435829943
-0.73929047201899900
-0.73808588767553229
-0.73688161091775350
-0.73567764133601221
-0.73447397852115848
-0.73327062206455040
-0.73206757155804969
-0.73086482659403873
-0.72966238676541784
-0.72846025166559902
-0.72725842088852954
-0.72605689402868945
-0.72485567068110390
-0.72365475044133021
-0.72245413290547211
-0.72125381767018859
-0.72005380433269828
-0.71885409249078536
-0.71765468174279889
-0.71645557168764840
-0.71525676192482024
-0.71405825205437612
-0.71286004167696959
-0.71166213039385884
-0.71046451780689357
-0.70926720351851658
-0.70807018713177983
-0.70687346825033670
-0.70567704647846252
-0.70448092142104590
-0.70328509268359873
-0.70208955987226240
-0.70089432259381412
-0.69969938045566438
-0.69850473306586702
-0.69731038003312140
-0.69611632096678244
-0.69492255547685811
-0.69372908317401782
-0.69253590366959417
-0.69134301657559749
-0.69015042150471551
-0.68895811807031915
-0.68776610588645803
-0.68657438456787290
-0.68538295373000135
-0.68419181298896714
-0.68300096196160287
-0.68181040026544126
-0.68062012751872758
-0.67943014334042573
-0.67824044735022626
-0.67705103916855425
-0.67586191841655885
-0.67467308471612297
-0.67348453768987371
-0.67229627696118177
-0.67110830215416117
-0.66992061289367943
-0.66873320880537412
-0.66754608951564209
-0.66635925465165347
-0.66517270384135130
-0.66398643671345126
-0.66280045289744738
-0.66161475202363107
-0.66042933372308610
-0.65924419762769049
-0.65805934337011807
-0.65687477058385269
-0.65569047890318810
-0.65450646796323353
-0.65332273739991154
-0.65213928684997202
-0.65095611595099612
-0.64977322434139351
-0.64859061166040854
-0.64740827754813013
-0.64622622164549981
-0.64504444359430924
-0.64386294303719960
-0.64268171961767617
-0.64150077298011166
-0.64032010276974805
-0.63913970863269853
-0.63795959021596349
-0.63677974716742369
-0.63560017913584443
-0.63442088577088529
-0.63324186672311011
-0.63206312164398470
-0.63088465018587625
-0.62970645200206321
-0.62852852674674553
-0.62735087407504420
-0.62617349364300046
-0.62499638510758637
-0.62381954812670792
-0.62264298235920723
-0.62146668746486999
-0.62029066310442538
-0.61911490893955379
-0.61793942463289475
-0.61676420984805069
-0.61558926424959048
-0.61441458750305311
-0.61324017927495178
-0.61206603923277103
-0.61089216704498528
-0.60971856238106004
-0.60854522491145580
-0.60737215430762792
-0.60619935024203819
-0.60502681238815048
-0.60385454042043862
-0.60268253401439220
-0.60151079284651610
-0.60033931659434214
-0.59916810493643524
-0.59799715755238880
-0.59682647412283030
-0.59565605432944169
-0.59448589785495032
-0.59331600438312693
-0.59214637359879774
-0.59097700518784368
-0.58980789883721663
-0.58863905423494045
-0.58747047107011929
-0.58630214903293310
-0.58513408781463305
-0.58396628710756193
-0.58279874660515141
-0.58163146600192761
-0.58046444499352101
-0.57929768327666831
-0.57813118054920787
-0.57696493651009173
-0.57579895085939525
-0.57463322329830824
-0.57346775352915358
-0.57230254125538438
-0.57113758618158983
-0.56997288801349499
-0.56880844645796436
-0.56764426122301548
-0.56648033201782722
-0.56531665855273283
-0.56415324053922378
-0.56299007768995524
-0.56182716971875435
-0.56066451634062398
-0.55950211727174637
-0.55833997222947829
-0.55717808093236509
-0.55601644310015053
-0.55485505845377436
-0.55369392671537809
-0.55253304760830646
-0.55137242085710947
-0.55021204618755626
-0.54905192332662633
-0.54789205200252578
-0.54673243194468402
-0.54557306288376617
-0.54441394455167524
-0.54325507668154671
-0.54209645900776726
-0.54093809126597059
-0.53977997319304238
-0.53862210452712000
-0.53746448500760835
-0.53630711437518186
-0.53514999237177796
-0.53399311874059929
-0.53283649322612558
-0.53168011557411643
-0.53052398553162572
-0.52936810284700453
-0.52821246726989912
-0.52705707855125106
-0.52590193644330518
-0.52474704069960665
-0.52359239107501110
-0.52243798732570235
-0.52128382920918193
-0.52012991648426865
-0.51897624891111682
-0.51782282625121390
-0.51666964826738015
-0.51551671472377392
-0.51436402538590198
-0.51321158002062306
-0.51205937839614535
-0.51090742028203651
-0.50975570544922788
-0.50860423367001495
-0.50745300471806365
-0.50630201836841471
-0.50515127439749086
-0.50400077258309661
-0.50285051270442027
-0.50170049454203947
-0.50055071787793914
-0.49940118249549459
-0.49825188817947608
-0.49710283471606653
-0.49595402189286081
-0.49480544949887562
-0.49365711732454298
-0.49250902516172218
-0.49136117280370384
-0.49021356004520500
-0.48906618668238150
-0.48791905251283380
-0.48677215733560458
-0.48562550095118245
-0.48447908316150573
-0.48333290376997279
-0.48218696258143912
-0.48104125940222153
-0.47989579404010591
-0.47875056630434915
-0.47760557600568282
-0.47646082295631415
-0.47531630696994193
-0.47417202786176116
-0.47302798544845037
-0.47188417954818190
-0.47074060998063205
-0.46959727656697575
-0.46845417912990023
-0.46731131749360538
-0.46616869148380180
-0.46502630092772462
-0.46388414565413461
-0.46274222549332461
-0.46160054027710934
-0.46045908983884110
-0.45931787401341095
-0.45817689263725953
-0.45703614554836902
-0.45589563258627019
-0.45475535359205205
-0.45361530840836234
-0.45247549687940697
-0.45133591885097007
-0.45019657417039954
-0.44905746268661795
-0.44791858425011916
-0.44677993871298655
-0.44564152592889106
-0.44450334575308514
-0.44336539804241237
-0.44222768265531892
-0.44109019945185191
-0.43995294829365533
-0.43881592904398387
-0.43767914156771254
-0.43654258573133065
-0.43540626140293970
-0.43427016845227390
-0.43313430675069226
-0.43199867617118570
-0.43086327658837709
-0.42972810787852544
-0.42859316991952523
-0.42745846259092024
-0.42632398577391761
-0.42518973935137072
-0.42405572320778828
-0.42292193722933380
-0.42178838130384050
-0.42065505532080638
-0.41952195917140250
-0.41838909274847469
-0.41725645594654309
-0.41612404866180791
-0.41499187079216254
-0.41385992223719059
-0.41272820289816747
-0.41159671267806458
-0.41046545148155184
-0.40933441921499353
-0.40820361578646253
-0.40707304110575182
-0.40594269508437192
-0.40481257763554696
-0.40368268867421941
-0.40255302811705301
-0.40142359588244558
-0.40029439189052279
-0.39916541606314432
-0.39803666832390772
-0.39690814859815460
-0.39577985681297001
-0.39465179289718866
-0.39352395678139218
-0.39239634839792625
-0.39126896768089447
-0.39014181456616220
-0.38901488899136843
-0.38788819089591292
-0.38676172022097005
-0.38563547690948158
-0.38450946090617510
-0.38338367215757152
-0.38225811061197185
-0.38113277621947156
-0.38000766893196070
-0.37888278870311559
-0.37775813548840848
-0.37663370924511924
-0.37550950993233256
-0.37438553751094311
-0.37326179194366271
-0.37213827319501069
-0.37101498123133136
-0.36989191602078453
-0.36876907753335830
-0.36764646574086857
-0.36652408061696196
-0.36540192213712291
-0.36427999027867930
-0.36315828502079650
-0.36203680634448399
-0.36091555423259708
-0.35979452866984185
-0.35867372964277922
-0.35755315713982877
-0.35643281115126951
-0.35531269166924029
-0.35419279868774700
-0.35307313220266534
-0.35195369221174305
-0.35083447871460560
-0.34971549171275695
-0.34859673120958246
-0.34747819721034923
-0.34635988972221260
-0.34524180875421739
-0.34412395431729764
-0.34300632642428402
-0.34188892508990998
-0.34077175033081114
-0.33965480216552918
-0.33853808061450930
-0.33742158570011183
-0.33630531744661168
-0.33518927588020042
-0.33407346102898527
-0.33295787292300139
-0.33184251159420880
-0.33072737707649308
-0.32961246940566885
-0.32849778861948542
-0.32738333475763198
-0.32626910786173569
-0.32515510797536451
-0.32404133514402894
-0.32292778941518846
-0.32181447083825404
-0.32070137946458666
-0.31958851534749866
-0.31847587854226306
-0.31736346910610985
-0.31625128709823513
-0.31513933257980753
-0.31402760561396154
-0.31291610626580041
-0.31180483460240122
-0.31069379069282038
-0.30958297460809608
-0.30847238642124547
-0.30736202620727271
-0.30625189404316899
-0.30514199000791320
-0.30403231418247961
-0.30292286664983464
-0.30181364749493750
-0.30070465680474662
-0.29959589466822734
-0.29848736117635127
-0.29737905642209556
-0.29627098050044431
-0.29516313350839324
-0.29405551554494902
-0.29294812671113035
-0.29184096710997370
-0.29073403684654342
-0.28962733602792468
-0.28852086476322675
-0.28741462316358696
-0.28630861134217228
-0.28520282941418396
-0.28409727749685754
-0.28299195570946339
-0.28188686417331149
-0.28078200301175121
-0.27967737235016965
-0.27857297231600053
-0.27746880303873456
-0.27636486464990995
-0.27526115728311956
-0.27415768107400801
-0.27305443616027536
-0.27195142268167899
-0.27084864078004262
-0.26974609059924770
-0.26864377228523562
-0.26754168598601541
-0.26643983185166870
-0.26533821003434405
-0.26423682068826282
-0.26313566396971977
-0.26203474003709015
-0.26093404905082718
-0.25983359117345911
-0.25873336656959434
-0.25763337540593462
-0.25653361785126555
-0.25543409407645479
-0.25433480425446026
-0.25323574856033276
-0.25213692717121611
-0.25103834026634808
-0.24993998802706885
-0.24884187063681348
-0.24774398828111241
-0.24664634114760092
-0.24554892942601592
-0.24445175330819807
-0.24335481298809533
-0.24225810866176384
-0.24116164052736752
-0.24006540878518565
-0.23896941363761245
-0.23787365528915069
-0.23677813394642278
-0.23568284981817286
-0.23458780311525576
-0.23349299405064880
-0.23239842283945983
-0.23130408969891622
-0.23020999484836993
-0.22911613850930040
-0.22802252090531064
-0.22692914226212971
-0.22583600280761926
-0.22474310277177809
-0.22365044238673831
-0.22255802188676646
-0.22146584150826434
-0.22037390148976904
-0.21928220207195923
-0.21819074349764966
-0.21709952601179575
-0.21600854986150128
-0.21491781529601092
-0.21382732256671108
-0.21273707192713204
-0.21164706363294675
-0.21055729794197919
-0.20946777511420475
-0.20837849541175182
-0.20728945909889379
-0.20620066644205615
-0.20511211770981674
-0.20402381317290594
-0.20293575310421211
-0.20184793777877963
-0.20076036747381135
-0.19967304246866988
-0.19858596304487539
-0.19749912948610787
-0.19641254207821127
-0.19532620110918572
-0.19424010686919271
-0.19315425965055905
-0.19206865974777221
-0.19098330745748265
-0.18989820307850436
-0.18881334691181778
-0.18772873926056924
-0.18664438043007020
-0.18556027072780473
-0.18447641046341923
-0.18339279994873084
-0.18230943949772360
-0.18122632942654851
-0.18014347005353240
-0.17906086169917551
-0.17797850468614781
-0.17689639933928655
-0.17581454598560961
-0.17473294495430833
-0.17365159657674750
-0.17257050118646178
-0.17148965911915551
-0.17040907071271374
-0.16932873630719250
-0.16824865624482307
-0.16716883087001352
-0.16608926052934952
-0.16500994557158899
-0.16393088634766390
-0.16285208321068201
-0.16177353651592813
-0.16069524662086684
-0.15961721388513897
-0.15853943867056541
-0.15746192134114323
-0.15638466226303951
-0.15530766180459787
-0.15423092033634103
-0.15315443823096819
-0.15207821586335993
-0.15100225361057001
-0.14992655185182832
-0.14885111096854578
-0.14777593134430927
-0.14670101336487892
-0.14562635741818936
-0.14455196389435468
-0.14347783318566726
-0.14240396568658670
-0.14133036179374556
-0.14025702190595635
-0.13918394642420620
-0.13811113575165559
-0.13703859029363982
-0.13596631045766841
-0.13489429665342423
-0.13382254929276219
-0.13275106878970722
-0.13167985556045167
-0.13060891002336122
-0.12953823259896949
-0.12846782370997828
-0.12739768378126454
-0.12632781323987163
-0.12525821251501251
-0.12418888203807001
-0.12311982224259850
-0.12205103356431710
-0.12098251644110447
-0.11991427131300655
-0.11884629862223432
-0.11777859881316637
-0.11671117233233586
-0.11564401962844016
-0.11457714115233836
-0.11351053735704948
-0.11244420869775378
-0.11137815563178935
-0.11031237861864909
-0.10924687811998546
-0.10818165459960066
-0.10711670852345073
-0.10605204035964777
-0.10498765057845640
-0.10392353965228592
-0.10285970805569301
-0.10179615626539344
-0.10073288476024951
-9.9669894021267025E-002
-9.8607184531602013E-002
-9.7544756776550209E-002
-9.6482611243546956E-002
-9.5420748422164456E-002
-9.4359168804116045E-002
-9.3297872883251962E-002
-9.2236861155557612E-002
-9.1176134119162464E-002
-9.0115692274323561E-002
-8.9055536123433643E-002
-8.7995666171012316E-002
-8.6936082923713937E-002
-8.5876786890318704E-002
-8.4817778581733963E-002
-8.3759058510991843E-002
-8.2700627193245127E-002
-8.1642485145765137E-002
-8.0584632887951882E-002
-7.9527070941325773E-002
-7.8469799829521833E-002
-7.7412820078288466E-002
-7.6356132215482833E-002
-7.5299736771069090E-002
-7.4243634277121870E-002
-7.3187825267824885E-002
-7.2132310279462361E-002
-7.1077089850427350E-002
-7.0022164521210725E-002
-6.8967534834406555E-002
-6.7913201334705464E-002
-6.6859164568898607E-002
-6.5805425085866329E-002
-6.4751983436568808E-002
-6.3698840174066337E-002
-6.2645995853504291E-002
-6.1593451032117559E-002
-6.0541206269224886E-002
-5.9489262126222527E-002
-5.8437619166578497E-002
-5.7386277955837943E-002
-5.6335239061624555E-002
-5.5284503053633395E-002
-5.4234070503629252E-002
-5.3183941985440630E-002
-5.2134118074963341E-002
-5.1084599350156502E-002
-5.0035386391036926E-002
-4.8986479779671535E-002
-4.7937880100183419E-002
-4.6889587938753162E-002
-4.5841603883609104E-002
-4.4793928525028046E-002
-4.3746562455326411E-002
-4.2699506268865851E-002
-4.1652760562052360E-002
-4.0606325933314931E-002
-3.9560202983113864E-002
-3.8514392313942866E-002
-3.7468894530325515E-002
-3.6423710238812947E-002
-3.5378840047975431E-002
-3.4334284568399202E-002
-3.3290044412684600E-002
-3.2246120195442436E-002
-3.1202512533292280E-002
-3.0159222044869486E-002
-2.9116249350811526E-002
-2.8073595073754787E-002
-2.7031259838335032E-002
-2.5989244271188202E-002
-2.4947549000944529E-002
-2.3906174658211692E-002
-2.2865121875578358E-002
-2.1824391287625488E-002
-2.0783983530910238E-002
-1.9743899243953051E-002
-1.8704139067251446E-002
-1.7664703643274222E-002
-1.6625593616454659E-002
-1.5586809633189888E-002
-1.4548352341841988E-002
-1.3510222392724156E-002
-1.2472420438095209E-002
-1.1434947132168645E-002
-1.0397803131103250E-002
-9.3609890929997608E-003
-8.3245056778905296E-003
-7.2883535477373173E-003
-6.2525333664404477E-003
-5.2170457998242780E-003
-4.1818915156294273E-003
-3.1470711835171047E-003
-2.1125854750709853E-003
-1.0784350637875154E-003
-4.4620625064327978E-005
9.8885716379551263E-004
2.0219976235890903E-003
3.0548000732178058E-003
4.0872638296919122E-003
5.1193882081411431E-003
6.1511725217983345E-003
7.1826160820195033E-003
8.2137181982875566E-003
9.2444781782159390E-003
1.0274895327546898E-002
1.1304968950157450E-002
1.2334698348067181E-002
1.3364082821441824E-002
1.4393121668594961E-002
1.5421814185990704E-002
1.6450159668255505E-002
1.7478157408178291E-002
1.8505806696708565E-002
1.9533106822973528E-002
2.0560057074267658E-002
2.1586656736067380E-002
2.2612905092037016E-002
2.3638801424035887E-002
2.4664345012112329E-002
2.5689535134503411E-002
2.6714371067663098E-002
2.7738852086244398E-002
2.8762977463104220E-002
2.9786746469317268E-002
3.0810158374179018E-002
3.1833212445210417E-002
3.2855907948159783E-002
3.3878244147020897E-002
3.4900220304032954E-002
3.5921835679671520E-002
3.6943089532661018E-002
3.7963981119977293E-002
3.8984509696854130E-002
4.0004674516791197E-002
4.1024474831565683E-002
4.2043909891227124E-002
4.3062978944105143E-002
4.4081681236810694E-002
4.5100016014247978E-002
4.6117982519614076E-002
4.7135579994411557E-002
4.8152807678442662E-002
4.9169664809816278E-002
5.0186150624962372E-002
5.1202264358627132E-002
5.2218005243875931E-002
5.3233372512119126E-002
5.4248365393112938E-002
5.5262983114952410E-002
5.6277224904077459E-002
5.7291089985279271E-002
5.8304577581714867E-002
5.9317686914899352E-002
6.0330417204709705E-002
6.1342767669406439E-002
6.2354737525631067E-002
6.3366325988414199E-002
6.4377532271182314E-002
6.5388355585761532E-002
6.6398795142387959E-002
6.7408850149697552E-002
6.8418519814746184E-002
6.9427803343011310E-002
7.0436699938390690E-002
7.1445208803217572E-002
7.2453329138263509E-002
7.3461060142752249E-002
7.4468401014354910E-002
7.5475350949196232E-002
7.6481909141865159E-002
7.7488074785419372E-002
7.8493847071388193E-002
7.9499225189784042E-002
8.0504208329103710E-002
8.1508795676340312E-002
8.2512986416978656E-002
8.3516779735015770E-002
8.4520174812973678E-002
8.5523170831882475E-002
8.6525766971290247E-002
8.7527962409292226E-002
8.8529756322526326E-002
8.9531147886167520E-002
9.0532136273938690E-002
9.1532720658118918E-002
9.2532900209549698E-002
9.3532674097654714E-002
9.4532041490431706E-002
9.5531001554459066E-002
9.6529553454896361E-002
9.7527696355513907E-002
9.8525429418682059E-002
9.9522751805370069E-002
0.10051966267517048
0.10151616118629248
0.10251224649556920
0.10350791775847611
0.10450317412913897
0.10549801476033738
0.10649243880349815
0.10748644540871033
0.10848003372474374
0.10947320289903630
0.11046595207772726
0.11145828040563910
0.11245018702628497
0.11344167108189145
0.11443273171339009
0.11542336806043735
0.11641357926142495
0.11740336445347466
0.11839272277244445
0.11938165335294813
0.12037015532835477
0.12135822783079440
0.12234586999116258
0.12333308093913778
0.12431985980319508
0.12530620571059722
0.12629211778739366
0.12727759515845805
0.12826263694748360
0.12924724227697901
0.13023141026827623
0.13121514004154539
0.13219843071581253
0.13318128140894867
0.13416369123768929
0.13514565931764574
0.13612718476332494
0.13710826668811793
0.13808890420429215
0.13906909642300266
0.14004884245430166
0.14102814140717310
0.14200699238953526
0.14298539450822953
0.14396334686903209
0.14494084857666337
0.14591789873479885
0.14689449644607852
0.14787064081210030
0.14884633093345739
0.14982156590973769
0.15079634483952126
0.15177066682037513
0.15274453094887880
0.15371793632062022
0.15469088203022621
0.15566336717136525
0.15663539083675745
0.15760695211818046
0.15857805010647588
0.15954868389154947
0.16051885256237416
0.16148855520701810
0.16245779091263002
0.16342655876547002
0.16439485785090019
0.16536268725339340
0.16633004605656299
0.16729693334316081
0.16826334819508587
0.16922928969338530
0.17019475691827321
0.17115974894913447
0.17212426486454291
0.17308830374225595
0.17405186465921266
0.17501494669155029
0.17597754891464748
0.17693967040310948
0.17790131023075945
0.17886246747064874
0.17982314119507573
0.18078333047558778
0.18174303438300593
0.18270225198745590
0.18366098235834391
0.18461922456437319
0.18557697767355619
0.18653424075319747
0.18749101286992342
0.18844729308969119
0.18940308047779367
0.19035837409886402
0.19131317301688133
0.19226747629520113
0.19322128299654728
0.19417459218303504
0.19512740291615924
0.19607971425681447
0.19703152526531698
0.19798283500142846
0.19893364252434945
0.19988394689272579
0.20083374716463820
0.20178304239761888
0.20273183164865982
0.20368011397422456
0.20462788843026872
0.20557515407225935
0.20652190995518080
0.20746815513351186
0.20841388866124444
0.20935910959189910
0.21030381697854666
0.21124800987382106
0.21219168732990601
0.21313484839856675
0.21407749213116345
0.21501961757864682
0.21596122379156277
0.21690230982007258
0.21784287471395758
0.21878291752262946
0.21972243729513735
0.22066143308017802
0.22159990392611281
0.22253784888096245
0.22347526699243001
0.22441215730792091
0.22534851887452428
0.22628435073901329
0.22721965194786764
0.22815442154729465
0.22908865858325050
0.23002236210143692
0.23095553114733613
0.23188816476620341
0.23282026200306918
0.23375182190273522
0.23468284350981397
0.23561332586873091
0.23654326802372147
0.23747266901885225
0.23840152789802643
0.23932984370498550
0.24025761548332497
0.24118484227653519
0.24211152312798034
0.24303765708091835
0.24396324317851487
0.24488828046383115
0.24581276797984281
0.24673670476944071
0.24766008987544905
0.24858292234066259
0.24950520120782677
0.25042692551964740
0.25134809431882155
0.25226870664803241
0.25318876154996883
0.25410825806730919
0.25502719524273454
0.25594557211897062
0.25686338773878586
0.25778064114502064
0.25869733138056916
0.25961345748840342
0.26052901851157106
0.26144401349320784
0.26235844147656706
0.26327230150502701
0.26418559262210506
0.26509831387142563
0.26601046429676500
0.26692204294207722
0.26783304885145232
0.26874348106915935
0.26965333863966057
0.27056262060760522
0.27147132601786567
0.27237945391553953
0.27328700334596628
0.27419397335472617
0.27510036298763907
0.27600617129077820
0.27691139731047326
0.27781604009333755
0.27872009868626890
0.27962357213648570
0.28052645949152283
0.28142875979925996
0.28233047210789275
0.28323159546595683
0.28413212892237133
0.28503207152642285
0.28593142232778607
0.28683018037649660
0.28772834472298137
0.28862591441808189
0.28952288851306385
0.29041926605965657
0.29131504611002790
0.29221022771680233
0.29310480993307975
0.29399879181240895
0.29489217240881777
0.29578495077684686
0.29667712597154117
0.29756869704845995
0.29845966306370547
0.29935002307391484
0.30023977613628317
0.30112892130857472
0.30201745764912297
0.30290538421683638
0.30379270007122061
0.30467940427237339
0.30556549588101950
0.30645097395851079
0.30733583756682570
0.30822008576860704
0.30910371762715366
0.30998673220643747
0.31086912857109356
0.31175090578646741
0.31263206291861051
0.31351259903426965
0.31439251320094946
0.31527180448691305
0.31615047196113344
0.31702851469333687
0.31790593175403703
0.31878272221451892
0.31965888514686669
0.32053441962398183
0.32140932471958084
0.32228359950821972
0.32315724306526000
0.32403025446688888
0.32490263279017584
0.32577437711306850
0.32664548651439707
0.32751596007387007
0.32838579687208197
0.32925499599054642
0.33012355651172570
0.33099147751902891
0.33185875809678322
0.33272539733027723
0.33359139430575979
0.33445674811043397
0.33532145783249395
0.33618552256117212
0.33704894138671426
0.33791171340036563
0.33877383769439928
0.33963531336213459
0.34049613949795199
0.34135631519731768
0.34221583955677343
0.34307471167395398
0.34393293064759212
0.34479049557751335
0.34564740556463264
0.34650365971100272
0.34735925711983129
0.34821419689547517
0.34906847814345282
0.34992209997045098
0.35077506148433740
0.35162736179418469
0.35247900001029769
0.35332997524419069
0.35418028660859791
0.35502993321750176
0.35587891418613005
0.35672722863099798
0.35757487566990759
0.35842185442194285
0.35926816400746453
0.36011380354811789
0.36095877216688343
0.36180306898806847
0.36264669313732167
0.36348964374163845
0.36433191992936587
0.36517352083020010
0.36601444557522239
0.36685469329692200
0.36769426312922554
0.36853315420748473
0.36937136566844353
0.37020889665025031
0.37104574629252196
0.37188191373631024
0.37271739812415783
0.37355219860009237
0.37438631430965169
0.37521974439986716
0.37605248801926500
0.37688454431790702
0.37771591244738384
0.37854659156084380
0.37937658081295550
0.38020587935994649
0.38103448635964182
0.38186240097142932
0.38268962235632975
0.38351614967697084
0.38434198209760456
0.38516711878409526
0.38599155890393760
0.38681530162630007
0.38763834612200021
0.38846069156352214
0.38928233712502153
0.39010328198236055
0.39092352531311136
0.39174306629655409
0.39256190411368563
0.39338003794725812
0.39419746698177183
0.39501419040347641
0.39583020740036662
0.39664551716220692
0.39746011888053101
0.39827401174868243
0.39908719496184231
0.39989966771702812
0.40071142921307840
0.40152247865067042
0.40233281523232406
0.40314243816242984
0.40395134664723487
0.40475953989486690
0.40556701711536269
0.40637377752065268
0.40717982032453864
0.40798514474273917
0.40878974999293155
0.40959363529473775
0.41039679986970978
0.41119924294136340
0.41200096373519496
0.41280196147871229
0.41360223540141672
0.41440178473477152
0.41520060871224235
0.41599870656935090
0.41679607754367043
0.41759272087477023
0.41838863580429619
0.41918382157598150
0.41997827743563060
0.42077200263113601
0.42156499641247996
0.42235725803176172
0.42314878674317979
0.42393958180306729
0.42472964246989581
0.42551896800425676
0.42630755766891709
0.42709541072880863
0.42788252645099328
0.42866890410471414
0.42945454296142788
0.43023944229479716
0.43102360138068485
0.43180701949715106
0.43258969592449353
0.43337162994526551
0.43415282084429019
0.43493326790861730
0.43571297042756585
0.43649192769274536
0.43727013899806827
0.43804760363973860
0.43882432091625106
0.43960029012840135
0.44037551057932944
0.44114998157453417
0.44192370242186191
0.44269667243151917
0.44346889091606612
0.44424035719042004
0.44501107057190126
0.44578103038023853
0.44655023593751803
0.44731868656824175
0.44808638159934377
0.44885332036018594
0.44961950218257779
0.45038492640077543
0.45114959235148205
0.45191349937385494
0.45267664680956199
0.45343903400273528
0.45420066030000428
0.45496152505049786
0.45572162760585783
0.45648096732025883
0.45723954355038576
0.45799735565544553
0.45875440299722237
0.45951068494004960
0.46026620085084424
0.46102095009907268
0.46177493205679865
0.46252814609867432
0.46328059160194640
0.46403226794648184
0.46478317451476392
0.46553331069190668
0.46628267586565908
0.46703126942642909
0.46777909076726876
0.46852613928389308
0.46927241437471251
0.47001791544081600
0.47076264188597555
0.47150659311664572
0.47224976854198175
0.47299216757383999
0.47373378962680179
0.47447463411817281
0.47521470046798808
0.47595398809903255
0.47669249643682621
0.47743022490965858
0.47816717294857480
0.47890333998740497
0.47963872546276737
0.48037332881406197
0.48110714948349448
0.48184018691612884
0.48257244055985726
0.48330390986537897
0.48403459428623485
0.48476449327878707
0.48549360630224203
0.48622193281866072
0.48694947229297580
0.48767622419297479
0.48840218798935575
0.48912736315568189
0.48985174916841295
0.49057534550689830
0.49129815165342233
0.49202016709322138
0.49274139131443545
0.49346182380813813
0.49418146406831964
0.49490031159190284
0.49561836587877861
0.49633562643179630
0.49705209275676576
0.49776776436246711
0.49848264076068166
0.49919672146617600
0.49991000599671664
0.50062249387307922
0.50133418461904777
0.50204507776142915
0.50275517283007309
0.50346446935783951
0.50417296688065183
0.50488066493749506
0.50558756307038966
0.50629366082442839
0.50699895774779391
0.50770345339173562
0.50840714731057823
0.50911003906173857
0.50981212820572219
0.51051341430616248
0.51121389692981223
0.51191357564653572
0.51261245002933564
0.51331051965435337
0.51400778410086279
0.51470424295128003
0.51539989579113921
0.51609474220912410
0.51678878179710996
0.51748201415014050
0.51817443886643211
0.51886605554735843
0.51955686379746890
0.52024686322453906
0.52093605343957228
0.52162443405676318
0.52231200469350192
0.52299876497039977
0.52368471451129572
0.52436985294325322
0.52505417989657144
0.52573769500480183
0.52642039790476214
0.52710228823651684
0.52778336564338579
0.52846362977195838
0.52914308027206614
0.52982171679681944
0.53049953900260027
0.53117654654908730
0.53185273909928588
0.53252811631951524
0.53320267787936770
0.53387642345176989
0.53454935271293547
0.53522146534239723
0.53589276102302763
0.53656323944104833
0.53723290028602488
0.53790174325085716
0.53856976803177337
0.53923697432834639
0.53990336184351428
0.54056893028355035
0.54123367935810851
0.54189760878020954
0.54256071826626706
0.54322300753610031
0.54388447631288928
0.54454512432320845
0.54520495129704238
0.54586395696779344
0.54652214107231178
0.54717950335081578
0.54783604354694782
0.54849176140778033
0.54914665668379226
0.54980072912888256
0.55045397850037747
0.55110640455904314
0.55175800706910616
0.55240878579824482
0.55305874051759019
0.55370787100173147
0.55435617702871831
0.55500365838009158
0.55565031484080363
0.55629614619927836
0.55694115224742780
0.55758533278061384
0.55822868759769739
0.55887121650103511
0.55951291929648639
0.56015379579343050
0.56079384580474811
0.56143306914682889
0.56207146563956201
0.56270903510633619
0.56334577737405744
0.56398169227316397
0.56461677963761570
0.56525103930487774
0.56588447111593831
0.56651707491532077
0.56714885055109077
0.56777979787483801
0.56840991674168795
0.56903920701031696
0.56966766854294371
0.57029530120533323
0.57092210486682415
0.57154807940030439
0.57217322468222742
0.57279754059261678
0.57342102701509112
0.57404368383682580
0.57466551094860219
0.57528650824477423
0.57590667562325781
0.57652601298552986
0.57714452023662977
0.57776219728520739
0.57837904404351470
0.57899506042740623
0.57961024635632652
0.58022460175334567
0.58083812654515232
0.58145082066203368
0.58206268403784378
0.58267371661000100
0.58328391831955717
0.58389328911121863
0.58450182893327540
0.58510953773764074
0.58571641547986286
0.58632246211910199
0.58692767761813835
0.58753206194338992
0.58813561506488177
0.58873833695627131
0.58934022759485449
0.58994128696160242
0.59054151504112917
0.59114091182167794
0.59173947729508580
0.59233721145680263
0.59293411430592158
0.59353018584521000
0.59412542608107577
0.59471983502359482
0.59531341268649229
0.59590615908713496
0.59649807424655299
0.59708915818942976
0.59767941094412036
0.59826883254260843
0.59885742302053169
0.59944518241720002
0.60003211077556962
0.60061820814227429
0.60120347456762002
0.60178791010555932
0.60237151481371642
0.60295428875338508
0.60353623198952244
0.60411734459073618
0.60469762662929682
0.60527707818117327
0.60585569932599670
0.60643349014706882
0.60701045073136184
0.60758658116953868
0.60816188155589923
0.60873635198839338
0.60930999256866736
0.60988280340203671
0.61045478459749403
0.61102593626773183
0.61159625852911537
0.61216575150167796
0.61273441530912487
0.61330225007884753
0.61386925594192521
0.61443543303309811
0.61500078149074133
0.61556530145690280
0.61612899307732427
0.61669185650142966
0.61725389188231827
0.61781509937677126
0.61837547914526503
0.61893503135195316
0.61949375616465907
0.62005165375487847
0.62060872429777914
0.62116496797222787
0.62172038496078275
0.62227497544963295
0.62282873962863783
0.62338167769134278
0.62393378983495573
0.62448507626034888
0.62503553717208971
0.62558517277842873
0.62613398329124781
0.62668196892608075
0.62722912990213286
0.62777546644230298
0.62832097877314208
0.62886566712484859
0.62940953173128245
0.62995257282995409
0.63049479066203984
0.63103618547242102
0.63157675750965503
0.63211650702594679
0.63265543427715765
0.63319353952282420
0.63373082302614148
0.63426728505393182
0.63480292587668163
0.63533774576852653
0.63587174500723820
0.63640492387426550
0.63693728265470684
0.63746882163728968
0.63799954111437585
0.63852944138199808
0.63905852273981878
0.63958678549115067
0.64011422994292910
0.64064085640569901
0.64116666519367438
0.64169165662470773
0.64221583102029711
0.64273918870555369
0.64326173000919751
0.64378345526355107
0.64430436480459674
0.64482445897194141
0.64534373810877932
0.64586220256193072
0.64637985268182763
0.64689668882252405
0.64741271134168421
0.64792792060059279
0.64844231696414345
0.64895590080083332
0.64946867248273310
0.64998063238552128
0.65049178088849291
0.65100211837452715
0.65151164523007021
0.65202036184516854
0.65252826861345525
0.65303536593216360
0.65354165420210197
0.65404713382766355
0.65455180521682221
0.65505566878114729
0.65555872493576706
0.65606097409936026
0.65656241669417337
0.65706305314602054
0.65756288388426909
0.65806190934186171
0.65856012995528046
0.65905754616455758
0.65955415841326548
0.66004996714853426
0.66054497282103086
0.66103917588494421
0.66153257679797728
0.66202517602135458
0.66251697401983911
0.66300797126174316
0.66349816821890728
0.66398756536670001
0.66447616318399705
0.66496396215314646
0.66545096276000848
0.66593716549396331
0.66642257084790757
0.66690717931822863
0.66739099140479641
0.66787400761096227
0.66835622844355258
0.66883765441289622
0.66931828603279786
0.66979812382053605
0.67027716829683814
0.67075541998590615
0.67123287941541110
0.67170954711649911
0.67218542362375844
0.67266050947523093
0.67313480521237734
0.67360831138010124
0.67408102852673502
0.67455295720402342
0.67502409796714458
0.67549445137470965
0.67596401798876005
0.67643279837475723
0.67690079310157503
0.67736800274152931
0.67783442787032011
0.67830006906708196
0.67876492691436086
0.67922900199808012
0.67969229490753102
0.68015480623537838
0.68061653657766774
0.68107748653385214
0.68153765670674804
0.68199704770250880
0.68245566013064618
0.68291349460402184
0.68337055173887562
0.68382683215475470
0.68428233647453429
0.68473706532445022
0.68519101933407089
0.68564419913630892
0.68609660536741868
0.68654823866697356
0.68699909967784989
0.68744918904619867
0.68789850742145209
0.68834705545633246
0.68879483380683970
0.68924184313229053
0.68968808409530380
0.69013355736180160
0.69057826360097418
0.69102220348523791
0.69146537769028038
0.69190778689506127
0.69234943178178010
0.69279031303588490
0.69323043134607143
0.69366978740425245
0.69410838190555313
0.69454621554834084
0.69498328903419315
0.69541960306793682
0.69585515835759060
0.69628995561436602
0.69672399555263587
0.69715727888996148
0.69758980634710011
0.69802157864802861
0.69845259651991209
0.69888286069306782
0.69931237190098594
0.69974113088032930
0.70016913837090233
0.70059639511564442
0.70102290186062455
0.70144865935505951
0.70187366835130438
0.70229792960484594
0.70272144387426883
0.70314421192125787
0.70356623451058464
0.70398751241014568
0.70440804639091159
0.70482783722692821
0.70524688569537175
0.70566519257649485
0.70608275865361492
0.70649958471311725
0.70691567154440937
0.70733101993993841
0.70774563069522189
0.70815950460883570
0.70857264248235308
0.70898504512036087
0.70939671333047094
0.70980764792331241
0.71021784971253554
0.71062731951479030
0.71103605814972692
0.71144406644000358
0.71185134521123827
0.71225789529203842
0.71266371751400293
0.71306881271166678
0.71347318172251362
0.71387682538697073
0.71427974454839660
0.71468194005308572
0.71508341275027010
0.71548416349211508
0.71588419313369667
0.71628350253299700
0.71668209255092430
0.71707996405127006
0.71747711790072333
0.71787355496887217
0.71826927612817870
0.71866428225396695
0.71905857422442210
0.71945215292060827
0.71984501922643129
0.72023717402866150
0.72062861821690805
0.72101935268361739
0.72140937832403507
0.72179869603622027
0.72218730672102383
0.72257521128210744
0.72296241062594224
0.72334890566179399
0.72373469730172113
0.72411978646054820
0.72450417405585354
0.72488786100798486
0.72527084824005950
0.72565313667796993
0.72603472725032747
0.72641562088849077
0.72679581852655173
0.72717532110130478
0.72755412955225240
0.72793224482161556
0.72830966785431883
0.72868639959797321
0.72906244100287187
0.72943779302197842
0.72981245661095173
0.73018643272811812
0.73055972233446476
0.73093232639360350
0.73130424587178644
0.73167548173790475
0.73204603496347598
0.73241590652266531
0.73278509739225617
0.73315360855163769
0.73352144098278360
0.73388859567024456
0.73425507360116538
0.73462087576526880
0.73498600315484441
0.73535045676474653
0.73571423759239074
0.73607734663773761
0.73643978490330264
0.73680155339412412
0.73716265311773477
0.73752308508417885
0.73788285030601974
0.73824194979833091
0.73860038457869148
0.73895815566717449
0.73931526408634740
0.73967171086123307
0.74002749701935655
0.74038262359069207
0.74073709160767065
0.74109090210515527
0.74144405612045095
0.74179655469331973
0.74214839886589890
0.74249958968272900
0.74285012819079133
0.74320001543943670
0.74354925248040515
0.74389784036779449
0.74424578015809650
0.74459307291019405
0.74493971968533568
0.74528572154709483
0.74563107956141117
0.74597579479654941
0.74631986832311481
0.74666330121399671
0.74700609454442579
0.74734824939193978
0.74768976683637300
0.74803064795986685
0.74837089384682820
0.74871050558393870
0.74904948426014784
0.74938783096666262
0.74972554679697279
0.75006263284679442
0.75039909021405671
0.75073491999893849
0.75107012330385836
0.75140470123347014
0.75173865489463598
0.75207198539639797
0.75240469384998254
0.75273678136879352
0.75306824906838910
0.75339909806651884
0.75372932948307514
0.75405894444010624
0.75438794406180587
0.75471632947451417
0.75504410180669534
0.75537126218891903
0.75569781175389861
0.75602375163646385
0.75634908297353076
0.75667380690410624
0.75699792456929660
0.75732143711227273
0.75764434567828687
0.75796665141461883
0.75828835547061668
0.75860945899767218
0.75892996314918515
0.75924986908058645
0.75956917794934087
0.75988789091494469
0.76020600913889957
0.76052353378468196
0.76084046601771615
0.76115680700543453
0.76147255791725432
0.76178771992456595
0.76210229420069364
0.76241628192089606
0.76272968426240773
0.76304250240441396
0.76335473752803162
0.76366639081629228
0.76397746345414741
0.76428795662842108
0.76459787152782810
0.76490720934299394
0.76521597126643071
0.76552415849249955
0.76583177221742782
0.76613881363926040
0.76644528395790745
0.76675118437514223
0.76705651609453984
0.76736128032151718
0.76766547826331366
0.76796911112898614
0.76827218012936549
0.76857468647707117
0.76887663138649187
0.76917801607381031
0.76947884175695880
0.76977910965564345
0.77007882099133573
0.77037797698726129
0.77067657886835650
0.77097462786130178
0.77127212519451438
0.77156907209811332
0.77186546980392323
0.77216131954542389
0.77245662255780922
0.77275138007797473
0.77304559334447664
0.77333926359754812
0.77363239207908197
0.77392498003260968
0.77421702870330400
0.77450853933797104
0.77479951318504892
0.77508995149459214
0.77537985551827215
0.77566922650934789
0.77595806572269244
0.77624637441475486
0.77653415384356794
0.77682140526872867
0.77710812995138612
0.77739432915423523
0.77768000414150140
0.77796515617897510
0.77824978653400467
0.77853389647546056
0.77881748727373323
0.77910056020073082
0.77938311652985293
0.77966515753599419
0.77994668449550120
0.78022769868622477
0.78050820138748556
0.78078819388005927
0.78106767744618799
0.78134665336957454
0.78162512293533615
0.78190308743002535
0.78218054814162929
0.78245750635955069
0.78273396337459988
0.78300992047897400
0.78328537896627415
0.78356034013147979
0.78383480527092764
0.78410877568232029
0.78438225266471606
0.78465523751855315
0.78492773154562812
0.78519973604907511
0.78547125233336523
0.78574228170428495
0.78601282546893669
0.78628288493573295
0.78655246141440371
0.78682155621598482
0.78709017065278053
0.78735830603838963
0.78762596368765858
0.78789314491668416
0.78815985104283670
0.78842608338473374
0.78869184326221253
0.78895713199635831
0.78922195090949154
0.78948630132514963
0.78975018456807244
0.79001360196420922
0.79027655484069881
0.79053904452586088
0.79080107234919750
0.79106263964137979
0.79132374773427017
0.79158439796086100
0.79184459165527776
0.79210433015281057
0.79236361478990169
0.79262244690410610
0.79288082783410230
0.79313875891968377
0.79339624150172705
0.79365327692222221
0.79390986652425066
0.79416601165197265
0.79442171365063963
0.79467697386655733
0.79493179364709987
0.79518617434070527
0.79544011729685860
0.79569362386608333
0.79594669539992691
0.79619933325095571
0.79645153877273334
0.79670331331986766
0.79695465824796929
0.79720557491363842
0.79745606467445829
0.79770612888900871
0.79795576891683007
0.79820498611844870
0.79845378185536064
0.79870215749002049
0.79895011438581032
0.79919765390702713
0.79944477741889242
0.79969148628756537
0.79993778188012843
0.80018366556456710
0.80042913870977639
0.80067420268554312
0.80091885886253511
0.80116310861230233
0.80140695330726852
0.80165039432071272
0.80189343302677640
0.80213607080046279
0.80237830901763241
0.80262014905498635
0.80286159229004528
0.80310264010114729
0.80334329386745629
0.80358355496894029
0.80382342478637336
0.80406290470131347
0.80430199609611297
0.80454070035392977
0.80477901885869574
0.80501695299510478
0.80525450414862365
0.80549167370546482
0.80572846305258505
0.80596487357768798
0.80620090666920319
0.80643656371629291
0.80667184610884102
0.80690675523742872
0.80714129249334488
0.80737545926859144
0.80760925695586128
0.80784268694853123
0.80807575064065351
0.80830844942695423
0.80854078470282842
0.80877275786434599
0.80900437030823857
0.80923562343187527
0.80946651863326058
0.80969705731102881
0.80992724086444312
0.81015707069336462
0.81038654819827061
0.81061567478025998
0.81084445184103660
0.81107288078287909
0.81130096300867960
0.81152869992189558
0.81175609292656725
0.81198314342728450
0.81220985282919855
0.81243622253802172
0.81266225396001934
0.81288794850199730
0.81311330757129585
0.81333833257577837
0.81356302492382160
0.81378738602433198
0.81401141728671733
0.81423512012089083
0.81445849593727415
0.81468154614679100
0.81490427216085237
0.81512667539133532
0.81534875725057954
0.81557051915139178
0.81579196250704433
0.81601308873127154
0.81623389923823830
0.81645439544255072
0.81667457875923499
0.81689445060375987
0.81711401239201975
0.81733326554032293
0.81755221146538881
0.81777085158432972
0.81798918731466475
0.81820722007430324
0.81842495128153658
0.81864238235502329
0.81885951471379470
0.81907634977725985
0.81929288896519081
0.81950913369770451
0.81972508539526201
0.81994074547867546
0.82015611536909738
0.82037119648800516
0.82058599025720047
0.82080049809879863
0.82101472143522258
0.82122866168919995
0.82144232028375708
0.82165569864221821
0.82186879818821257
0.82208162034564847
0.82229416653870424
0.82250643819183589
0.82271843672976164
0.82293016357746918
0.82314162016019765
0.82335280790342480
0.82356372823287893
0.82377438257452695
0.82398477235456402
0.82419489899940701
0.82440476393570095
0.82461436859030723
0.82482371439028324
0.82503280276289792
0.82524163513561732
0.82545021293609733
0.82565853759217245
0.82586661053185506
0.82607443318334250
0.82628200697500220
0.82648933333536034
0.82669641369310232
0.82690324947706650
0.82710984211624694
0.82731619303976833
0.82752230367689372
0.82772817545700661
0.82793380980962394
0.82813920816438535
0.82834437195103849
0.82854930259944837
0.82875400153958767
0.82895847020152513
0.82916271001542052
0.82936672241151344
0.82957050882012806
0.82977407067166931
0.82997740939661746
0.83018052642551110
0.83038342318895420
0.83058610111760878
0.83078856164218917
0.83099080619345522
0.83119283620220752
0.83139465309927763
0.83159625831553263
0.83179765328187005
0.83199883942920827
0.83219981818847544
0.83240059099061414
0.83260115926656686
0.83280152444728262
0.83300168796370166
0.83320165124675005
0.83340141572734205
0.83360098283637007
0.83380035400470642
0.83399953066318766
0.83419851424261648
0.83439730617375596
0.83459590788732274
0.83479432081399030
0.83499254638437903
0.83519058602904861
0.83538844117849287
0.83558611326313692
0.83578360371333293
0.83598091395935736
0.83617804543139862
0.83637499955955574
0.83657177777384006
0.83676838150416144
0.83696481218033003
0.83716107123204886
0.83735716008891281
0.83755308018039976
0.83774883293585967
0.83794441978452061
0.83813984215548976
0.83833510147773405
0.83853019918008043
0.83872513669121207
0.83891991543966749
0.83911453685383042
0.83930900236192829
0.83950331339202289
0.83969747137200779
0.83989147772960693
0.84008533389237061
0.84027904128767439
0.84047260134270485
0.84066601548446707
0.84085928513976860
0.84105241173521994
0.84124539669722997
0.84143824145200108
0.84163094742552513
0.84182351604358452
0.84201594873173968
0.84220824691532137
0.84240041201943605
0.84259244546896339
0.84278434868854613
0.84297612310258341
0.84316777013523114
0.84335929121040043
0.84355068775174569
0.84374196118266687
0.84393311292630191
0.84412414440552475
0.84431505704293630
0.84450585226086816
0.84469653148137547
0.84488709612623170
0.84507754761692522
0.84526788737464931
0.84545811682030891
0.84564823737451289
0.84583825045756600
0.84602815748946836
0.84621795988991078
0.84640765907826698
0.84659725647359563
0.84678675349463561
0.84697615155980288
0.84716545208718430
0.84735465649453223
0.84754376619926231
0.84773278261844864
0.84792170716882276
0.84811054126676899
0.84829928632831897
0.84848794376914727
0.84867651500457053
0.84886500144954435
0.84905340451865441
0.84924172562611611
0.84942996618577393
0.84961812761109234
0.84980621131515321
0.84999421871065428
0.85018215120990281
0.85037001022481706
0.85055779716691893
0.85074551344732730
0.85093316047676193
0.85112073966553170
0.85130825242353803
0.85149570016026710
0.85168308428479012
0.85187040620575682
0.85205766733138966
0.85224486906948693
0.85243201282741565
0.85261910001210683
0.85280613203005295
0.85299311028730684
0.85318003618947491
0.85336691114171681
0.85355373654874045
0.85374051381479921
0.85392724434368683
0.85411392953873588
0.85430057080281274
0.85448716953831561
0.85467372714717238
0.85486024503083646
0.85504672459028297
0.85523316722600706
0.85541957433801930
0.85560594732584272
0.85579228758850934
0.85597859652455610
0.85616487553202392
0.85635112600845353
0.85653734935088111
0.85672354695583675
0.85690972021934153
0.85709587053690339
0.85728199930351545
0.85746810791365202
0.85765419776126495
0.85784027023978138
0.85802632674210000
0.85821236866058848
0.85839839738708046
0.85858441431287325
0.85877042082872435
0.85895641832484826
0.85914240819091381
0.85932839181604104
0.85951437058879865
0.85970034589720079
0.85988631912870417
0.86007229167020538
0.86025826490803803
0.86044424022796984
0.86063021901519965
0.86081620265435488
0.86100219252948840
0.86118819002407643
0.86137419652101521
0.86156021340261812
0.86174624205061290
0.86193228384613918
0.86211834016974609
0.86230441240138911
0.86249050192042676
0.86267661010561847
0.86286273833512306
0.86304888798649404
0.86323506043667908
0.86342125706201611
0.86360747923823000
0.86379372834043167
0.86398000574311540
0.86416631282015477
0.86435265094480196
0.86453902148968487
0.86472542582680223
0.86491186532752262
0.86509834136258135
0.86528485530207955
0.86547140851548054
0.86565800237160861
0.86584463823864444
0.86603131748412510
0.86621804147494108
0.86640481157733162
0.86659162915688370
0.86677849557852993
0.86696541220654655
0.86715238040455045
0.86733940153549705
0.86752647696168039
0.86771360804472630
0.86790079614559124
0.86808804262455963
0.86827534884124069
0.86846271615457260
0.86865014592281353
0.86883763950354531
0.86902519825366498
0.86921282352938467
0.86940051668622909
0.86958827907903435
0.86977611206194549
0.86996401698841497
0.87015199521119990
0.87034004808235832
0.87052817695324980
0.87071638317453381
0.87090466809616396
0.87109303306738950
0.87128147943675005
0.87147000855207390
0.87165862176047793
0.87184732040836366
0.87203610584141400
0.87222497940459642
0.87241394244215542
0.87260299629761495
0.87279214231377211
0.87298138183269669
0.87317071619573283
0.87336014674349238
0.87354967481585588
0.87373930175197079
0.87392902889024660
0.87411885756835317
0.87430878912322152
0.87449882489103947
0.87468896620725078
0.87487921440655247
0.87506957082289549
0.87526003678948028
0.87545061363875609
0.87564130270241580
0.87583210531139932
0.87602302279588817
0.87621405648530293
0.87640520770830577
0.87659647779279481
0.87678786806590436
0.87697937985400221
0.87717101448268686
0.87736277327678802
0.87755465756036666
0.87774666865670692
0.87793880788832512
0.87813107657695910
0.87832347604356420
0.87851600760831949
0.87870867259061980
0.87890147230907889
0.87909440808152484
0.87928748122499722
0.87948069305574783
0.87967404488923817
0.87986753804013917
0.88006117382233373
0.88025495354890726
0.88044887853214593
0.88064295008353999
0.88083716951378599
0.88103153813277557
0.88122605724959735
0.88142072817253747
0.88161555220907672
0.88181053066588300
0.88200566484881560
0.88220095606292759
0.88239640561246147
0.88259201480084115
0.88278778493068089
0.88298371730377934
0.88317981322111649
0.88337607398285245
0.88357250088832884
0.88376909523606584
0.88396585832375973
0.88416279144828647
0.88435989590569108
0.88455717299118797
0.88475462399916505
0.88495225022318214
0.88515005295596505
0.88534803348941515
0.88554619311459226
0.88574453312171442
0.88594305480017010
0.88614175943851126
0.88634064832444481
0.88653972274483872
0.88673898398572193
0.88693843333228162
0.88713807206886008
0.88733790147895375
0.88753792284520883
0.88773813744942032
0.88793854657253879
0.88813915149466294
0.88833995349503947
0.88854095385205978
0.88874215384325983
0.88894355474531828
0.88914515783405790
0.88934696438444405
0.88954897567058688
0.88975119296573280
0.88995361754226820
0.89015625067171122
0.89035909362472276
0.89056214767109843
0.89076541407976184
0.89096889411877112
0.89117258905531915
0.89137650015573011
0.89158062868545540
0.89178497590907313
0.89198954309028655
0.89219433149191851
0.89239934237592766
0.89260457700339790
0.89281003663453062
0.89301572252865069
0.89322163594420667
0.89342777813875784
0.89363415036898675
0.89384075389070317
0.89404758995882383
0.89425465982738195
0.89446196474953454
0.89466950597754946
0.89487728476280171
0.89508530235577621
0.89529356000607041
0.89550205896239754
0.89571080047257923
0.89591978578354126
0.89612901614131091
0.89633849279101985
0.89654821697690035
0.89675818994229950
0.89696841292966800
0.89717888718055594
0.89738961393560834
0.89760059443457707
0.89781182991632114
0.89802332161878973
0.89823507077902709
0.89844707863317819
0.89865934641649148
0.89887187536330038
0.89908466670703524
0.89929772168021205
0.89951104151444639
0.89972462744044823
0.89993848068801785
0.90015260248603657
0.90036699406247389
0.90058165664439815
0.90079659145796820
0.90101179972842449
0.90122728268009289
0.90144304153638699
0.90165907751980134
0.90187539185191523
0.90209198575338834
0.90230886044396019
0.90252601714245706
0.90274345706678005
0.90296118143391035
0.90317919145991699
0.90339748835995060
0.90361607334823324
0.90383494763806227
0.90405411244181544
0.90427356897094580
0.90449331843598024
0.90471336204652131
0.90493370101123793
0.90515433653787136
0.90537526983322758
0.90559650210319487
0.90581803455272336
0.90603986838582840
0.90626200480559826
0.90648444501418513
0.90670719021282187
0.90693024160180213
0.90715360038048787
0.90737726774731120
0.90760124489976157
0.90782553303439750
0.90805013334684392
0.90827504703177453
0.90850027528293420
0.90872581929312990
0.90895168025422912
0.90917785935716544
0.90940435779192408
0.90963117674754923
0.90985831741214540
0.91008578097286497
0.91031356861592416
0.91054168152660009
0.91077012088922238
0.91099888788718097
0.91122798370291791
0.91145740951792575
0.91168716651275039
0.91191725586699557
0.91214767875932257
0.91237843636744254
0.91260952986812593
0.91284096043718932
0.91307272924950023
0.91330483747896551
0.91353728629854514
0.91377007688024603
0.91400321039513188
0.91423668801331071
0.91447051090393394
0.91470468023520768
0.91493919717437089
0.91517406288771064
0.91540927854056364
0.91564484529730816
0.91588076432137322
0.91611703677522305
0.91635366382036643
0.91659064661734058
0.91682798632573959
0.91706568410421019
0.91730374111043045
0.91754215850111320
0.91778093743201228
0.91802007905792293
0.91825958453267809
0.91849945500914754
0.91873969163924007
0.91898029557390259
0.91922126796311854
0.91946260995590012
0.91970432270029379
0.91994640734337885
0.92018886503128139
0.92043169690914872
0.92067490412117103
0.92091848781058239
0.92116244911962875
0.92140678918960583
0.92165150916083816
0.92189661017267521
0.92214209336350828
0.92238795987076028
0.92263421083087283
0.92288084737932685
0.92312787065063018
0.92337528177831385
0.92362308189493647
0.92387127213208420
0.92411985362036819
0.92436882748942939
0.92461819486795083
0.92486795688364021
0.92511811466321781
0.92536866933243866
0.92561962201608350
0.92587097383795414
0.92612272592086675
0.92637487938666607
0.92662743535621717
0.92688039494940233
0.92713375928511987
0.92738752948129732
0.92764170665489520
0.92789629192189527
0.92815128639728517
0.92840669119507357
0.92866250742828504
0.92891873620896970
0.92917537864819999
0.92943243585606716
0.92968990894167325
0.92994779901315039
0.93020610717764751
0.93046483454131967
0.93072398220933028
0.93098355128587351
0.93124354287417010
0.93150395807644926
0.93176479799394041
0.93202606372688457
0.93228775637455719
0.93254987703524206
0.93281242680623055
0.93307540678381817
0.93333881806332097
0.93360266173906958
0.93386693890440098
0.93413165065167092
0.93439679807224618
0.93466238225649134
0.93492840429377888
0.93519486527249573
0.93546176628002720
0.93572910840278689
0.93599689272618281
0.93626512033464948
0.93653379231160472
0.93680290973948421
0.93707247369970004
0.93734248527270536
0.93761294553796704
0.93788385557393794
0.93815521645807765
0.93842702926684074
0.93869929507568861
0.93897201495909066
0.93924518999051709
0.93951882124243880
0.93979290978631413
0.94006745669262815
0.94034246303086588
0.94061792986949078
0.94089385827597238
0.94117024931679405
0.94144710405743148
0.94172442356235708
0.94200220889506125
0.94228046111801544
0.94255918129270488
0.94283837047959607
0.94311802973816772
0.94339816012689515
0.94367876270323781
0.94395983852365117
0.94424138864359120
0.94452341411749152
0.94480591599879382
0.94508889533993046
0.94537235319232615
0.94565629060640921
0.94594070863159851
0.94622560831630320
0.94651099070793265
0.94679685685287696
0.94708320779649380
0.94737004458314023
0.94765736825619684
0.94794517985802174
0.94823348042993738
0.94852227101227193
0.94881155264435568
0.94910132636449063
0.94939159320995581
0.94968235421703651
0.94997361042099515
0.95026536285608865
0.95055761255555460
0.95085036055160987
0.95114360787544361
0.95143735555725317
0.95173160462620454
0.95202635611043940
0.95232161103710711
0.95261737043231931
0.95291363532115059
0.95321040672767765
0.95350768567495225
0.95380547318502262
0.95410377027891557
0.95440257797662331
0.95470189729711807
0.95500172925835536
0.95530207487728014
0.95560293516980688
0.95590431115081220
0.95620620383414368
0.95650861423263434
0.95681154335808827
0.95711499222128282
0.95741896183196551
0.95772345319886854
0.95802846732969393
0.95833400523111689
0.95864006790879264
0.95894665636734655
0.95925377161037273
0.95956141464043587
0.95986958645906273
0.96017828806674177
0.96048752046294805
0.96079728464613334
0.96110758161369669
0.96141841236199876
0.96172977788638081
0.96204167918117478
0.96235411723966602
0.96266709305410247
0.96298060761568816
0.96329466191458757
0.96360925693992294
0.96392439367979343
0.96424007312124305
0.96455629625028771
0.96487306405191497
0.96519037751007053
0.96550823760766258
0.96582664532655804
0.96614560164756447
0.96646510755043458
0.96678516401389625
0.96710577201563896
0.96742693253229084
0.96774864653944881
0.96807091501167153
0.96839373892248348
0.96871711924434245
0.96904105694865883
0.96936555300578364
0.96969060838504106
0.97001622405470644
0.97034240098200530
0.97066914013310324
0.97099644247311412
0.97132430896610289
0.97165274057508566
0.97198173826204248
0.97231130298789348
0.97264143571250616
0.97297213739468147
0.97330340899215773
0.97363525146163621
0.97396766575876448
0.97430065283812350
0.97463421365322933
0.97496834915655195
0.97530306029949088
0.97563834803238125
0.97597421330450962
0.97631065706409104
0.97664768025828197
0.97698528383319561
0.97732346873387144
0.97766223590427359
0.97800158628729728
0.97834152082476833
0.97868204045744500
0.97902314612502284
0.97936483876612546
0.97970711931829668
0.98004998871803894
0.98039344790077054
0.98073749780083230
0.98108213935151434
0.98142737348503306
0.98177320113253419
0.98211962322408852
0.98246664068867551
0.98281425445419590
0.98316246544745045
0.98351127459417864
0.98386068281904371
0.98421069104563319
0.98456130019644772
0.98491251119292600
0.98526432495542116
0.98561674240321273
0.98596976445447948
0.98632339202631569
0.98667762603473630
0.98703246739466999
0.98738791701993522
0.98774397582325346
0.98810064471627035
0.98845792460954562
0.98881581641253791
0.98917432103362080
0.98953343938008143
0.98989317235810959
0.99025352087279761
0.99061448582814837
0.99097606812706440
0.99133826867138419
0.99170108836183657
0.99206452809805079
0.99242858877853268
0.99279327130070161
0.99315857656087891
0.99352450545428539
0.99389105887501239
0.99425823771607347
0.99462604286935541
0.99499447522564699
0.99536353567462310
0.99573322510483586
0.99610354440374083
0.99647449445768099
0.99684607615190313
0.99721829037053022
0.99759113799658683
0.99796461991198571
0.99833873699751863
0.99871349013285993
0.99908888019657638
0.99946490806610211
0.99984157461775491
1.0002188807267238
1.0005968272670782
1.0009754151117689
1.0013546451326041
1.0017345182002728
1.0021150351843437
1.0024961969532655
1.0028780043743555
1.0032604583137796
1.0036435596365894
1.0040273092067056
1.0044117078869252
1.0047967565389120
1.0051824560231770
1.0055688071990925
1.0059558109248945
1.0063434680576602
1.0067317794533401
1.0071207459667417
1.0075103684515381
1.0079006477602612
1.0082915847442899
1.0086831802538334
1.0090754351379649
1.0094683502446244
1.0098619264205944
1.0102561645115180
1.0106510653618845
1.0110466298150311
1.0114428587131166
1.0118397528971579
1.0122373132070146
1.0126355404813727
1.0130344355577676
1.0134339992725616
1.0138342324609602
1.0142351359570099
1.0146367105936003
1.0150389572024514
1.0154418766141087
1.0158454696579562
1.0162497371622092
1.0166546799539216
1.0170602988589670
1.0174665947020489
1.0178735683066751
1.0182812204951892
1.0186895520887742
1.0190985639074073
1.0195082567698541
1.0199186314937010
1.0203296888953770
1.0207414297901241
1.0211538549919950
1.0215669653138488
1.0219807615673469
1.0223952445629565
1.0228104151099549
1.0232262740164364
1.0236428220892935
1.0240600601342080
1.0244779889556983
1.0248966093571001
1.0253159221405270
1.0257359281068634
1.0261566280557943
1.0265780227857930
1.0270001130941424
1.0274228997768933
1.0278463836288800
1.0282705654437603
1.0286954460139750
1.0291210261307198
1.0295473065839753
1.0299742881625236
1.0304019716539163
1.0308303578444755
1.0312594475193078
1.0316892414622991
1.0321197404561031
1.0325509452821542
1.0329828567206334
1.0334154755505118
1.0338488025495218
1.0342828384941327
1.0347175841596215
1.0351530403200337
1.0355892077481543
1.0360260872155289
1.0364636794924533
1.0369019853479733
1.0373410055499028
1.0377807408648123
1.0382211920580091
1.0386623598935416
1.0391042451341983
1.0395468485415058
1.0399901708757346
1.0404342128959050
1.0408789753597820
1.0413244590238580
1.0417706646433804
1.0422175929723172
1.0426652447633473
1.0431136207678795
1.0435627217360499
1.0440125484167346
1.0444631015575463
1.0449143819047957
1.0453663902034900
1.0458191271973851
1.0462725936289745
1.0467267902394637
1.0471817177687504
1.0476373769554495
1.0480937685368859
1.0485508932490919
1.0490087518268056
1.0494673450034633
1.0499266735111996
1.0503867380808616
1.0508475394419965
1.0513090783228491
1.0517713554503521
1.0522343715501348
1.0526981273465121
1.0531626235624694
1.0536278609196954
1.0540938401385567
1.0545605619380907
1.0550280270360353
1.0554962361487690
1.0559651899913456
1.0564348892775046
1.0569053347196546
1.0573765270288791
1.0578484669149109
1.0583211550861642
1.0587945922497319
1.0592687791113387
1.0597437163753685
1.0602194047448619
1.0606958449215080
1.0611730376056523
1.0616509834962955
1.0621296832910958
1.0626091376863587
1.0630893473770311
1.0635703130567129
1.0640520354176104
1.0645345151505650
1.0650177529450511
1.0655017494891632
1.0659865054696425
1.0664720215718815
1.0669582984798816
1.0674453368762973
1.0679331374423942
1.0684217008580192
1.0689110278016516
1.0694011189503612
1.0698919749798264
1.0703835965643553
1.0708759843768698
1.0713691390888846
1.0718630613705171
1.0723577518905063
1.0728532113161799
1.0733494403134576
1.0738464395468372
1.0743442096794142
1.0748427513728644
1.0753420652874428
1.0758421520819921
1.0763430124139375
1.0768446469392723
1.0773470563125542
1.0778502411869311
1.0783542022141175
1.0788589400443891
1.0793644553265975
1.0798707487081451
1.0803778208349777
1.0808856723516265
1.0813943039011924
1.0819037161253213
1.0824139096642222
1.0829248851566553
1.0834366432399118
1.0839491845498148
1.0844625097207385
1.0849766193855841
1.0854915141757877
1.0860071947213288
1.0865236616507086
1.0870409155909460
1.0875589571675939
1.0880777870047300
1.0885974057249601
1.0891178139493949
1.0896390122976634
1.0901610013878880
1.0906837818366724
1.0912073542591236
1.0917317192688565
1.0922568774779982
1.0927828294971849
1.0933095759355524
1.0938371174007240
1.0943654544987811
1.0948945878343004
1.0954245180103490
1.0959552456284480
1.0964867712886042
1.0970190955893198
1.0975522191275655
1.0980861424987980
1.0986208662969288
1.0991563911143123
1.0996927175417597
1.1002298461685565
1.1007677775824414
1.1013065123695940
1.1018460511146424
1.1023863944006573
1.1029275428091616
1.1034694969201153
1.1040122573119024
1.1045558245613643
1.1051001992437568
1.1056453819327545
1.1061913732004560
1.1067381736173953
1.1072857837525329
1.1078342041732228
1.1083834354452597
1.1089334781328235
1.1094843327984953
1.1100360000032821
1.1105884803065671
1.1111417742661192
1.1116958824381156
1.1122508053771401
1.1128065436361565
1.1133630977665081
1.1139204683179273
1.1144786558385218
1.1150376608747690
1.1155974839715228
1.1161581256720112
1.1167195865178279
1.1172818670489157
1.1178449678035627
1.1184088893184054
1.1189736321284276
1.1195391967669677
1.1201055837657210
1.1206727936547172
1.1212408269623069
1.1218096842151837
1.1223793659383776
1.1229498726552660
1.1235212048875491
1.1240933631552465
1.1246663479767045
1.1252401598685631
1.1258147993457595
1.1263902669215551
1.1269665631075403
1.1275436884135992
1.1281216433479038
1.1287004284169218
1.1292800441254247
1.1298604909764562
1.1304417694713544
1.1310238801097594
1.1316068233895824
1.1321905998070152
1.1327752098565256
1.1333606540308185
1.1339469328208589
1.1345340467158802
1.1351219962033863
1.1357107817691519
1.1363004038971778
1.1368908630697205
1.1374821597672848
1.1380742944686033
1.1386672676506266
1.1392610797885283
1.1398557313557263
1.1404512228238768
1.1410475546628625
1.1416447273407699
1.1422427413238956
1.1428415970767483
1.1434412950620341
1.1440418357406663
1.1446432195717640
1.1452454470126416
1.1458485185188048
1.1464524345439515
1.1470571955399509
1.1476628019568440
1.1482692542428603
1.1488765528443907
1.1494846982059959
1.1500936907704049
1.1507035309785336
1.1513142192694676
1.1519257560804299
1.1525381418467848
1.1531513770020401
1.1537654619778774
1.1543803972041071
1.1549961831086590
1.1556128201176021
1.1562303086551251
1.1568486491435319
1.1574678420032456
1.1580878876528169
1.1587087865089023
1.1593305389862656
1.1599531454977772
1.1605766064543959
1.1612009222651942
1.1618260933373288
1.1624521200760218
1.1630790028846021
1.1637067421644798
1.1643353383151727
1.1649647917342587
1.1655951028173792
1.1662262719582275
1.1668582995485430
1.1674911859781425
1.1681249316348747
1.1687595369046377
1.1693950021713793
1.1700313278171031
1.1706685142218227
1.1713065617635783
1.1719454708184545
1.1725852417605545
1.1732258749619946
1.1738673707928937
1.1745097296213740
1.1751529518135724
1.1757970377336224
1.1764419877436398
1.1770878022037514
1.1777344814720918
1.1783820259047599
1.1790304358558639
1.1796797116774955
1.1803298537197078
1.1809808623305209
1.1816327378559044
1.1822854806397893
1.1829390910240642
1.1835935693485617
1.1842489159510565
1.1849051311672458
1.1855622153308010
1.1862201687733487
1.1868789918244238
1.1875386848114702
1.1881992480598478
1.1888606818928329
1.1895229866316070
1.1901861625952841
1.1908502101008782
1.1915151294632977
1.1921809209953314
1.1928475850076754
1.1935151218089113
1.1941835317054976
1.1948528150017734
1.1955229719999625
1.1961940030001532
1.1968659083002886
1.1975386881961609
1.1982123429814073
1.1988868729475166
1.1995622783838125
1.2002385595774523
1.2009157168134181
1.2015937503745107
1.2022726605413954
1.2029524475925737
1.2036331118043402
1.2043146534507698
1.2049970728037420
1.2056803701329299
1.2063645457058243
1.2070495997877346
1.2077355326417503
1.2084223445287550
1.2091100357073890
1.2097986064340742
1.2104880569630125
1.2111783875461817
1.2118695984332923
1.2125616898718026
1.2132546621069016
1.2139485153815559
1.2146432499365052
1.2153388660101929
1.2160353638388088
1.2167327436562811
1.2174310056942279
1.2181301501819854
1.2188301773466226
1.2195310874129366
1.2202328806034142
1.2209355571382350
1.2216391172352898
1.2223435611101539
1.2230488889760742
1.2237551010439742
1.2244621975224181
1.2251701786176308
1.2258790445335357
1.2265887954717127
1.2272994316313848
1.2280109532094377
1.2287233604003898
1.2294366533964265
1.2301508323873842
1.2308658975607172
1.2315818491014794
1.2322986871923733
1.2330164120137133
1.2337350237434124
1.2344545225569894
1.2351749086275561
1.2358961821258243
1.2366183432201079
1.2373413920763048
1.2380653288578625
1.2387901537257877
1.2395158668386774
1.2402424683526931
1.2409699584215597
1.2416983371965564
1.2424276048265110
1.2431577614578002
1.2438888072343197
1.2446207422975151
1.2453535667863567
1.2460872808373180
1.2468218845844223
1.2475573781592197
1.2482937616907495
1.2490310353055538
1.2497691991276594
1.2505082532785781
1.2512481978773022
1.2519890330403063
1.2527307588815477
1.2534733755124821
1.2542168830420100
1.2549612815764866
1.2557065712197426
1.2564527520730593
1.2571998242351348
1.2579477878021095
1.2586966428675885
1.2594463895226140
1.2601970278556347
1.2609485579525275
1.2617009798965861
1.2624542937684926
1.2632084996463546
1.2639635976056780
1.2647195877193540
1.2654764700576748
1.2662342446883048
1.2669929116762984
1.2677524710840919
1.2685129229714822
1.2692742673956261
1.2700365044110338
1.2707996340695533
1.2715636564203612
1.2723285715099728
1.2730943793822480
1.2738610800783756
1.2746286736368628
1.2753971600935170
1.2761665394814630
1.2769368118311213
1.2777079771702295
1.2784800355238068
1.2792529869141704
1.2800268313609116
1.2808015688809273
1.2815771994884122
1.2823537231947923
1.2831311400087440
1.2839094499361803
1.2846886529802921
1.2854687491415446
1.2862497384176508
1.2870316208035226
1.2878143962913051
1.2885980648703923
1.2893826265273776
1.2901680812460541
1.2909544290074249
1.2917416697896993
1.2925298035683144
1.2933188303159064
1.2941087500022597
1.2948995625943369
1.2956912680562800
1.2964838663494169
1.2972773574322380
1.2980717412603646
1.2988670177865980
1.2996631869608704
1.3004602487302608
1.3012582030389943
1.3020570498284301
1.3028567890370228
1.3036574206003266
1.3044589444510308
1.3052613605189392
1.3060646687309381
1.3068688690110268
1.3076739612802959
1.3084799454569389
1.3092868214562459
1.3100945891905709
1.3109032485693386
1.3117127994990254
1.3125232418831405
1.3133345756222590
1.3141468006139900
1.3149599167529886
1.3157739239309509
1.3165888220366124
1.3174046109557171
1.3182212905710413
1.3190388607623296
1.3198573214063543
1.3206766723768864
1.3214969135446724
1.3223180447774607
1.3231400659399666
1.3239629768938925
1.3247867774979394
1.3256114676077904
1.3264370470760751
1.3272635157523740
1.3280908734831891
1.3289191201119896
1.3297482554791678
1.3305782794220469
1.3314091917748929
1.3322409923688823
1.3330736810321020
1.3339072575895174
1.3347417218630069
1.3355770736713375
1.3364133128301876
1.3372504391521287
1.3380884524465995
1.3389273525199079
1.3397671391752326
1.3406078122126153
1.3414493714289504
1.3422918166179951
1.3431351475703244
1.3439793640733506
1.3448244659113211
1.3456704528653252
1.3465173247132598
1.3473650812298226
1.3482137221865409
1.3490632473517477
1.3499136564905772
1.3507649493649516
1.3516171257336014
1.3524701853520316
1.3533241279725174
1.3541789533441131
1.3550346612126309
1.3558912513206636
1.3567487234075446
1.3576070772093385
1.3584663124588727
1.3593264288856957
1.3601874262160676
1.3610493041729845
1.3619120624761576
1.3627757008419963
1.3636402189836361
1.3645056166109046
1.3653718934302936
1.3662390491449949
1.3671070834549086
1.3679759960565980
1.3688457866432897
1.3697164549048726
1.3705880005279016
1.3714604231956122
1.3723337225878645
1.3732078983811284
1.3740829502485339
1.3749588778598514
1.3758356808814565
1.3767133589763472
1.3775919118041786
1.3784713390211976
1.3793516402802344
1.3802328152306986
1.3811148635185970
1.3819977847865448
1.3828815786737421
1.3837662448159518
1.3846517828454972
1.3855381923912695
1.3864254730787209
1.3873136245298519
1.3882026463631927
1.3890925381938213
1.3899832996333330
1.3908749302898362
1.3917674297679692
1.3926607976688703
1.3935550335901976
1.3944501371261278
1.3953461078673304
1.3962429454009850
1.3971406493107492
1.3980392191767577
1.3989386545756162
1.3998389550803918
1.4007401202606129
1.4016421496822620
1.4025450429077770
1.4034487994960281
1.4043534190023386
1.4052589009784870
1.4061652449726632
1.4070724505294860
1.4079805171899860
1.4088894444916076
1.4097992319681838
1.4107098791499668
1.4116213855636015
1.4125337507321252
1.4134469741749782
1.4143610554079882
1.4152759939433646
1.4161917892896814
1.4171084409518426
1.4180259484311168
1.4189443112251325
1.4198635288278392
1.4207836007295427
1.4217045264168844
1.4226263053728141
1.4235489370766177
1.4244724210038961
1.4253967566265648
1.4263219434128551
1.4272479808272887
1.4281748683306976
1.4291026053801910
1.4300311914291601
1.4309606259272631
1.4318909083204219
1.4328220380508305
1.4337540145569518
1.4346868372735042
1.4356205056314488
1.4365550190580056
1.4374903769766680
1.4384265788071100
1.4393636239652476
1.4403015118632281
1.4412402419093822
1.4421798135082813
1.4431202260607148
1.4440614789636790
1.4450035716103746
1.4459465033901782
1.4468902736886453
1.4478348818875189
1.4487803273646844
1.4497266094942323
1.4506737276463848
1.4516216811875382
1.4525704694802395
1.4535200918831948
1.4544705477512452
1.4554218364353619
1.4563739572826144
1.4573269096362298
1.4582806928355585
1.4592353062160697
1.4601907491093526
1.4611470208430832
1.4621041207410501
1.4630620481231529
1.4640208023053598
1.4649803825997265
1.4659407883143960
1.4669020187536062
1.4678640732176353
1.4688269510028176
1.4697906514015611
1.4707551737023086
1.4717205171895642
1.4726866811438830
1.4736536648418788
1.4746214675561826
1.4755900885554596
1.4765595271043894
1.4775297824636888
1.4785008538900832
1.4794727406362922
1.4804454419510373
1.4814189570790453
1.4823932852610391
1.4833684257337585
1.4843443777299101
1.4853211404781566
1.4862987132031289
1.4872770951254253
1.4882562854616215
1.4892362834242425
1.4902170882217820
1.4911986990586796
1.4921811151353173
1.4931643356480468
1.4941483597891341
1.4951331867467781
1.4961188157051022
1.4971052458441312
1.4980924763398147
1.4990805063640300
1.5000693350845633
1.5010589616650947
1.5020493852652010
1.5030406050403804
1.5040326201419933
1.5050254297172911
1.5060190329094165
1.5070134288573676
1.5080086166959865
1.5090045955560061
1.5100013645639998
1.5109989228424163
1.5119972695095505
1.5129964036795411
1.5139963244623689
1.5149970309638494
1.5159985222856471
1.5170007975252613
1.5180038557760283
1.5190076961270946
1.5200123176633982
1.5210177194657268
1.5220239006106817
1.5230308601706424
1.5240385972137958
1.5250471108041177
1.5260564000013954
1.5270664638612095
1.5280773014349083
1.5290889117696085
1.5301012939081973
1.5311144468893356
1.5321283697474715
1.5331430615128037
1.5341585212112827
1.5351747478646272
1.5361917404903112
1.5372094981015263
1.5382280197072287
1.5392473043121124
1.5402673509166325
1.5412881585169569
1.5423097261049776
1.5433320526683170
1.5443551371903170
1.5453789786500292
1.5464035760222252
1.5474289282773643
1.5484550343816224
1.5494818932968677
1.5505095039806673
1.5515378653862542
1.5525669764625816
1.5535968361542993
1.5546274434017289
1.5556587971408782
1.5566908963034312
1.5577237398167194
1.5587573266037520
1.5597916555832221
1.5608267256695003
1.5618625357726039
1.5628990847981805
1.5639363716475276
1.5649743952175732
1.5660131544009044
1.5670526480857603
1.5680928751560095
1.5691338344911383
1.5701755249662848
1.5712179454522024
1.5722610948152940
1.5733049719175953
1.5743495756167389
1.5753949047659859
1.5764409582142080
1.5774877348058653
1.5785352333810170
1.5795834527753436
1.5806323918201328
1.5816820493422634
1.5827324241641996
1.5837835151040098
1.5848353209753718
1.5858878405875478
1.5869410727453743
1.5879950162492755
1.5890496698952470
1.5901050324748456
1.5911611027751993
1.5922178795790158
1.5932753616645809
1.5943335478057394
1.5953924367719183
1.5964520273281080
1.5975123182348541
1.5985733082482605
1.5996349961199798
1.6006973805972033
1.6017604604226825
1.6028242343347343
1.6038887010672027
1.6049538593494874
1.6060197079065184
1.6070862454587460
1.6081534707221770
1.6092213824083541
1.6102899792243388
1.6113592598726922
1.6124292230515231
1.6134998674544812
1.6145711917707362
1.6156431946849894
1.6167158748774431
1.6177892310238369
1.6188632617954346
1.6199379658590254
1.6210133418768740
1.6220893885067640
1.6231661044019932
1.6242434882113503
1.6253215385791284
1.6264002541451394
1.6274796335447088
1.6285596754086547
1.6296403783632771
1.6307217410303632
1.6318037620271957
1.6328864399665781
1.6339697734568046
1.6350537611016374
1.6361384015003739
1.6372236932478061
1.6383096349341892
1.6393962251452816
1.6404834624623281
1.6415713454620566
1.6426598727166886
1.6437490427939330
1.6448388542569550
1.6459293056644209
1.6470203955704701
1.6481121225247231
1.6492044850722885
1.6502974817537646
1.6513911111052286
1.6524853716582153
1.6535802619397522
1.6546757804723278
1.6557719257738961
1.6568686963579007
1.6579660907332681
1.6590641074043759
1.6601627448710787
1.6612620016287476
1.6623618761682140
1.6634623669757658
1.6645634725331846
1.6656651913177263
1.6667675218021205
1.6678704624545744
1.6689740117387966
1.6700781681139536
1.6711829300346672
1.6722882959510135
1.6733942643085491
1.6745008335483016
1.6756080021067916
1.6767157684160243
1.6778241309034574
1.6789330879920226
1.6800426381001170
1.6811527796416244
1.6822635110259101
1.6833748306578211
1.6844867369376846
1.6855992282613055
1.6867123030199502
1.6878259596003748
1.6889401963848247
1.6900550117510287
1.6911704040721833
1.6922863717169634
1.6934029130495452
1.6945200264295919
1.6956377102122469
1.6967559627481368
1.6978747823833746
1.6989941674595535
1.7001141163137643
1.7012346272786054
1.7023556986821473
1.7034773288479435
1.7045995160950520
1.7057222587380259
1.7068455550869182
1.7079694034472857
1.7090938021201876
1.7102187494021863
1.7113442435853505
1.7124702829572553
1.7135968658009946
1.7147239903951681
1.7158516550138820
1.7169798579267530
1.7181085973989203
1.7192378716910288
1.7203676790592382
1.7214980177552519
1.7226288860262917
1.7237602821151035
1.7248922042599724
1.7260246506947190
1.7271576196486722
1.7282911093466979
1.7294251180092046
1.7305596438521451
1.7316946850870107
1.7328302399208286
1.7339663065561728
1.7351028831911839
1.7362399680195533
1.7373775592305269
1.7385156550089083
1.7396542535350672
1.7407933529849458
1.7419329515300486
1.7430730473374640
1.7442136385698568
1.7453547233854627
1.7464962999380937
1.7476383663771544
1.7487809208476379
1.7499239614901145
1.7510674864407643
1.7522114938313638
1.7533559817892850
1.7545009484375076
1.7556463918946297
1.7567923102748637
1.7579387016880272
1.7590855642395549
1.7602328960305227
1.7613806951576276
1.7625289597132010
1.7636776877851925
1.7648268774572009
1.7659765268084742
1.7671266339139067
1.7682771968440452
1.7694282136650892
1.7705796824389202
1.7717316012230764
1.7728839680707751
1.7740367810308877
1.7751900381479635
1.7763437374622557
1.7774978770096959
1.7786524548219054
1.7798074689262060
1.7809629173456325
1.7821187980989233
1.7832751092005161
1.7844318486605730
1.7855890144849855
1.7867466046753713
1.7879046172290889
1.7890630501392273
1.7902219013946201
1.7913811689798460
1.7925408508752472
1.7937009450569266
1.7948614494967459
1.7960223621623350
1.7971836810171100
1.7983454040202760
1.7995075291268419
1.8006700542876168
1.8018329774492026
1.8029962965540125
1.8041600095402694
1.8053241143420142
1.8064886088891168
1.8076534911072717
1.8088187589180271
1.8099844102387819
1.8111504429827776
1.8123168550591036
1.8134836443727165
1.8146508088244595
1.8158183463110436
1.8169862547250648
1.8181545319550065
1.8193231758852568
1.8204921843961135
1.8216615553637854
1.8228312866603973
1.8240013761540022
1.8251718217085751
1.8263426211840295
1.8275137724362316
1.8286852733169994
1.8298571216741051
1.8310293153512980
1.8322018521883114
1.8333747300208594
1.8345479466806416
1.8357214999953817
1.8368953877888072
1.8380696078806469
1.8392441580866492
1.8404190362185970
1.8415942400843150
1.8427697674876791
1.8439456162286270
1.8451217841031606
1.8462982689033542
1.8474750684173618
1.8486521804294247
1.8498296027198795
1.8510073330651695
1.8521853692378452
1.8533637090065866
1.8545423501362117
1.8557212903876696
1.8569005275180615
1.8580800592806481
1.8592598834248608
1.8604399976963097
1.8616203998367786
1.8628010875842511
1.8639820586729117
1.8651633108331545
1.8663448417916066
1.8675266492711338
1.8687087309908441
1.8698910846660841
1.8710737080084570
1.8722565987258424
1.8734397545223993
1.8746231730985725
1.8758068521511133
1.8769907893730879
1.8781749824538849
1.8793594290792217
1.8805441269311551
1.8817290736880876
1.8829142670247760
1.8840997046123482
1.8852853841183062
1.8864713032065550
1.8876574595374034
1.8888438507675662
1.8900304745501872
1.8912173285348450
1.8924044103675599
1.8935917176908024
1.8947792481435033
1.8959669993610808
1.8971549689754408
1.8983431546149880
1.8995315539046336
1.9007201644658087
1.9019089839164780
1.9030980098711501
1.9042872399408934
1.9054766717333469
1.9066663028527282
1.9078561308998383
1.9090461534720826
1.9102363681634835
1.9114267725646819
1.9126173642629534
1.9138081408422245
1.9149990998830808
1.9161902389627876
1.9173815556552931
1.9185730475312481
1.9197647121580117
1.9209565470996608
1.9221485499170050
1.9233407181676037
1.9245330494057760
1.9257255411826173
1.9269181910460089
1.9281109965406302
1.9293039552079638
1.9304970645863133
1.9316903222108257
1.9328837256134965
1.9340772723231823
1.9352709598656106
1.9364647857633974
1.9376587475360594
1.9388528427000280
1.9400470687686664
1.9412414232522817
1.9424359036581309
1.9436305074904408
1.9448252322504211
1.9460200754362789
1.9472150345432337
1.9484101070635262
1.9496052904864376
1.9508005822983001
1.9519959799825077
1.9531914810195339
1.9543870828869467
1.9555827830594199
1.9567785790087475
1.9579744682038600
1.9591704481108374
1.9603665161929253
1.9615626699105508
1.9627589067213349
1.9639552240801073
1.9651516194389214
1.9663480902470689
1.9675446339510949
1.9687412479948132
1.9699379298193191
1.9711346768630056
1.9723314865615775
1.9735283563480666
1.9747252836528488
1.9759222659036593
1.9771193005256082
1.9783163849411947
1.9795135165703244
1.9807106928303240
1.9819079111359563
1.9831051688994341
1.9843024635304374
1.9854997924361293
1.9866971530211712
1.9878945426877401
1.9890919588355438
1.9902893988618371
1.9914868601614377
1.9926843401267424
1.9938818361477435
1.9950793456120450
1.9962768659048788
1.9974743944091213
1.9986719285053101
1.9998694655716598
2.0010670029840791
2.0022645381161874
2.0034620683393314
2.0046595910226013
2.0058571035328483
2.0070546032347010
2.0082520874905829
2.0094495536607297
2.0106469991032050
2.0118444211739179
2.0130418172266409
2.0142391846130265
2.0154365206826252
2.0166338227829019
2.0178310882592538
2.0190283144550278
2.0202254987115373
2.0214226383680809
2.0226197307619604
2.0238167732284982
2.0250137631010543
2.0262106977110448
2.0274075743879600
2.0286043904593805
2.0298011432509973
2.0309978300866303
2.0321944482882430
2.0333909951759614
2.0345874680680947
2.0357838642811528
2.0369801811298665
2.0381764159272020
2.0393725659843813
2.0405686286108975
2.0417646011145405
2.0429604808014088
2.0441562649759284
2.0453519509408773
2.0465475359974001
2.0477430174450313
2.0489383925817086
2.0501336587037944
2.0513288131060898
2.0525238530818632
2.0537187759228601
2.0549135789193262
2.0561082593600317
2.0573028145322896
2.0584972417219669
2.0596915382135026
2.0608857012899291
2.0620797282328991
2.0632736163227041
2.0644673628382888
2.0656609650572775
2.0668544202559862
2.0680477257094476
2.0692408786914305
2.0704338764744565
2.0716267163298276
2.0728193955276337
2.0740119113367759
2.0752042610249894
2.0763964418588619
2.0775884511038525
2.0787802860243212
2.0799719438835385
2.0811634219437094
2.0823547174659929
2.0835458277105245
2.0847367499364391
2.0859274814018893
2.0871180193640639
2.0883083610792097
2.0894985038026457
2.0906884447887886
2.0918781812911695
2.0930677105624640
2.0942570298545098
2.0954461364183241
2.0966350275041230
2.0978237003613494
2.0990121522386929
2.1002003803841061
2.1013883820448247
2.1025761544673931
2.1037636948976872
2.1049510005809369
2.1061380687617448
2.1073248966841045
2.1085114815914117
2.1096978207265060
2.1108839113316891
2.1120697506487263
2.1132553359188799
2.1144406643829416
2.1156257332812447
2.1168105398536836
2.1179950813397350
2.1191793549784892
2.1203633580086660
2.1215470876686355
2.1227305411964443
2.1239137158298225
2.1250966088062127
2.1262792173628049
2.1274615387365423
2.1286435701641504
2.1298253088821699
2.1310067521269596
2.1321878971347230
2.1333687411415347
2.1345492813833582
2.1357295150960671
2.1369094395154606
2.1380890518772988
2.1392683494173284
2.1404473293713036
2.1416259889750058
2.1428043254642630
2.1439823360749677
2.1451600180431072
2.1463373686047835
2.1475143849962373
2.1486910644538635
2.1498674042142416
2.1510434015141486
2.1522190535905841
2.1533943576808028
2.1545693110223367
2.1557439108530039
2.1569181544109499
2.1580920389346727
2.1592655616630303
2.1604387198352728
2.1616115106910585
2.1627839314704653
2.1639559794140162
2.1651276517627185
2.1662989457580801
2.1674698586421344
2.1686403876574696
2.1698105300472368
2.1709802830551781
2.1721496439256507
2.1733186099036508
2.1744871782348372
2.1756553461655521
2.1768231109428422
2.1779904698144965
2.1791574200290573
2.1803239588358516
2.1814900834849800
2.1826557912273672
2.1838210793147987
2.1849859449999278
2.1861503855362954
2.1873143981783665
2.1884779801815579
2.1896411288022546
2.1908038412978201
2.1919661149266103
2.1931279469480169
2.1942893346224932
2.1954502752115728
2.1966107659778777
2.1977708041851658
2.1989303870983452
2.2000895119834905
2.2012481761078679
2.2024063767399822
2.2035641111495909
2.2047213766077243
2.2058781703867023
2.2070344897601575
2.2081903320030523
2.2093456943917116
2.2105005742038402
2.2116549687185549
2.2128088752163970
2.2139622909793788
2.2151152132909950
2.2162676394362233
2.2174195667015728
2.2185709923751116
2.2197219137464770
2.2208723281069123
2.2220222327492722
2.2231716249680464
2.2243205020594092
2.2254688613212341
2.2266167000530812
2.2277640155562457
2.2289108051338125
2.2300570660906365
2.2312027957333811
2.2323479913705397
2.2334926503124741
2.2346367698714222
2.2357803473615223
2.2369233800988453
2.2380658654013930
2.2392078005891403
2.2403491829840636
2.2414900099101867
2.2426302786935799
2.2437699866623637
2.2449091311467511
2.2460477094790656
2.2471857189937761
2.2483231570275235
2.2494600209191367
2.2505963080096554
2.2517320156423577
2.2528671411627763
2.2540016819187225
2.2551356352602960
2.2562689985399356
2.2574017691124189
2.2585339443348942
2.2596655215669026
2.2607964981704307
2.2619268715099174
2.2630566389522637
2.2641857978668640
2.2653143456256144
2.2664422796029418
2.2675695971758363
2.2686962957238808
2.2698223726292786
2.2709478252768478
2.2720726510540810
2.2731968473511386
2.2743204115608640
2.2754433410788653
2.2765656333034845
2.2776872856358206
2.2788082954797773
2.2799286602420592
2.2810483773322181
2.2821674441626758
2.2832858581487385
2.2844036167086004
2.2855207172633993
2.2866371572372088
2.2877529340570888
2.2888680451531402
2.2899824879584938
2.2910962599092928
2.2922093584447323
2.2933217810070978
2.2944335250418115
2.2955445879974303
2.2966549673256909
2.2977646604814921
2.2988736649229358
2.2999819781113602
2.3010895975113517
2.3021965205907868
2.3033027448208396
2.3044082676759872
2.3055130866340572
2.3066171991762356
2.3077206027870898
2.3088232949546281
2.3099252731702795
2.3110265349289008
2.3121270777288125
2.3132268990718208
2.3143259964632654
2.3154243674120378
2.3165220094306034
2.3176189200350032
2.3187150967448709
2.3198105370835012
2.3209052385778408
2.3219991987585127
2.3230924151598082
2.3241848853197444
2.3252766067800663
2.3263675770862964
2.3274577937877385
2.3285472544375141
2.3296359565925808
2.3307238978137153
2.3318110756655517
2.3328974877166373
2.3339831315394148
2.3350680047102661
2.3361521048095302
2.3372354294215487
2.3383179761346606
2.3393997425411919
2.3404807262374816
2.3415609248239688
2.3426403359051848
2.3437189570897532
2.3447967859904457
2.3458738202241358
2.3469500574118696
2.3480254951788968
2.3491001311546564
2.3501739629728173
2.3512469882713236
2.3523192046923973
2.3533906098824997
2.3544612014924056
2.3555309771772279
2.3565999345964510
2.3576680714139191
2.3587353852978441
2.3598018739208730
2.3608675349600894
2.3619323660970264
2.3629963650176680
2.3640595294124873
2.3651218569764758
2.3661833454091576
2.3672439924146169
2.3683037957015229
2.3693627529830965
2.3704208619771681
2.3714781204061870
2.3725345259972350
2.3735900764820848
2.3746447695972046
2.3756986030837548
2.3767515746876233
2.3778036821594215
2.3788549232545355
2.3799052957331792
2.3809547973603458
2.3820034259058271
2.3830511791442430
2.3840980548550954
2.3851440508227322
2.3861891648364151
2.3872333946903130
2.3882767381835044
2.3893191931200399
2.3903607573089576
2.3914014285642633
2.3924412047049595
2.3934800835550849
2.3945180629436758
2.3955551407048183
2.3965913146777011
2.3976265827065855
2.3986609426408156
2.3996943923348861
2.4007269296484433
2.4017585524462981
2.4027892585984465
2.4038190459800646
2.4048479124715221
2.4058758559584614
2.4069028743317382
2.4079289654874665
2.4089541273270454
2.4099783577572031
2.4110016546899544
2.4120240160426452
2.4130454397379459
2.4140659237038578
2.4150854658737844
2.4161040641865359
2.4171217165863146
2.4181384210227441
2.4191541754509092
2.4201689778313558
2.4211828261300807
2.4221957183185840
2.4232076523738812
2.4242186262785244
2.4252286380205601
2.4262376855936010
2.4272457669968341
2.4282528802350263
2.4292590233185329
2.4302641942633048
2.4312683910909247
2.4322716118286145
2.4332738545092742
2.4342751171714987
2.4352753978595576
2.4362746946234011
2.4372730055187075
2.4382703286068708
2.4392666619550107
2.4402620036359899
2.4412563517284553
2.4422497043168550
2.4432420594913999
2.4442334153481138
2.4452237699888557
2.4462131215213070
2.4472014680590144
2.4481888077213991
2.4491751386337599
2.4501604589272730
2.4511447667390027
2.4521280602119324
2.4531103374949996
2.4540915967430865
2.4550718361169990
2.4560510537834794
2.4570292479152585
2.4580064166910587
2.4589825582956153
2.4599576709196862
2.4609317527600498
2.4619048020195073
2.4628768169068773
2.4638477956370699
2.4648177364311072
2.4657866375160795
2.4667544971251409
2.4677213134975498
2.4686870848786775
2.4696518095200233
2.4706154856791969
2.4715781116199791
2.4725396856122979
2.4735002059322655
2.4744596708621933
2.4754180786905788
2.4763754277121057
2.4773317162276722
2.4782869425444445
2.4792411049757894
2.4801942018413046
2.4811462314668393
2.4820971921844626
2.4830470823324982
2.4839959002555561
2.4849436443045669
2.4858903128367311
2.4868359042155381
2.4877804168108391
2.4887238489987991
2.4896661991619013
2.4906074656889459
2.4915476469750741
2.4924867414218079
2.4934247474370084
2.4943616634349168
2.4952974878361771
2.4962322190678039
2.4971658555632219
2.4980983957622471
2.4990298381111082
2.4999601810624172
2.5008894230752294
2.5018175626150216
2.5027445981537153
2.5036705281696716
2.5045953511476835
2.5055190655790156
2.5064416699613670
2.5073631627989048
2.5082835426022712
2.5092028078886361
2.5101209571816745
2.5110379890115158
2.5119539019147639
2.5128686944345455
2.5137823651204712
2.5146949125286726
2.5156063352217917
2.5165166317690031
2.5174258007460448
2.5183338407352114
2.5192407503253600
2.5201465281118667
2.5210511726966152
2.5219546826880324
2.5228570567011230
2.5237582933574738
2.5246583912852132
2.5255573491190231
2.5264551655001788
2.5273518390765473
2.5282473685025519
2.5291417524391990
2.5300349895540895
2.5309270785214357
2.5318180180220300
2.5327078067432369
2.5335964433790319
2.5344839266299917
2.5353702552033224
2.5362554278127911
2.5371394431787877
2.5380223000282922
2.5389039970949061
2.5397845331188460
2.5406639068469983
2.5415421170328734
2.5424191624365955
2.5432950418248894
2.5441697539710781
2.5450432976551047
2.5459156716635620
2.5467868747896674
2.5476569058332514
2.5485257636008058
2.5493934469054977
2.5502599545670832
2.5511252854119872
2.5519894382732127
2.5528524119903988
2.5537142054098028
2.5545748173843172
2.5554342467734972
2.5562924924434816
2.5571495532670450
2.5580054281236206
2.5588601158992832
2.5597136154867131
2.5605659257852142
2.5614170457007130
2.5622669741457367
2.5631157100394470
2.5639632523076634
2.5648095998828078
2.5656547517039070
2.5664987067165850
2.5673414638730963
2.5681830221322981
2.5690233804596168
2.5698625378270705
2.5707004932132649
2.5715372456034502
2.5723727939894649
2.5732071373696983
2.5740402747491444
2.5748722051394175
2.5757029275587011
2.5765324410317314
2.5773607445898281
2.5781878372709053
2.5790137181194521
2.5798383861864647
2.5806618405294990
2.5814840802126966
2.5823051043067600
2.5831249118889366
2.5839435020429899
2.5847608738592203
2.5855770264344815
2.5863919588721616
2.5872056702821675
2.5880181597809298
2.5888294264913587
2.5896394695428655
2.5904482880713520
2.5912558812191939
2.5920622481353224
2.5928673879751551
2.5936712999005813
2.5944739830799390
2.5952754366880453
2.5960756599061581
2.5968746519219970
2.5976724119297425
2.5984689391300142
2.5992642327298379
2.6000582919426880
2.6008511159884264
2.6016427040933405
2.6024330554900779
2.6032221694176632
2.6040100451215196
2.6047966818534922
2.6055820788717607
2.6063662354408517
2.6071491508316611
2.6079308243214010
2.6087112551936258
2.6094904427382422
2.6102683862514602
2.6110450850357729
2.6118205384000093
2.6125947456593086
2.6133677061350489
2.6141394191548866
2.6149098840527318
2.6156791001687734
2.6164470668494886
2.6172137834475597
2.6179792493218628
2.6187434638375020
2.6195064263658265
2.6202681362843583
2.6210285929767805
2.6217877958329359
2.6225457442488329
2.6233024376266139
2.6240578753745751
2.6248120569071234
2.6255649816448345
2.6263166490143641
2.6270670584484401
2.6278162093859279
2.6285641012717673
2.6293107335569363
2.6300561056984475
2.6308002171593334
2.6315430674086655
2.6322846559215236
2.6330249821790059
2.6337640456682059
2.6345018458821774
2.6352383823199261
2.6359736544863983
2.6367076618924936
2.6374404040550266
2.6381718804966554
2.6389020907459617
2.6396310343374525
2.6403587108115016
2.6410851197143046
2.6418102605979317
2.6425341330202987
2.6432567365451183
2.6439780707418570
2.6446981351858194
2.6454169294580865
2.6461344531455073
2.6468507058406665
2.6475656871418369
2.6482793966529745
2.6489918339837728
2.6497029987496350
2.6504128905716535
2.6511215090765394
2.6518288538966122
2.6525349246698311
2.6532397210397622
2.6539432426555503
2.6546454891719722
2.6553464602493633
2.6560461555535624
2.6567445747559462
2.6574417175333966
2.6581375835683136
2.6588321725485691
2.6595254841674874
2.6602175181238743
2.6609082741219772
2.6615977518714309
2.6622859510872305
2.6629728714897616
2.6636585128048238
2.6643428747635709
2.6650259571024848
2.6657077595633432
2.6663882818931883
2.6670675238443402
2.6677454851744260
2.6684221656462959
2.6690975650280158
2.6697716830928262
2.6704445196191360
2.6711160743905471
2.6717863471958210
2.6724553378288216
2.6731230460885591
2.6737894717791924
2.6744546147099668
2.6751184746951369
2.6757810515539848
2.6764423451108375
2.6771023551950428
2.6777610816409436
2.6784185242878364
2.6790746829799521
2.6797295575664570
2.6803831479014453
2.6810354538439114
2.6816864752577301
2.6823362120116228
2.6829846639791328
2.6836318310386043
2.6842777130731585
2.6849223099706738
2.6855656216237467
2.6862076479296988
2.6868483887905819
2.6874878441131371
2.6881260138087852
2.6887628977935956
2.6893984959882640
2.6900328083181182
2.6906658347130707
2.6912975751075869
2.6919280294407031
2.6925571976560003
2.6931850797015691
2.6938116755299815
2.6944369850982830
2.6950610083679258
2.6956837453047808
2.6963051958791038
2.6969253600655128
2.6975442378429859
2.6981618291948570
2.6987781341087533
2.6993931525765924
2.7000068845945364
2.7006193301629726
2.7012304892864978
2.7018403619739284
2.7024489482383043
2.7030562480968325
2.7036622615708410
2.7042669886857955
2.7048704294712791
2.7054725839609355
2.7060734521924497
2.7066730342075012
2.7072713300517521
2.7078683397748247
2.7084640634303070
2.7090585010757158
2.7096516527724672
2.7102435185858931
2.7108340985851860
2.7114233928433800
2.7120114014373189
2.7125981244475832
2.7131835619585352
2.7137677140583083
2.7143505808387234
2.7149321623952778
2.7155124588271939
2.7160914702373402
2.7166691967322398
2.7172456384220536
2.7178207954204971
2.7183946678448403
2.7189672558158358
2.7195385594577188
2.7201085788982535
2.7206773142686886
2.7212447657036734
2.7218109333412750
2.7223758173229347
2.7229394177934823
2.7235017349010819
2.7240627687972143
2.7246225196366205
2.7251809875773008
2.7257381727805190
2.7262940754107725
2.7268486956357556
2.7274020336262979
2.7279540895563863
2.7285048636031215
2.7290543559466873
2.7296025667703527
2.7301494962603794
2.7306951446061007
2.7312395119998540
2.7317825986369146
2.7323244047155177
2.7328649304368473
2.7334041760049130
2.7339421416265588
2.7344788275114755
2.7350142338721968
2.7355483609240148
2.7360812088849520
2.7366127779758211
2.7371430684201452
2.7376720804441597
2.7381998142767863
2.7387262701495780
2.7392514482967099
2.7397753489549230
2.7402979723635128
2.7408193187643124
2.7413393884017183
2.7418581815225656
2.7423756983761782
2.7428919392143216
2.7434069042911307
2.7439205938631299
2.7444330081891728
2.7449441475304353
2.7454540121504278
2.7459626023149237
2.7464699182919383
2.7469759603517159
2.7474807287666576
2.7479842238113648
2.7484864457626226
2.7489873948993475
2.7494870715025179
2.7499854758552194
2.7504826082425979
2.7509784689517618
2.7514730582718006
2.7519663764938067
2.7524584239108250
2.7529492008178122
2.7534387075115925
2.7539269442908174
2.7544139114559596
2.7548996093093674
2.7553840381551731
2.7558671982992218
2.7563490900491212
2.7568297137141329
2.7573090696052192
2.7577871580350353
2.7582639793178396
2.7587395337694560
2.7592138217072519
2.7596868434501443
2.7601585993186037
2.7606290896345538
2.7610983147213815
2.7615662749039509
2.7620329705085522
2.7624984018628500
2.7629625692958935
2.7634254731380636
2.7638871137210423
2.7643474913778032
2.7648066064425616
2.7652644592507567
2.7657210501390264
2.7661763794451604
2.7666304475080983
2.7670832546679094
2.7675348012657759
2.7679850876439525
2.7684341141457440
2.7688818811154698
2.7693283888984066
2.7697736378408080
2.7702176282899176
2.7706603605938911
2.7711018351017502
2.7715420521633449
2.7719810121293142
2.7724187153511211
2.7728551621810551
2.7732903529721500
2.7737242880781663
2.7741569678536040
2.7745883926536292
2.7750185628339996
2.7754474787510621
2.7758751407618014
2.7763015492237977
2.7767267044951582
2.7771506069344527
2.7775732569007672
2.7779946547536829
2.7784148008532306
2.7788336955598831
2.7792513392345057
2.7796677322383139
2.7800828749328921
2.7804967676800971
2.7809094108420376
2.7813208047811013
2.7817309498599165
2.7821398464413036
2.7825474948882825
2.7829538955640314
2.7833590488318323
2.7837629550550771
2.7841656145972289
2.7845670278218142
2.7849671950923534
2.7853661167724257
2.7857637932256094
2.7861602248153865
2.7865554119051774
2.7869493548582858
2.7873420540378686
2.7877335098069373
2.7881237225283404
2.7885126925647206
2.7889004202784977
2.7892869060318191
2.7896721501865458
2.7900561531042603
2.7904389151462277
2.7908204366734068
2.7912007180463645
2.7915797596251961
2.7919575617696579
2.7923341248390239
2.7927094491920674
2.7930835351870216
2.7934563831815447
2.7938279935328190
2.7941983665974530
2.7945675027314323
2.7949354022901098
2.7953020656281939
2.7956674930997347
2.7960316850580829
2.7963946418558736
2.7967563638449868
2.7971168513765741
2.7974761048009413
2.7978341244675708
2.7981909107250882
2.7985464639212894
2.7989007844030631
2.7992538725163909
2.7996057286062479
2.7999563530166451
2.8003057460906451
2.8006539081702808
2.8010008395965280
2.8013465407093157
2.8016910118474927
2.8020342533487952
2.8023762655498672
2.8027170487861897
2.8030566033920481
2.8033949297005560
2.8037320280435765
2.8040678987517271
2.8044025421543961
2.8047359585796428
2.8050681483541853
2.8053991118034105
2.8057288492513348
2.8060573610206050
2.8063846474324849
2.8067107088068073
2.8070355454619711
2.8073591577148966
2.8076815458809898
2.8080027102741134
2.8083226512065975
2.8086413689891829
2.8089588639310281
2.8092751363397324
2.8095901865212225
2.8099040147797516
2.8102166214179154
2.8105280067365874
2.8108381710348902
2.8111471146102374
2.8114548377582946
2.8117613407729691
2.8120666239463747
2.8123706875687406
2.8126735319284442
2.8129751573119908
2.8132755640040332
2.8135747522873249
2.8138727224426985
2.8141694747490336
2.8144650094832322
2.8147593269202029
2.8150524273328177
2.8153443109919336
2.8156349781663219
2.8159244291226608
2.8162126641255112
2.8164996834373284
2.8167854873184455
2.8170700760270111
2.8173534498190400
2.8176356089483101
2.8179165536663846
2.8181962842226120
2.8184748008641001
2.8187521038356733
2.8190281933798436
2.8193030697368124
2.8195767331444004
2.8198491838381115
2.8201204220510983
2.8203904480140958
2.8206592619553881
2.8209268641008411
2.8211932546739362
2.8214584338956374
2.8217224019844229
2.8219851591563168
2.8222467056248357
2.8225070416009230
2.8227661672929552
2.8230240829067190
2.8232807886453721
2.8235362847094811
2.8237905712970157
2.8240436486032596
2.8242955168208050
2.8245461761396045
2.8247956267468961
2.8250438688271871
2.8252909025622501
2.8255367281311137
2.8257813457100203
2.8260247554724680
2.8262669575891408
2.8265079522278702
2.8267477395536500
2.8269863197286202
2.8272236929120669
2.8274598592603972
2.8276948189270854
2.8279285720626675
2.8281611188147160
2.8283924593278900
2.8286225937439173
2.8288515222015320
2.8290792448364654
2.8293057617814070
2.8295310731660654
2.8297551791171212
2.8299780797581104
2.8301997752095422
2.8304202655888138
2.8306395510101758
2.8308576315848137
2.8310745074208041
2.8312901786230356
2.8315046452932471
2.8317179075300039
2.8319299654286465
2.8321408190813391
2.8323504685770224
2.8325589140013414
2.8327661554367491
2.8329721929624205
2.8331770266542300
2.8333806565847706
2.8335830828233242
2.8337843054358327
2.8339843244849332
2.8341831400299458
2.8343807521268181
2.8345771608281680
2.8347723661832376
2.8349663682378328
2.8351591670343583
2.8353507626118426
2.8355411550058545
2.8357303442484842
2.8359183303683815
2.8361051133907220
2.8362906933372334
2.8364750702261428
2.8366582440721504
2.8368402148864393
2.8370209826767412
2.8372005474472450
2.8373789091985642
2.8375560679277911
2.8377320236284231
2.8379067762903611
2.8380803258999219
2.8382526724398489
2.8384238158892536
2.8385937562236601
2.8387624934149729
2.8389300274313762
2.8390963582374278
2.8392614857940797
2.8394254100586127
2.8395881309845943
2.8397496485219382
2.8399099626168325
2.8400690732117684
2.8402269802455509
2.8403836836532639
2.8405391833662370
2.8406934793120713
2.8408465714146227
2.8409984595939997
2.8411491437665100
2.8412986238446636
2.8414468997371745
2.8415939713490053
2.8417398385812924
2.8418845013313860
2.8420279594928415
2.8421702129554025
2.8423112616049653
2.8424511053235890
2.8425897439894561
2.8427271774769243
2.8428634056565669
2.8429984283950680
2.8431322455551999
2.8432648569958925
2.8433962625721874
2.8435264621352192
2.8436554555322724
2.8437832426067011
2.8439098231979583
2.8440351971415958
2.8441593642692684
2.8442823244086894
2.8444040773836603
2.8445246230140642
2.8446439611158358
2.8447620915009346
2.8448790139773692
2.8449947283492008
2.8451092344165132
2.8452225319754523
2.8453346208182291
2.8454455007331232
2.8455551715044063
2.8456636329123439
2.8457708847332461
2.8458769267394515
2.8459817586993412
2.8460853803773127
2.8461877915337648
2.8462889919251415
2.8463889813038628
2.8464877594183116
2.8465853260128364
2.8466816808278019
2.8467768235995994
2.8468707540605882
2.8469634719390968
2.8470549769595102
2.8471452688421346
2.8472343473032518
2.8473222120551185
2.8474088628060246
2.8474942992602230
2.8475785211179634
2.8476615280754949
2.8477433198250628
2.8478238960548987
2.8479032564491713
2.8479814006880191
2.8480583284475194
2.8481340393997261
2.8482085332126932
2.8482818095504423
2.8483538680729499
2.8484247084361738
2.8484943302920747
2.8485627332885830
2.8486299170696245
2.8486958812751397
2.8487606255410012
2.8488241494990643
2.8488864527771756
2.8489475349991045
2.8490073957846080
2.8490660347495016
2.8491234515056085
2.8491796456607230
2.8492346168185807
2.8492883645789115
2.8493408885375047
2.8493921882861124
2.8494422634124819
2.8494911135003593
2.8495387381295054
2.8495851368757266
2.8496303093108160
2.8496742550025700
2.8497169735148242
2.8497584644074201
2.8497987272362111
2.8498377615531041
2.8498755669060651
2.8499121428391181
2.8499474888923202
2.8499816046017497
2.8500144894995092
2.8500461431137776
2.8500765649688211
2.8501057545849466
2.8501337114785228
2.8501604351620107
2.8501859251439816
2.8502101809290727
2.8502332020180066
2.8502549879076189
2.8502755380908487
2.8502948520567375
2.8503129292904639
2.8503297692733658
2.8503453714828524
2.8503597353924781
2.8503728604719725
2.8503847461871845
2.8503953920001068
2.8504047973689146
2.8504129617479510
2.8504198845877711
2.8504255653350903
2.8504300034328112
2.8504331983200344
2.8504351494320770
2.8504358562004533
2.8504353180529232
2.8504335344134821
2.8504305047023655
2.8504262283360737
2.8504207047273566
2.8504139332852296
2.8504059134150057
2.8503966445182320
2.8503861259927397
2.8503743572327034
2.8503613376286081
2.8503470665672355
2.8503315434316860
2.8503147676014366
2.8502967384523523
2.8502774553566268
2.8502569176828372
2.8502351247959270
2.8502120760572485
2.8501877708245567
2.8501622084520095
2.8501353882901657
2.8501073096860234
2.8500779719830391
2.8500473745211261
2.8500155166366823
2.8499823976626009
2.8499480169282529
2.8499123737594947
2.8498754674787117
2.8498372974048323
2.8497978628532770
2.8497571631360210
2.8497151975616410
2.8496719654353071
2.8496274660587702
2.8495816987303773
2.8495346627450711
2.8494863573944365
2.8494367819666779
2.8493859357466471
2.8493338180158725
2.8492804280525426
2.8492257651315676
2.8491698285245532
2.8491126174997978
2.8490541313223816
2.8489943692541466
2.8489333305537019
2.8488710144764435
2.8488074202745586
2.8487425471970358
2.8486763944896620
2.8486089613950352
2.8485402471525951
2.8484702509986692
2.8483989721664713
2.8483264098861301
2.8482525633846958
2.8481774318860866
2.8481010146111641
2.8480233107777715
2.8479443196007077
2.8478640402917605
2.8477824720597127
2.8476996141103625
2.8476154656465797
2.8475300258682767
2.8474432939724412
2.8473552691531623
2.8472659506016300
2.8471753375061715
2.8470834290522564
2.8469902244225320
2.8468957227968050
2.8467999233520236
2.8467028252623288
2.8466044276991429
2.8465047298311368
2.8464037308242172
2.8463014298415614
2.8461978260436704
2.8460929185883224
2.8459867066305913
2.8458791893229396
2.8457703658152358
2.8456602352547224
2.8455487967860384
2.8454360495512305
2.8453219926897590
2.8452066253385566
2.8450899466320734
2.8449719557022766
2.8448526516786385
2.8447320336881368
2.8446101008552960
2.8444868523022104
2.8443622871486047
2.8442364045118604
2.8441092035069637
2.8439806832465511
2.8438508428409475
2.8437196813981838
2.8435871980239882
2.8434533918218259
2.8433182618929211
2.8431818073362636
2.8430440272486628
2.8429049207247865
2.8427644868571131
2.8426227247359774
2.8424796334496141
2.8423352120841407
2.8421894597236257
2.8420423754501143
2.8418939583436007
2.8417442074820447
2.8415931219414197
2.8414407007957156
2.8412869431170291
2.8411318479755381
2.8409754144394883
2.8408176415752480
2.8406585284473369
2.8404980741184169
2.8403362776493348
2.8401731380991349
2.8400086545251071
2.8398428259827750
2.8396756515259920
2.8395071302069161
2.8393372610759928
2.8391660431820123
2.8389934755721535
2.8388195572919988
2.8386442873855886
2.8384676648954237
2.8382896888624405
2.8381103583260501
2.8379296723241620
2.8377476298932267
2.8375642300682808
2.8373794718829664
2.8371933543695071
2.8370058765587616
2.8368170374802064
2.8366268361619653
2.8364352716308945
2.8362423429126058
2.8360480490314384
2.8358523890104870
2.8356553618716998
2.8354569666358418
2.8352572023224814
2.8350560679500627
2.8348535625359719
2.8346496850965379
2.8344444346470463
2.8342378102017767
2.8340298107740023
2.8338204353759724
2.8336096830190129
2.8333975527135657
2.8331840434691542
2.8329691542944331
2.8327528841972143
2.8325352321844250
2.8323161972622088
2.8320957784359626
2.8318739747103425
2.8316507850892663
2.8314262085759623
2.8312002441730590
2.8309728908825380
2.8307441477057309
2.8305140136433788
2.8302824876956350
2.8300495688621790
2.8298152561421670
2.8295795485343054
2.8293424450368572
2.8291039446476636
2.8288640463641324
2.8286227491832530
2.8283800521016595
2.8281359541157398
2.8278904542215919
2.8276435514150364
2.8273952446916355
2.8271455330467408
2.8268944154755045
2.8266418909729412
2.8263879585339735
2.8261326171534291
2.8258758658260610
2.8256177035465702
2.8253581293096279
2.8250971421099047
2.8248347409420922
2.8245709248009367
2.8243056926813046
2.8240390435781815
2.8237709764866685
2.8235014904020623
2.8232305843198882
2.8229582572358582
2.8226845081459473
2.8224093360464497
2.8221327399339753
2.8218547188054730
2.8215752716582490
2.8212943974900022
2.8210120952988684
2.8207283640834357
2.8204432028427808
2.8201566105765297
2.8198685862848492
2.8195791289684662
2.8192882376286499
2.8189959112672898
2.8187021488869477
2.8184069494908703
2.8181103120830380
2.8178122356681672
2.8175127192517655
2.8172117618401376
2.8169093624404207
2.8166055200606306
2.8163002337096397
2.8159935023972178
2.8156853251340888
2.8153757009319786
2.8150646288036105
2.8147521077627209
2.8144381368240730
2.8141227150035593
2.8138058413182141
2.8134875147862117
2.8131677344268784
2.8128464992607429
2.8125238083095350
2.8121996605962467
2.8118740551451951
2.8115469909820332
2.8112184671337710
2.8108884826287599
2.8105570364967920
2.8102241277690903
2.8098897554783284
2.8095539186586707
2.8092166163457963
2.8088778475769587
2.8085376113909706
2.8081959068282489
2.8078527329308560
2.8075080887425483
2.8071619733088036
2.8068143856767791
2.8064653248953872
2.8061147900153851
2.8057627800893115
2.8054092941715556
2.8050543313184328
2.8046978905881863
2.8043399710409269
2.8039805717387583
2.8036196917457690
2.8032573301280275
2.8028934859536769
2.8025281582929309
2.8021613462181092
2.8017930488037290
2.8014232651264872
2.8010519942652898
2.8006792353012551
2.8003049873177535
2.7999292494004266
2.7995520206372233
2.7991733001184675
2.7987930869368989
2.7984113801876203
2.7980281789681931
2.7976434823786125
2.7972572895213705
2.7968695995015151
2.7964804114266593
2.7960897244069836
2.7956975375553377
2.7953038499871674
2.7949086608205413
2.7945119691762570
2.7941137741778874
2.7937140749517724
2.7933128706270267
2.7929101603355742
2.7925059432122068
2.7921002183945700
2.7916929850231917
2.7912842422415691
2.7908739891961951
2.7904622250365136
2.7900489489149503
2.7896341599870018
2.7892178574112214
2.7888000403493187
2.7883807079661511
2.7879598594297201
2.7875374939112407
2.7871136105851742
2.7866882086292541
2.7862612872244581
2.7858328455550727
2.7854028828087296
2.7849713981763888
2.7845383908523882
2.7841038600345311
2.7836678049240837
2.7832302247257674
2.7827911186478618
2.7823504859021559
2.7819083257040198
2.7814646372724408
2.7810194198300611
2.7805726726030966
2.7801243948214638
2.7796745857188121
2.7792232445325440
2.7787703705037865
2.7783159628774929
2.7778600209024145
2.7774025438311738
2.7769435309202324
2.7764829814299552
2.7760208946246969
2.7755572697728139
2.7750921061466363
2.7746254030224970
2.7741571596807435
2.7736873754058351
2.7732160494863756
2.7727431812150924
2.7722687698888593
2.7717928148087574
2.7713153152800358
2.7708362706122256
2.7703556801191045
2.7698735431187176
2.7693898589334531
2.7689046268900812
2.7684178463197098
2.7679295165578908
2.7674396369445629
2.7669482068241447
2.7664552255455619
2.7659606924622575
2.7654646069322428
2.7649669683180718
2.7644677759869025
2.7639670293104492
2.7634647276650774
2.7629608704318986
2.7624554569966637
2.7619484867498518
2.7614399590866778
2.7609298734070982
2.7604182291159285
2.7599050256228588
2.7593902623424391
2.7588739386940873
2.7583560541021628
2.7578366079959333
2.7573155998095968
2.7567930289823064
2.7562688949582927
2.7557431971867969
2.7552159351221426
2.7546871082237421
2.7541567159561198
2.7536247577889212
2.7530912331969395
2.7525561416601119
2.7520194826636271
2.7514812556979784
2.7509414602589231
2.7504000958474744
2.7498571619699614
2.7493126581380336
2.7487665838686768
2.7482189386842868
2.7476697221126511
2.7471189336870019
2.7465665729460547
2.7460126394339905
2.7454571327004800
2.7449000523007872
2.7443413977956661
2.7437811687514615
2.7432193647401322
2.7426559853392303
2.7420910301319537
2.7415244987072076
2.7409563906595587
2.7403867055892701
2.7398154431023816
2.7392426028106591
2.7386681843316802
2.7380921872888693
2.7375146113114788
2.7369354560346344
2.7363547210992762
2.7357724061522193
2.7351885108462319
2.7346030348400867
2.7340159777985202
2.7334273393922266
2.7328371192978760
2.7322453171981942
2.7316519327819786
2.7310569657440937
2.7304604157855334
2.7298622826134027
2.7292625659409424
2.7286612654875779
2.7280583809789127
2.7274539121467245
2.7268478587290264
2.7262402204701002
2.7256309971204709
2.7250201884369667
2.7244077941827460
2.7237938141273088
2.7231782480464668
2.7225610957223565
2.7219423569435222
2.7213220315049367
2.7207001192080233
2.7200766198606092
2.7194515332770215
2.7188248592781030
2.7181965976911608
2.7175667483500132
2.7169353110950345
2.7163022857732142
2.7156676722381086
2.7150314703498415
2.7143936799751773
2.7137543009875493
2.7131133332670609
2.7124707767005019
2.7118266311813528
2.7111808966097546
2.7105335728926212
2.7098846599435884
2.7092341576830368
2.7085820660381295
2.7079283849428206
2.7072731143378506
2.7066162541708199
2.7059578043961645
2.7052977649752377
2.7046361358762949
2.7039729170744931
2.7033081085519215
2.7026417102975580
2.7019737223073741
2.7013041445843187
2.7006329771382886
2.6999602199861794
2.6992858731519020
2.6986099366664189
2.6979324105677738
2.6972532949010701
2.6965725897184751
2.6958902950792565
2.6952064110498197
2.6945209377036998
2.6938338751215274
2.6931452233910802
2.6924549826073076
2.6917631528723862
2.6910697342957146
2.6903747269939342
2.6896781310909028
2.6889799467176934
2.6882801740126099
2.6875788131212208
2.6868758641964141
2.6861713273983927
2.6854652028946226
2.6847574908598837
2.6840481914762866
2.6833373049332692
2.6826248314277028
2.6819107711638268
2.6811951243532341
2.6804778912149412
2.6797590719754125
2.6790386668685353
2.6783166761356014
2.6775931000253443
2.6768679387939360
2.6761411927050522
2.6754128620298769
2.6746829470470463
2.6739514480426836
2.6732183653104755
2.6724836991516572
2.6717474498749501
2.6710096177966549
2.6702702032406305
2.6695292065382983
2.6687866280286645
2.6680424680583350
2.6672967269815397
2.6665494051601195
2.6658005029635139
2.6650500207688297
2.6642979589608258
2.6635443179318909
2.6627890980820506
2.6620322998189541
2.6612739235579395
2.6605139697220368
2.6597524387419518
2.6589893310560733
2.6582246471105089
2.6574583873590947
2.6566905522634130
2.6559211422927991
2.6551501579243415
2.6543775996428502
2.6536034679408629
2.6528277633186819
2.6520504862844088
2.6512716373538994
2.6504912170507779
2.6497092259064674
2.6489256644602146
2.6481405332590566
2.6473538328578021
2.6465655638190713
2.6457757267133055
2.6449843221188138
2.6441913506216843
2.6433968128158360
2.6426007093030908
2.6418030406930955
2.6410038076033393
2.6402030106591754
2.6394006504938301
2.6385967277484226
2.6377912430718951
2.6369841971210488
2.6361755905605997
2.6353654240631514
2.6345536983092352
2.6337404139872822
2.6329255717935696
2.6321091724322589
2.6312912166154470
2.6304717050630764
2.6296506385030005
2.6288280176709651
2.6280038433107249
2.6271781161739409
2.6263508370201096
2.6255220066166580
2.6246916257389761
2.6238596951704514
2.6230262157023847
2.6221911881339359
2.6213546132721781
2.6205164919321295
2.6196768249367022
2.6188356131167683
2.6179928573111324
2.6171485583665333
2.6163027171376800
2.6154553344872360
2.6146064112857732
2.6137559484118231
2.6129039467518966
2.6120504072004223
2.6111953306597071
2.6103387180399706
2.6094805702593677
2.6086208882440185
2.6077596729279882
2.6068969252532721
2.6060326461698029
2.6051668366354290
2.6042994976159211
2.6034306300850214
2.6025602350244128
2.6016883134236868
2.6008148662803263
2.5999398945997139
2.5990633993951686
2.5981853816878897
2.5973058425070290
2.5964247828896663
2.5955422038808327
2.5946581065334091
2.5937724919081835
2.5928853610738707
2.5919967151070820
2.5911065550923205
2.5902148821219582
2.5893216972962270
2.5884270017232680
2.5875307965190695
2.5866330828074986
2.5857338617202368
2.5848331343968898
2.5839309019849197
2.5830271656396038
2.5821219265240929
2.5812151858093726
2.5803069446742222
2.5793972043052436
2.5784859658968524
2.5775732306512595
2.5766589997785565
2.5757432744966597
2.5748260560312950
2.5739073456159138
2.5729871444917793
2.5720654539079630
2.5711422751212711
2.5702176093962676
2.5692914580053148
2.5683638222284779
2.5674347033535652
2.5665041026761690
2.5655720214996371
2.5646384611350750
2.5637034229012898
2.5627669081247926
2.5618289181397840
2.5608894542881226
2.5599485179193286
2.5590061103906407
2.5580622330669760
2.5571168873209245
2.5561700745327118
2.5552217960901684
2.5542720533887735
2.5533208478315994
2.5523681808293204
2.5514140538002064
2.5504584681701146
2.5495014253724992
2.5485429268483744
2.5475829740463305
2.5466215684225184
2.5456587114406615
2.5446944045720019
2.5437286492952924
2.5427614470967872
2.5417927994702034
2.5408227079167727
2.5398511739452156
2.5388781990717066
2.5379037848198305
2.5369279327206060
2.5359506443125235
2.5349719211414996
2.5339917647608421
2.5330101767312567
2.5320271586208190
2.5310427120049312
2.5300568384663400
2.5290695395951914
2.5280808169889233
2.5270906722522772
2.5260991069973233
2.5251061228434564
2.5241117214173436
2.5231159043529043
2.5221186732912968
2.5211200298808865
2.5201199757772819
2.5191185126433240
2.5181156421490374
2.5171113659715969
2.5161056857953854
2.5150986033119183
2.5140901202198398
2.5130802382248798
2.5120689590398881
2.5110562843848356
2.5100422159867262
2.5090267555796308
2.5080099049046756
2.5069916657100202
2.5059720397508678
2.5049510287894092
2.5039286345948346
2.5029048589433045
2.5018797036179317
2.5008531704087074
2.4998252611125569
2.4987959775333288
2.4977653214817424
2.4967332947753942
2.4956998992387738
2.4946651367032096
2.4936290090068489
2.4925915179946103
2.4915526655182609
2.4905124534363083
2.4894708836139796
2.4884279579232862
2.4873836782429173
2.4863380464582416
2.4852910644613622
2.4842427341510551
2.4831930574326662
2.4821420362181832
2.4810896724262186
2.4800359679819826
2.4789809248172192
2.4779245448702656
2.4768668300859451
2.4758077824156226
2.4747474038171831
2.4736856962550080
2.4726226616999245
2.4715583021291958
2.4704926195264445
2.4694256158817525
2.4683572931916182
2.4672876534588855
2.4662166986927301
2.4651444309086412
2.4640708521283954
2.4629959643800423
2.4619197696979422
2.4608422701227379
2.4597634677012210
2.4586833644864199
2.4576019625375678
2.4565192639200366
2.4554352707053120
2.4543499849710497
2.4532634088010168
2.4521755442850504
2.4510863935190654
2.4499959586049558
2.4489042416506432
2.4478112447700195
2.4467169700829636
2.4456214197153225
2.4445245957989257
2.4434265004714737
2.4423271358765515
2.4412265041636276
2.4401246074880043
2.4390214480108154
2.4379170278990019
2.4368113493252697
2.4357044144680580
2.4345962255115836
2.4334867846457571
2.4323760940661558
2.4312641559740609
2.4301509725763659
2.4290365460856318
2.4279208787200268
2.4268039727032931
2.4256858302647002
2.4245664536390406
2.4234458450665599
2.4223240067930081
2.4212009410695812
2.4200766501529221
2.4189511363051439
2.4178244017937756
2.4166964488916940
2.4155672798771208
2.4144368970335757
2.4133053026498690
2.4121724990201030
2.4110384884436300
2.4099032732249883
2.4087668556738864
2.4076292381052538
2.4064904228391297
2.4053504122006895
2.4042092085202631
2.4030668141332585
2.4019232313801551
2.4007784626064650
2.3996325101626690
2.3984853764042504
2.3973370636916695
2.3961875743902876
2.3950369108703611
2.3938850755070522
2.3927320706804078
2.3915778987753105
2.3904225621814459
2.3892660632932801
2.3881084045100067
2.3869495882355709
2.3857896168786565
2.3846284928525940
2.3834662185753421
2.3823027964695114
2.3811382289623486
2.3799725184856766
2.3788056674758726
2.3776376783738424
2.3764685536249650
2.3752982956790780
2.3741269069904982
2.3729543900179815
2.3717807472246855
2.3706059810781470
2.3694300940502631
2.3682530886172515
2.3670749672596068
2.3658957324621008
2.3647153867137622
2.3635339325078331
2.3623513723417537
2.3611677087171081
2.3599829441396007
2.3587970811190604
2.3576101221694077
2.3564220698086311
2.3552329265587226
2.3540426949457083
2.3528513774996287
2.3516589767544733
2.3504654952481001
2.3492709355223056
2.3480753001228103
2.3468785915991566
2.3456808125046682
2.3444819653964903
2.3432820528355549
2.3420810773865326
2.3408790416177814
2.3396759481013141
2.3384717994128383
2.3372665981316634
2.3360603468407124
2.3348530481265275
2.3336447045792275
2.3324353187924260
2.3312248933632138
2.3300134308921501
2.3288009339832412
2.3275874052439169
2.3263728472850103
2.3251572627206913
2.3239406541684651
2.3227230242491714
2.3215043755868967
2.3202847108089966
2.3190640325460552
2.3178423434318156
2.3166196461032231
2.3153959432004001
2.3141712373665437
2.3129455312479514
2.3117188274939897
2.3104911287570320
2.3092624376924702
2.3080327569586832
2.3068020892170207
2.3055704371317414
2.3043378033699629
2.3031041906017209
2.3018696014998712
2.3006340387400859
2.2993975050007958
2.2981600029632268
2.2969215353112977
2.2956821047316085
2.2944417139134656
2.2932003655488198
2.2919580623322489
2.2907148069609122
2.2894706021344886
2.2882254505552031
2.2869793549278059
2.2857323179595097
2.2844843423600194
2.2832354308414149
2.2819855861181728
2.2807348109071284
2.2794831079274696
2.2782304799006852
2.2769769295505307
2.2757224596030290
2.2744670727864067
2.2732107718311068
2.2719535594697509
2.2706954384371238
2.2694364114701449
2.2681764813078447
2.2669156506912831
2.2656539223635490
2.2643912990697248
2.2631277835568437
2.2618633785739108
2.2605980868718767
2.2593319112035863
2.2580648543237589
2.2567969189889561
2.2555281079575340
2.2542584239896510
2.2529878698471992
2.2517164482938101
2.2504441620948445
2.2491710140173353
2.2478970068299495
2.2466221433029698
2.2453464262082665
2.2440698583192731
2.2427924424109671
2.2415141812598200
2.2402350776437876
2.2389551343422731
2.2376743541360833
2.2363927398074352
2.2351102941399046
2.2338270199184298
2.2325429199292364
2.2312579969598376
2.2299722537990365
2.2286856932368577
2.2273983180645160
2.2261101310744218
2.2248211350601297
2.2235313328163278
2.2222407271388103
2.2209493208244071
2.2196571166709980
2.2183641174774675
2.2170703260437312
2.2157757451706397
2.2144803776599726
2.2131842263144028
2.2118872939374832
2.2105895833336198
2.2092910973080482
2.2079918386667843
2.2066918102166304
2.2053910147651341
2.2040894551205366
2.2027871340917740
2.2014840544884273
2.2001802191207385
2.1988756307995447
2.1975702923362475
2.1962642065427960
2.1949573762316925
2.1936498042159571
2.1923414933090930
2.1910324463250350
2.1897226660781191
2.1884121553830904
2.1871009170550622
2.1857889539094555
2.1844762687620340
2.1831628644288701
2.1818487437262690
2.1805339094707730
2.1792183644791581
2.1779021115683475
2.1765851535554277
2.1752674932576319
2.1739491334922683
2.1726300770767355
2.1713103268284888
2.1699898855650166
2.1686687561038132
2.1673469412623536
2.1660244438580554
2.1647012667082581
2.1633774126301808
2.1620528844409161
2.1607276849573971
2.1594018169963842
2.1580752833744019
2.1567480869077498
2.1554202304124543
2.1540917167042837
2.1527625485986954
2.1514327289107946
2.1501022604553386
2.1487711460467098
2.1474393884988543
2.1461069906252650
2.1447739552389882
2.1434402851526038
2.1421059831781717
2.1407710521272145
2.1394354948106753
2.1380993140389331
2.1367625126217429
2.1354250933682164
2.1340870590867911
2.1327484125852383
2.1314091566706050
2.1300692941492034
2.1287288278265932
2.1273877605075397
2.1260460949959983
2.1247038340950821
2.1233609806070408
2.1220175373332473
2.1206735070741822
2.1193288926293703
2.1179836967973782
2.1166379223758041
2.1152915721612402
2.1139446489492322
2.1125971555342722
2.1112490947097782
2.1099004692680632
2.1085512820003194
2.1072015356966025
2.1058512331457764
2.1045003771355169
2.1031489704522719
2.1017970158812553
2.1004445162064016
2.0990914742103666
2.0977378926744925
2.0963837743787894
2.0950291221019004
2.0936739386210883
2.0923182267122105
2.0909619891496751
2.0896052287064566
2.0882479481540446
2.0868901502624309
2.0855318378000911
2.0841730135339449
2.0828136802293442
2.0814538406500604
2.0800934975582543
2.0787326537144497
2.0773713118775272
2.0760094748047009
2.0746471452514652
2.0732843259715734
2.0719210197170388
2.0705572292380920
2.0691929572831937
2.0678282065990001
2.0664629799303285
2.0650972800201313
2.0637311096094741
2.0623644714375229
2.0609973682415248
2.0596298027567816
2.0582617777166510
2.0568932958525021
2.0555243598937025
2.0541549725675892
2.0527851365994443
2.0514148547124722
2.0500441296277869
2.0486729640643717
2.0473013607390884
2.0459293223666393
2.0445568516595385
2.0431839513281171
2.0418106240804912
2.0404368726225313
2.0390626996578352
2.0376881078877305
2.0363131000112444
2.0349376787250795
2.0335618467235990
2.0321856066988171
2.0308089613403575
2.0294319133354533
2.0280544653689092
2.0266766201230788
2.0252983802778499
2.0239197485106404
2.0225407274963634
2.0211613199074105
2.0197815284136347
2.0184013556823297
2.0170208043782019
2.0156398771633559
2.0142585766972845
2.0128769056368450
2.0114948666362422
2.0101124623470024
2.0087296954179510
2.0073465684952034
2.0059630842221439
2.0045792452394027
2.0031950541848311
2.0018105136934885
2.0004256263976323
1.9990403949266955
1.9976548219072614
1.9962689099630653
1.9948826617149609
1.9934960797809012
1.9921091667759205
1.9907219253121182
1.9893343579986413
1.9879464674416603
1.9865582562443644
1.9851697270069300
1.9837808823265131
1.9823917247972236
1.9810022570101038
1.9796124815531160
1.9782224010111311
1.9768320179659113
1.9754413349960875
1.9740503546771546
1.9726590795814365
1.9712675122780705
1.9698756553330008
1.9684835113089578
1.9670910827654418
1.9656983722587023
1.9643053823417205
1.9629121155641938
1.9615185744725221
1.9601247616097919
1.9587306795157682
1.9573363307268612
1.9559417177761194
1.9545468431932178
1.9531517095044331
1.9517563192326270
1.9503606748972320
1.9489647790142444
1.9475686340962048
1.9461722426521864
1.9447756071877720
1.9433787302050409
1.9419816142025434
1.9405842616752991
1.9391866751147819
1.9377888570088913
1.9363908098419369
1.9349925360946310
1.9335940382440833
1.9321953187637775
1.9307963801235519
1.9293972247895903
1.9279978552244106
1.9265982738868406
1.9251984832320121
1.9237984857113406
1.9223982837725131
1.9209978798594736
1.9195972764124118
1.9181964758677508
1.9167954806581269
1.9153942932123815
1.9139929159555369
1.9125913513087942
1.9111896016895116
1.9097876695111977
1.9083855571834900
1.9069832671121412
1.9055808016990108
1.9041781633420543
1.9027753544353052
1.9013723773688631
1.8999692345288766
1.8985659282975369
1.8971624610530626
1.8957588351696899
1.8943550530176536
1.8929511169631728
1.8915470293684460
1.8901427925916390
1.8887384089868648
1.8873338809041749
1.8859292106895509
1.8845244006848878
1.8831194532279825
1.8817143706525252
1.8803091552880797
1.8789038094600763
1.8774983354898016
1.8760927356943824
1.8746870123867714
1.8732811678757413
1.8718752044658764
1.8704691244575606
1.8690629301469610
1.8676566238260135
1.8662502077824161
1.8648436842996194
1.8634370556568158
1.8620303241289216
1.8606234919865712
1.8592165614961049
1.8578095349195587
1.8564024145146549
1.8549952025347916
1.8535879012290299
1.8521805128420856
1.8507730396143180
1.8493654837817186
1.8479578475759022
1.8465501332240934
1.8451423429491203
1.8437344789694008
1.8423265434989367
1.8409185387473019
1.8395104669196316
1.8381023302166146
1.8366941308344829
1.8352858709650024
1.8338775527954614
1.8324691785086633
1.8310607502829148
1.8296522702920197
1.8282437407052694
1.8268351636874327
1.8254265413987454
1.8240178759949022
1.8226091696270488
1.8212004244417723
1.8197916425810932
1.8183828261824568
1.8169739773787246
1.8155650982981639
1.8141561910644404
1.8127472577966104
1.8113383006091117
1.8099293216117553
1.8085203229097173
1.8071113066035305
1.8057022747890765
1.8042932295575786
1.8028841729955933
1.8014751071850021
1.8000660342030044
1.7986569561221091
1.7972478750101277
1.7958387929301662
1.7944297119406181
1.7930206340951564
1.7916115614427273
1.7902024960275413
1.7887934398890679
1.7873843950620270
1.7859753635763829
1.7845663474573361
1.7831573487253176
1.7817483693959817
1.7803394114801987
1.7789304769840484
1.7775215679088137
1.7761126862509748
1.7747038340022021
1.7732950131493490
1.7718862256744459
1.7704774735546938
1.7690687587624603
1.7676600832652716
1.7662514490258068
1.7648428580018916
1.7634343121464915
1.7620258134077058
1.7606173637287623
1.7592089650480138
1.7578006192989295
1.7563923284100909
1.7549840943051860
1.7535759189030045
1.7521678041174320
1.7507597518574454
1.7493517640271057
1.7479438425255529
1.7465359892470023
1.7451282060807369
1.7437204949111047
1.7423128576175126
1.7409052960744236
1.7394978121513518
1.7380904077128587
1.7366830846185459
1.7352758447230501
1.7338686898760407
1.7324616219222140
1.7310546427012887
1.7296477540480018
1.7282409577921027
1.7268342557583516
1.7254276497665157
1.7240211416313642
1.7226147331626642
1.7212084261651754
1.7198022224386478
1.7183961237778169
1.7169901319724017
1.7155842488070960
1.7141784760615688
1.7127728155104600
1.7113672689233776
1.7099618380648944
1.7085565246945440
1.7071513305668153
1.7057462574311526
1.7043413070319513
1.7029364811085570
1.7015317813952617
1.7001272096212983
1.6987227675108376
1.6973184567829875
1.6959142791517909
1.6945102363262214
1.6931063300101790
1.6917025619024852
1.6902989336968846
1.6888954470820443
1.6874921037415522
1.6860889053539088
1.6846858535925244
1.6832829501257200
1.6818801966167229
1.6804775947236685
1.6790751460995961
1.6776728523924456
1.6762707152450549
1.6748687362951642
1.6734669171754126
1.6720652595133321
1.6706637649313458
1.6692624350467673
1.6678612714717966
1.6664602758135265
1.6650594496739346
1.6636587946498804
1.6622583123331016
1.6608580043102155
1.6594578721627262
1.6580579174670200
1.6566581417943609
1.6552585467108880
1.6538591337776141
1.6524599045504300
1.6510608605800994
1.6496620034122591
1.6482633345874191
1.6468648556409589
1.6454665681031253
1.6440684734990365
1.6426705733486782
1.6412728691669005
1.6398753624634248
1.6384780547428390
1.6370809475045953
1.6356840422430086
1.6342873404472671
1.6328908436014227
1.6314945531843894
1.6300984706699464
1.6287025975267400
1.6273069352182805
1.6259114852029473
1.6245162489339837
1.6231212278594935
1.6217264234224489
1.6203318370606845
1.6189374702069004
1.6175433242886679
1.6161494007284214
1.6147557009434597
1.6133622263459502
1.6119689783429265
1.6105759583362842
1.6091831677227855
1.6077906078940618
1.6063982802366137
1.6050061861318170
1.6036143269559147
1.6022227040800225
1.6008313188701344
1.5994401726871184
1.5980492668867112
1.5966586028195309
1.5952681818310646
1.5938780052616786
1.5924880744466139
1.5910983907160003
1.5897089553948414
1.5883197698030207
1.5869308352553078
1.5855421530613556
1.5841537245257040
1.5827655509477783
1.5813776336218959
1.5799899738372651
1.5786025728779784
1.5772154320230294
1.5758285525463143
1.5744419357166273
1.5730555827976531
1.5716694950479764
1.5702836737210872
1.5688981200653864
1.5675128353241707
1.5661278207356484
1.5647430775329381
1.5633586069440690
1.5619744101919861
1.5605904884945463
1.5592068430645349
1.5578234751096529
1.5564403858325244
1.5550575764307077
1.5536750480966870
1.5522928020178826
1.5509108393766422
1.5495291613502360
1.5481477691108831
1.5467666638257398
1.5453858466569113
1.5440053187614406
1.5426250812913225
1.5412451353935019
1.5398654822098814
1.5384861228773179
1.5371070585276296
1.5357282902875951
1.5343498192789697
1.5329716466184680
1.5315937734177707
1.5302162007835463
1.5288389298174403
1.5274619616160630
1.5260852972710133
1.5247089378688883
1.5233328844912652
1.5219571382147141
1.5205817001107982
1.5192065712460761
1.5178317526821203
1.5164572454755092
1.5150830506778405
1.5137091693357128
1.5123356024907384
1.5109623511795434
1.5095894164337837
1.5082167992801498
1.5068445007403706
1.5054725218312033
1.5041008635644482
1.5027295269469430
1.5013585129805707
1.4999878226622605
1.4986174569839876
1.4972474169327974
1.4958777034907922
1.4945083176351310
1.4931392603380422
1.4917705325668251
1.4904021352838566
1.4890340694466129
1.4876663360076547
1.4862989359146284
1.4849318701102778
1.4835651395324350
1.4821987451140293
1.4808326877830993
1.4794669684628026
1.4781015880714075
1.4767365475222964
1.4753718477239761
1.4740074895800814
1.4726434739893832
1.4712798018457967
1.4699164740383737
1.4685534914513017
1.4671908549639219
1.4658285654507455
1.4644666237814326
1.4631050308208058
1.4617437874288637
1.4603828944607649
1.4590223527668535
1.4576621631926638
1.4563023265789137
1.4549428437615042
1.4535837155715305
1.4522249428353069
1.4508665263743485
1.4495084670053755
1.4481507655403261
1.4467934227863610
1.4454364395458712
1.4440798166164814
1.4427235547910440
1.4413676548576650
1.4400121175996869
1.4386569437957115
1.4373021342195955
1.4359476896404633
1.4345936108226944
1.4332398985259425
1.4318865535051448
1.4305335765105207
1.4291809682875647
1.4278287295770813
1.4264768611151684
1.4251253636332242
1.4237742378579774
1.4224234845114583
1.4210731043110156
1.4197230979693207
1.4183734661943721
1.4170242096895240
1.4156753291534601
1.4143268252802133
1.4129786987591793
1.4116309502751077
1.4102835805081146
1.4089365901336828
1.4075899798226716
1.4062437502413265
1.4048979020512606
1.4035524359094924
1.4022073524684457
1.4008626523759569
1.3995183362752626
1.3981744048050129
1.3968308585992901
1.3954876982876001
1.3941449244948809
1.3928025378415045
1.3914605389432941
1.3901189284115327
1.3887777068529614
1.3874368748697843
1.3860964330596632
1.3847563820157351
1.3834167223266138
1.3820774545764076
1.3807385793447151
1.3794000972066365
1.3780620087327671
1.3767243144892227
1.3753870150376311
1.3740501109351488
1.3727136027344704
1.3713774909838201
1.3700417762269674
1.3687064590032223
1.3673715398474504
1.3660370192900750
1.3647028978570972
1.3633691760700872
1.3620358544462015
1.3607029334981762
1.3593704137343467
1.3580382956586503
1.3567065797706208
1.3553752665654089
1.3540443565337732
1.3527138501620939
1.3513837479323854
1.3500540503222993
1.3487247578051333
1.3473958708498366
1.3460673899210056
1.3447393154789105
1.3434116479794931
1.3420843878743629
1.3407575356108195
1.3394310916318559
1.3381050563761658
1.3367794302781424
1.3354542137678753
1.3341294072711716
1.3328050112095480
1.3314810260002601
1.3301574520563031
1.3288342897864127
1.3275115395950590
1.3261892018824710
1.3248672770446508
1.3235457654733622
1.3222246675561562
1.3209039836763670
1.3195837142131124
1.3182638595412985
1.3169444200316320
1.3156253960506381
1.3143067879606547
1.3129885961198442
1.3116708208821941
1.3103534625975373
1.3090365216115298
1.3077199982656817
1.3064038928973665
1.3050882058398177
1.3037729374221334
1.3024580879692931
1.3011436578021653
1.2998296472375057
1.2985160565879641
1.2972028861620863
1.2958901362643365
1.2945778071951013
1.2932658992506922
1.2919544127233467
1.2906433479012467
1.2893327050685244
1.2880224845052568
1.2867126864874883
1.2854033112872247
1.2840943591724525
1.2827858304071362
1.2814777252512306
1.2801700439606776
1.2788627867874185
1.2775559539794044
1.2762495457806067
1.2749435624310146
1.2736380041666524
1.2723328712195823
1.2710281638179102
1.2697238821858063
1.2684200265434937
1.2671165971072598
1.2658135940894641
1.2645110176985401
1.2632088681390232
1.2619071456115372
1.2606058503127962
1.2593049824356357
1.2580045421689943
1.2567045296979344
1.2554049452036584
1.2541057888635143
1.2528070608509900
1.2515087613357254
1.2502108904835105
1.2489134484562974
1.2476164354122277
1.2463198515056224
1.2450236968869988
1.2437279717030536
1.2424326760966782
1.2411378102069655
1.2398433741692272
1.2385493681150050
1.2372557921720762
1.2359626464644424
1.2346699311123546
1.2333776462323267
1.2320857919371349
1.2307943683358200
1.2295033755336870
1.2282128136323305
1.2269226827296311
1.2256329829197736
1.2243437142932303
1.2230548769367828
1.2217664709335461
1.2204784963629531
1.2191909533007736
1.2179038418191102
1.2166171619864243
1.2153309138675343
1.2140450975236186
1.2127597130122179
1.2114747603872393
1.2101902396989908
1.2089061509941723
1.2076224943158740
1.2063392697035882
1.2050564771932186
1.2037741168170879
1.2024921886039459
1.2012106925789681
1.1999296287637724
1.1986489971764380
1.1973687978315064
1.1960890307399765
1.1948096959093100
1.1935307933434516
1.1922523230428372
1.1909742850043883
1.1896966792215276
1.1884195056841804
1.1871427643787913
1.1858664552883287
1.1845905783922854
1.1833151336666941
1.1820401210841416
1.1807655406137609
1.1794913922212431
1.1782176758688463
1.1769443915153972
1.1756715391163119
1.1743991186235967
1.1731271299858390
1.1718555731482394
1.1705844480526155
1.1693137546373980
1.1680434928376342
1.1667736625850216
1.1655042638078916
1.1642352964312264
1.1629667603766529
1.1616986555624536
1.1604309819035803
1.1591637393116649
1.1578969276950206
1.1566305469586493
1.1553645970042528
1.1540990777302502
1.1528339890317667
1.1515693308006441
1.1503051029254490
1.1490413052914943
1.1477779377808375
1.1465150002722919
1.1452524926414192
1.1439904147605400
1.1427287664987471
1.1414675477219127
1.1402067582927009
1.1389463980705696
1.1376864669117763
1.1364269646693801
1.1351678911932543
1.1339092463300979
1.1326510299234491
1.1313932418136927
1.1301358818380551
1.1288789498306027
1.1276224456222588
1.1263663690408188
1.1251107199109607
1.1238554980542412
1.1226007032891006
1.1213463354308710
1.1200923942917891
1.1188388796810012
1.1175857914045750
1.1163331292655037
1.1150808930637137
1.1138290825960824
1.1125776976564365
1.1113267380355514
1.1100762035211595
1.1088260938979626
1.1075764089476503
1.1063271484488997
1.1050783121773735
1.1038298999057106
1.1025819114035527
1.1013343464375538
1.1000872047713992
1.0988404861657934
1.0975941903784701
1.0963483171642188
1.0951028662748858
1.0938578374593650
1.0926132304635936
1.0913690450305835
1.0901252809004400
1.0888819378103540
1.0876390154946087
1.0863965136845806
1.0851544321087649
1.0839127704927594
1.0826715285592785
1.0814307060281723
1.0801903026164219
1.0789503180381395
1.0777107520045812
1.0764716042241700
1.0752328744025004
1.0739945622423248
1.0727566674435651
1.0715191897033223
1.0702821287158950
1.0690454841727848
1.0678092557627148
1.0665734431716154
1.0653380460826334
1.0641030641761309
1.0628684971297027
1.0616343446182039
1.0604006063137468
1.0591672818856943
1.0579343710006683
1.0567018733225613
1.0554697885125341
1.0542381162290340
1.0530068561278152
1.0517760078619247
1.0505455710817084
1.0493155454348260
1.0480859305662564
1.0468567261183079
1.0456279317306063
1.0443995470401368
1.0431715716812358
1.0419440052855893
1.0407168474822499
1.0394900978976271
1.0382637561555010
1.0370378218770395
1.0358122946807962
1.0345871741827259
1.0333624599961926
1.0321381517319708
1.0309142489982557
1.0296907514006528
1.0284676585422083
1.0272449700234172
1.0260226854422132
1.0248008043939938
1.0235793264716118
1.0223582512653875
1.0211375783631147
1.0199173073500674
1.0186974378090130
1.0174779693202032
1.0162589014613908
1.0150402338078492
1.0138219659323662
1.0126040974052466
1.0113866277943340
1.0101695566650002
1.0089528835801522
1.0077366081002495
1.0065207297833070
1.0053052481849041
1.0040901628581915
1.0028754733538969
1.0016611792203303
1.0004472800033963
0.99923377524659995
0.99802066449105709
0.99680794727548339
0.99559562313622441
0.99438369160725726
0.99317215222017396
0.99196100450420333
0.99075024798623024
0.98953988219079170
0.98832990664007803
0.98712032085393708
0.98591112434988926
0.98470231664313346
0.98349389724656000
0.98228586567075504
0.98107822142399781
0.97987096401227891
0.97866409293929879
0.97745760770646961
0.97625150781293146
0.97504579275555847
0.97384046202896468
0.97263551512550772
0.97143095153529779
0.97022677074622166
0.96902297224393374
0.96781955551185339
0.96661652003116516
0.96541386528084261
0.96421159073764984
0.96300969587615259
0.96180818016872971
0.96060704308557066
0.95940628409469020
0.95820590266192418
0.95700589825093696
0.95580627032324172
0.95460701833820072
0.95340814175301769
0.95220964002275865
0.95101151260036176
0.94981375893664222
0.94861637848029656
0.94741937067789583
0.94622273497390730
0.94502647081069857
0.94383057762854050
0.94263505486560251
0.94143990195798077
0.94024511833969571
0.93905070344270203
0.93785665669690188
0.93666297753013084
0.93546966536817766
0.93427671963479553
0.93308413975169791
0.93189192513857055
0.93070007521307918
0.92950858939087821
0.92831746708560414
0.92712670770887728
0.92593631067032556
0.92474627537758336
0.92355660123630368
0.92236728765015163
0.92117833402082216
0.91998973974804510
0.91880150422958407
0.91761362686126469
0.91642610703696481
0.91523894414862550
0.91405213758625392
0.91286568673793056
0.91167959098980711
0.91049384972611891
0.90930846232919393
0.90812342817945113
0.90693874665541496
0.90575441713372429
0.90457043898913625
0.90338681159453960
0.90220353432095135
0.90102060653751770
0.89983802761152287
0.89865579690840502
0.89747391379176766
0.89629237762337322
0.89511118776314069
0.89393034356916978
0.89274984439773553
0.89156968960330185
0.89038987853851459
0.88921041055422656
0.88803128499950001
0.88685250122161163
0.88567405856604697
0.88449595637651079
0.88331819399494138
0.88214077076151498
0.88096368601465658
0.87978693909102990
0.87861052932555583
0.87743445605141213
0.87625871860004545
0.87508331630117098
0.87390824848278137
0.87273351447115310
0.87155911359085914
0.87038504516477910
0.86921130851409845
0.86803790295830374
0.86686482781518659
0.86569208240086992
0.86451966602981112
0.86334757801480255
0.86217581766696805
0.86100438429576931
0.85983327720902236
0.85866249571291176
0.85749203911198391
0.85632190670915909
0.85515209780572776
0.85398261170136036
0.85281344769411949
0.85164460508046647
0.85047608315526135
0.84930788121176626
0.84813999854165578
0.84697243443503334
0.84580518818042505
0.84463825906478085
0.84347164637349270
0.84230534939039403
0.84113936739776651
0.83997369967634394
0.83880834550532102
0.83764330416235067
0.83647857492355771
0.83531415706354983
0.83415004985541619
0.83298625257074665
0.83182276447961967
0.83065958485062208
0.82949671295085958
0.82833414804594074
0.82717188939999198
0.82600993627566188
0.82484828793412779
0.82368694363510508
0.82252590263685910
0.82136516419620142
0.82020472756849450
0.81904459200766244
0.81788475676619798
0.81672522109516454
0.81556598424419768
0.81440704546151543
0.81324840399392884
0.81209005908684706
0.81093200998429016
0.80977425592887742
0.80861679616184023
0.80745962992302678
0.80630275645091387
0.80514617498260610
0.80398988475384947
0.80283388499903796
0.80167817495120841
0.80052275384205074
0.79936762090190883
0.79821277535979684
0.79705821644340191
0.79590394337908232
0.79474995539188220
0.79359625170554104
0.79244283154248973
0.79128969412385286
0.79013683866946338
0.78898426439786951
0.78783197052633214
0.78667995627081844
0.78552822084603502
0.78437676346542629
0.78322558334117454
0.78207467968420119
0.78092405170417811
0.77977369860953705
0.77862361960746251
0.77747381390390868
0.77632428070360349
0.77517501921006016
0.77402602862557512
0.77287730815123779
0.77172885698692939
0.77058067433132660
0.76943275938191424
0.76828511133499788
0.76713772938570557
0.76599061272798297
0.76484376055461345
0.76369717205721088
0.76255084642622950
0.76140478285096724
0.76025898051956720
0.75911343861903791
0.75796815633524250
0.75682313285291658
0.75567836735566818
0.75453385902598191
0.75338960704523050
0.75224561059366990
0.75110186885046093
0.74995838099367029
0.74881514620026923
0.74767216364614331
0.74652943250609127
0.74538695195384064
0.74424472116205065
0.74310273930231652
0.74196100554517941
0.74081951906012167
0.73967827901557093
0.73853728457891221
0.73739653491648882
0.73625602919361455
0.73511576657457922
0.73397574622265127
0.73283596730008427
0.73169642896812004
0.73055713038699777
0.72941807071595688
0.72827924911324193
0.72714066473610628
0.72600231674081983
0.72486420428267906
0.72372632651600854
0.72258868259415687
0.72145127166950951
0.72031409289350368
0.71917714541662303
0.71804042838840987
0.71690394095747345
0.71576768227148713
0.71463165147719376
0.71349584772041186
0.71236027014603798
0.71122491789806452
0.71008979011958118
0.70895488595277090
0.70782020453892003
0.70668574501842130
0.70555150653078702
0.70441748821465522
0.70328368920778284
0.70215010864705540
0.70101674566849248
0.69988359940726397
0.69875066899768046
0.69761795357320133
0.69648545226644298
0.69535316420919135
0.69422108853240228
0.69308922436620302
0.69195757083990528
0.69082612708199953
0.68969489222016367
0.68856386538127257
0.68743304569139652
0.68630243227581345
0.68517202425901125
0.68404182076469466
0.68291182091579827
0.68178202383448061
0.68065242864213127
0.67952303445937468
0.67839384040607797
0.67726484560135969
0.67613604916359082
0.67500745021039921
0.67387904785868302
0.67275084122460105
0.67162282942358942
0.67049501157036850
0.66936738677894558
0.66823995416261406
0.66711271283396789
0.66598566190490283
0.66485880048661627
0.66373212768961576
0.66260564262373045
0.66147934439811440
0.66035323212124653
0.65922730490093995
0.65810156184434776
0.65697600205796303
0.65585062464762967
0.65472542871854900
0.65360041337527708
0.65247557772173781
0.65135092086121837
0.65022644189638479
0.64910213992928312
0.64797801406134525
0.64685406339339679
0.64573028702566038
0.64460668405775556
0.64348325358870950
0.64235999471696470
0.64123690654037602
0.64011398815622234
0.63899123866121110
0.63786865715147878
0.63674624272260250
0.63562399446960727
0.63450191148696922
0.63337999286861535
0.63225823770793210
0.63113664509776934
0.63001521413044470
0.62889394389775499
0.62777283349098045
0.62665188200088195
0.62553108851770811
0.62441045213120527
0.62328997193062285
0.62216964700471500
0.62104947644174402
0.61992945932949628
0.61880959475527808
0.61768988180591966
0.61657031956778330
0.61545090712677097
0.61433164356832726
0.61321252797744630
0.61209355943867461
0.61097473703611571
0.60985605985344093
0.60873752697388828
0.60761913748027141
0.60650089045498390
0.60538278498000730
0.60426482013691107
0.60314699500685609
0.60202930867060800
0.60091176020853898
0.59979434870063431
0.59867707322649077
0.59755993286532916
0.59644292669599419
0.59532605379696413
0.59420931324635540
0.59309270412192749
0.59197622550108553
0.59085987646088900
0.58974365607805601
0.58862756342896860
0.58751159758967508
0.58639575763589924
0.58528004264304390
0.58416445168619258
0.58304898384012127
0.58193363817929933
0.58081841377789512
0.57970330970978268
0.57858832504854518
0.57747345886747847
0.57635871023960272
0.57524407823766721
0.57412956193415110
0.57301516040127232
0.57190087271099077
0.57078669793501235
0.56967263514479560
0.56855868341155680
0.56744484180627552
0.56633110939969955
0.56521748526234949
0.56410396846452326
0.56299055807630516
0.56187725316756909
0.56076405280798480
0.55965095606701831
0.55853796201393990
0.55742506971782790
0.55631227824757967
0.55519958667191360
0.55408699405937456
0.55297449947833566
0.55186210199700858
0.55074980068344903
0.54963759460555683
0.54852548283108327
0.54741346442763605
0.54630153846268881
0.54518970400358235
0.54407796011753184
0.54296630587163164
0.54185474033285752
0.54074326256807426
0.53963187164404347
0.53852056662742598
0.53740934658478900
0.53629821058260851
0.53518715768727831
0.53407618696511183
0.53296529748234800
0.53185448830515791
0.53074375849965072
0.52963310713187883
0.52852253326783905
0.52741203597348563
0.52630161431473177
0.52519126735745469
0.52408099416749809
0.52297079381068090
0.52186066535280151
0.52075060785964400
0.51964062039697967
0.51853070203058016
0.51742085182621567
0.51631106884966094
0.51520135216670382
0.51409170084315003
0.51298211394482751
0.51187259053758960
0.51076312968732318
0.50965373045995377
0.50854439192145273
0.50743511313784029
0.50632589317519161
0.50521673109964038
0.50410762597738534
0.50299857687469829
0.50188958285792706
0.50078064299349945
0.49967175634793226
0.49856292198783342
0.49745413897990931
0.49634540639096969
0.49523672328793422
0.49412808873783526
0.49301950180782500
0.49191096156518133
0.49080246707731140
0.48969401741175733
0.48858561163620440
0.48747724881848387
0.48636892802657916
0.48526064832863047
0.48415240879294191
0.48304420848798651
0.48193604648241029
0.48082792184503914
0.47971983364488452
0.47861178095114770
0.47750376283322632
0.47639577836071756
0.47528782660342683
0.47417990663137194
0.47307201751478917
0.47196415832413763
0.47085632813010492
0.46974852600361461
0.46864075101582969
0.46753300223815780
0.46642527874225875
0.46531757960004794
0.46420990388370292
0.46310225066566907
0.46199461901866440
0.46088700801568572
0.45977941673001449
0.45867184423522206
0.45756428960517553
0.45645675191404250
0.45534923023629725
0.45424172364672616
0.45313423122043339
0.45202675203284670
0.45091928515972257
0.44981182967715211
0.44870438466156670
0.44759694918974380
0.44648952233881173
0.44538210318625626
0.44427469080992615
0.44316728428803820
0.44205988269918323
0.44095248512233176
0.43984509063683969
0.43873769832245402
0.43763030725931851
0.43652291652797920
0.43541552520939031
0.43430813238491978
0.43320073713635493
0.43209333854590853
0.43098593569622418
0.42987852767038198
0.42877111355190439
0.42766369242476177
0.42655626337337832
0.42544882548263796
0.42434137783789000
0.42323391952495443
0.42212644963012858
0.42101896724019217
0.41991147144241286
0.41880396132455322
0.41769643597487521
0.41658889448214648
0.41548133593564690
0.41437375942517313
0.41326616404104460
0.41215854887411069
0.41105091301575519
0.40994325555790240
0.40883557559302269
0.40772787221413881
0.40662014451483258
0.40551239158924857
0.40440461253210219
0.40329680643868560
0.40218897240487034
0.40108110952711706
0.39997321690248111
0.39886529362861611
0.39775733880378195
0.39664935152684988
0.39554133089730742
0.39443327601526534
0.39332518598146271
0.39221705989727562
0.39110889686471989
0.39000069598645865
0.38889245636580722
0.38778417710673957
0.38667585731389642
0.38556749609258950
0.38445909254880639
0.38335064578921840
0.38224215492118363
0.38113361905275667
0.38002503729269327
0.37891640875045690
0.37780773253622429
0.37669900776088994
0.37559023353607385
0.37448140897412813
0.37337253318814190
0.37226360529194796
0.37115462440012964
0.37004558962802614
0.36893650009173801
0.36782735490813545
0.36671815319486234
0.36560889407034342
0.36449957665378840
0.36339020006519940
0.36228076342537852
0.36117126585593196
0.36006170647927815
0.35895208441865217
0.35784239879811380
0.35673264874255167
0.35562283337769135
0.35451295183010134
0.35340300322719870
0.35229298669725467
0.35118290136940333
0.35007274637364594
0.34896252084085416
0.34785222390277759
0.34674185469205393
0.34563141234221512
0.34452089598769370
0.34341030476382473
0.34229963780685685
0.34118889425395382
0.34007807324320449
0.33896717391362874
0.33785619540518391
0.33674513685876922
0.33563399741623434
0.33452277622038351
0.33341147241498192
0.33230008514476445
0.33118861355544188
0.33007705679370802
0.32896541400724572
0.32785368434473333
0.32674186695585139
0.32562996099128677
0.32451796560273977
0.32340587994293035
0.32229370316560352
0.32118143442553831
0.32006907287855740
0.31895661768152866
0.31784406799237308
0.31673142297007251
0.31561868177467478
0.31450584356730055
0.31339290751014998
0.31227987276650837
0.31116673850075799
0.31005350387837727
0.30894016806594865
0.30782673023116769
0.30671318954284749
0.30559954517093096
0.30448579628649475
0.30337194206175316
0.30225798167006640
0.30114391428594495
0.30002973908505942
0.29891545524424967
0.29780106194152633
0.29668655835607649
0.29557194366827111
0.29445721705967504
0.29334237771305344
0.29222742481237857
0.29111235754283837
0.28999717509084044
0.28888187664402354
0.28776646139125639
0.28665092852264817
0.28553527722955685
0.28441950670459509
0.28330361614163463
0.28218760473581511
0.28107147168355273
0.27995521618254371
0.27883883743177340
0.27772233463152479
0.27660570698337889
0.27548895369022824
0.27437207395628205
0.27325506698707230
0.27213793198946012
0.27102066817164805
0.26990327474317705
0.26878575091493967
0.26766809589918639
0.26655030890953657
0.26543238916098233
0.26431433586989506
0.26319614825403076
0.26207782553254461
0.26095936692599087
0.25984077165633152
0.25872203894693768
0.25760316802260602
0.25648415810956393
0.25536500843547610
0.25424571822944703
0.25312628672203252
0.25200671314524453
0.25088699673255682
0.24976713671891720
0.24864713234075389
0.24752698283597885
0.24640668744400118
0.24528624540573007
0.24416565596357953
0.24304491836148120
0.24192403184488806
0.24080299566078073
0.23968180905767836
0.23856047128564536
0.23743898159629487
0.23631733924280279
0.23519554347991506
0.23407359356395521
0.23295148875282370
0.23182922830600791
0.23070681148459204
0.22958423755126756
0.22846150577033719
0.22733861540771413
0.22621556573094173
0.22509235600919258
0.22396898551328098
0.22284545351566792
0.22172175929046928
0.22059790211346794
0.21947388126211698
0.21834969601554183
0.21722534565455706
0.21610082946167003
0.21497614672108489
0.21385129671871783
0.21272627874220182
0.21160109208088515
0.21047573602585012
0.20935020986992053
0.20822451290766408
0.20709864443540826
0.20597260375123749
0.20484639015500378
0.20372000294833453
0.20259344143464456
0.20146670491914603
0.20033979270884836
0.19921270411256409
0.19808543844091842
0.19695799500636052
0.19583037312316781
0.19470257210745939
0.19357459127720386
0.19244642995222197
0.19131808745418885
0.19018956310665242
0.18906085623504260
0.18793196616667182
0.18680289223074104
0.18567363375835219
0.18454419008251766
0.18341456053816238
0.18228474446213877
0.18115474119323421
0.18002455007217413
0.17889417044163461
0.17776360164625393
0.17663284303262999
0.17550189394933469
0.17437075374691444
0.17323942177790147
0.17210789739682691
0.17097617996022565
0.16984426882664994
0.16871216335666378
0.16757986291285612
0.16644736685985892
0.16531467456434709
0.16418178539504216
0.16304869872272265
0.16191541392024192
0.16078193036252975
0.15964824742659958
0.15851436449156345
0.15738028093862128
0.15624599615108231
0.15511150951437566
0.15397682041605373
0.15284192824580262
0.15170683239545549
0.15057153225899408
0.14943602723255611
0.14830031671444208
0.14716440010512594
0.14602827680726169
0.14489194622569626
0.14375540776748064
0.14261866084187244
0.14148170486034439
0.14034453923659551
0.13920716338655212
0.13806957672837919
0.13693177868249409
0.13579376867157766
0.13465554612057418
0.13351711045669629
0.13237846110943408
0.13123959751057490
0.13010051909420456
0.12896122529671700
0.12782171555681646
0.12668198931553726
0.12554204601624339
0.12440188510463809
0.12326150602877950
0.12212090823908867
0.12098009118834813
0.11983905433172448
0.11869779712676022
0.11755631903338816
0.11641461951394688
0.11527269803317676
0.11413055405824586
0.11298818705874675
0.11184559650669028
0.11070278187653863
0.10955974264521233
0.10841647829209715
0.10727298829904956
0.10612927215040464
0.10498532933298303
0.10384115933609289
0.10269676165153985
0.10155213577364509
0.10040728119925900
9.9262197427758256E-002
9.8116883961054543E-002
9.6971340303612971E-002
9.5825565962458170E-002
9.4679560447168881E-002
9.3533323269899618E-002
9.2386853945389980E-002
9.1240151990973795E-002
9.0093216926582315E-002
8.8946048274757814E-002
8.7798645560661318E-002
8.6651008312081987E-002
8.5503136059438337E-002
8.4355028335790436E-002
8.3206684676859835E-002
8.2058104621020603E-002
8.0909287709325678E-002
7.9760233485501569E-002
7.8610941495961623E-002
7.7461411289808033E-002
7.6311642418851952E-002
7.5161634437617392E-002
7.4011386903352822E-002
7.2860899376048227E-002
7.1710171418433055E-002
7.0559202595985124E-002
6.9407992476944680E-002
6.8256540632322657E-002
6.7104846635900758E-002
6.5952910064246681E-002
6.4800730496725648E-002
6.3648307515516742E-002
6.2495640705613011E-002
6.1342729654820682E-002
6.0189573953769081E-002
5.9036173195932413E-002
5.7882526977627448E-002
5.6728634898036263E-002
5.5574496559206224E-002
5.4420111566058152E-002
5.3265479526398714E-002
5.2110600050927609E-002
5.0955472753253767E-002
4.9800097249900914E-002
4.8644473160306095E-002
4.7488600106836927E-002
4.6332477714802936E-002
4.5176105612469313E-002
4.4019483431058895E-002
4.2862610804763189E-002
4.1705487370744206E-002
4.0548112769150574E-002
3.9390486643119116E-002
3.8232608638793505E-002
3.7074478405338680E-002
3.5916095594938975E-002
3.4757459862802091E-002
3.3598570867183528E-002
3.2439428269392799E-002
3.1280031733793616E-002
3.0120380927817728E-002
2.8960475521974775E-002
2.7800315189856345E-002
2.6639899608159892E-002
2.5479228456682379E-002
2.4318301418337223E-002
2.3157118179158553E-002
2.1995678428311571E-002
2.0833981858104811E-002
1.9672028164003232E-002
1.8509817044629784E-002
1.7347348201781590E-002
1.6184621340431308E-002
1.5021636168743024E-002
1.3858392398082767E-002
1.2694889743020348E-002
1.1531127921333288E-002
1.0367106654025739E-002
9.2028256653343618E-003
8.0382846827496430E-003
6.8734834370164557E-003
5.7084216621392713E-003
4.5430990953907275E-003
3.3775154773283125E-003
2.2116705518022378E-003
1.0455640659584483E-003
-1.2080422974842381E-004
-1.2874345815422348E-003
-2.4543272323206662E-003
-3.6214824216492646E-003
-4.7889003857427091E-003
-5.9565813574444090E-003
-7.1245255662361921E-003
-8.2927332382298977E-003
-9.4612045961495611E-003
-1.0629939859334719E-002
-1.1798939243717645E-002
-1.2968202961818737E-002
-1.4137731222727759E-002
-1.5307524232106996E-002
-1.6477582192173244E-002
-1.7647905301697169E-002
-1.8818493755997485E-002
-1.9989347746918070E-002
-2.1160467462815722E-002
-2.2331853088555221E-002
-2.3503504805508821E-002
-2.4675422791534365E-002
-2.5847607220971392E-002
-2.7020058264640059E-002
-2.8192776089831239E-002
-2.9365760860279047E-002
-3.0539012736170580E-002
-3.1712531874134718E-002
-3.2886318427214921E-002
-3.4060372544868815E-002
-3.5234694372961166E-002
-3.6409284053753620E-002
-3.7584141725907107E-002
-3.8759267524463133E-002
-3.9934661580836306E-002
-4.1110324022796928E-002
-4.2286254974465372E-002
-4.3462454556297020E-002
-4.4638922885073477E-002
-4.5815660073902864E-002
-4.6992666232206728E-002
-4.8169941465697967E-002
-4.9347485876396549E-002
-5.0525299562615970E-002
-5.1703382618951375E-002
-5.2881735136254451E-002
-5.4060357201629460E-002
-5.5239248898421897E-002
-5.6418410306222147E-002
-5.7597841500840824E-002
-5.8777542554299567E-002
-5.9957513534833230E-002
-6.1137754506879166E-002
-6.2318265531062435E-002
-6.3499046664194189E-002
-6.4680097959257846E-002
-6.5861419465398433E-002
-6.7043011227904972E-002
-6.8224873288217122E-002
-6.9407005683907119E-002
-7.0589408448671537E-002
-7.1772081612325137E-002
-7.2955025200782550E-002
-7.4138239236054532E-002
-7.5321723736236537E-002
-7.6505478715501188E-002
-7.7689504184086253E-002
-7.8873800148285642E-002
-8.0058366610443896E-002
-8.1243203568934705E-002
-8.2428311018168360E-002
-8.3613688948574030E-002
-8.4799337346593728E-002
-8.5985256194672011E-002
-8.7171445471238548E-002
-8.8357905150709834E-002
-8.9544635203472028E-002
-9.0731635595877894E-002
-9.1918906290231028E-002
-9.3106447244775986E-002
-9.4294258413700385E-002
-9.5482339747117187E-002
-9.6670691191049929E-002
-9.7859312687427397E-002
-9.9048204174078780E-002
-0.10023736558471819
-0.10142679684893496
-0.10261649789219439
-0.10380646863582507
-0.10499670899700171
-0.10618721888874243
-0.10737799821989960
-0.10856904689514493
-0.10976036481496866
-0.11095195187566884
-0.11214380796933440
-0.11333593298383737
-0.11452832680283005
-0.11572098930573867
-0.11691392036773880
-0.11810711985975558
-0.11930058764845046
-0.12049432359622060
-0.12168832756117928
-0.12288259939715736
-0.12407713895369085
-0.12527194607600153
-0.12646702060500026
-0.12766236237726852
-0.12885797122505513
-0.13005384697626859
-0.13124998945446206
-0.13244639847883055
-0.13364307386419644
-0.13484001542099686
-0.13603722295528400
-0.13723469626872140
-0.13843243515855921
-0.13963043941763162
-0.14082870883435444
-0.14202724319270113
-0.14322604227220553
-0.14442510584794913
-0.14562443369055325
-0.14682402556616359
-0.14802388123645219
-0.14922400045860540
-0.15042438298531305
-0.15162502856475010
-0.15282593694057675
-0.15402710785192864
-0.15522854103341102
-0.15643023621509625
-0.15763219312250601
-0.15883441147659846
-0.16003689099376150
-0.16123963138580794
-0.16244263235996911
-0.16364589361888082
-0.16484941486057578
-0.16605319577847702
-0.16725723606138279
-0.16846153539345488
-0.16966609345421615
-0.17087090991855347
-0.17207598445669781
-0.17328131673421274
-0.17448690641198700
-0.17569275314622257
-0.17689885658843069
-0.17810521638542615
-0.17931183217931906
-0.18051870360750952
-0.18172583030267309
-0.18293321189274386
-0.18414084800092143
-0.18534873824565337
-0.18655688224062467
-0.18776527959475744
-0.18897392991220793
-0.19018283279234169
-0.19139198782973563
-0.19260139461417411
-0.19381105273063060
-0.19502096175925368
-0.19623112127536263
-0.19744153084944363
-0.19865219004714257
-0.19986309842925987
-0.20107425555173455
-0.20228566096564629
-0.20349731421719985
-0.20470921484771734
-0.20592136239362968
-0.20713375638646792
-0.20834639635285804
-0.20955928181451006
-0.21077241228820989
-0.21198578728580894
-0.21319940631421935
-0.21441326887541076
-0.21562737446639518
-0.21684172257922707
-0.21805631270099188
-0.21927114431379802
-0.22048621689476863
-0.22170152991602848
-0.22291708284470513
-0.22413287514292007
-0.22534890626777843
-0.22656517567135906
-0.22778168280070649
-0.22899842709782969
-0.23021540799969070
-0.23143262493820069
-0.23265007734020479
-0.23386776462747103
-0.23508568621669779
-0.23630384151949821
-0.23752222994239830
-0.23874085088681402
-0.23995970374906078
-0.24117878792034494
-0.24239810278675258
-0.24361764772923547
-0.24483742212361398
-0.24605742534056502
-0.24727765674561827
-0.24849811569914088
-0.24971880155633414
-0.25093971366722961
-0.25216085137667532
-0.25338221402434319
-0.25460380094471791
-0.25582561146708271
-0.25704764491550475
-0.25826990060884164
-0.25949237786072776
-0.26071507597957960
-0.26193799426857878
-0.26316113202566643
-0.26438448854353208
-0.26560806310961615
-0.26683185500610274
-0.26805586350990940
-0.26928008789267832
-0.27050452742077713
-0.27172918135528373
-0.27295404895198666
-0.27417912946137185
-0.27540442212861982
-0.27662992619360033
-0.27785564089086551
-0.27908156544964546
-0.28030769909384162
-0.28153404104202323
-0.28276059050741387
-0.28398734669788628
-0.28521430881596777
-0.28644147605882120
-0.28766884761824363
-0.28889642268065968
-0.29012420042712117
-0.29135218003328978
-0.29258036066944759
-0.29380874150048131
-0.29503732168587044
-0.29626610037968504
-0.29749507673058256
-0.29872424988180646
-0.29995361897117695
-0.30118318313108999
-0.30241294148850645
-0.30364289316494320
-0.30487303727648069
-0.30610337293374135
-0.30733389924188859
-0.30856461530063461
