-1.2299990960735816
-1.2299963270802967
-1.2299917121077166
-1.2299852511724176
-1.2299769442934796
-1.2299667914924086
-1.2299547927932015
-1.2299409482223584
-1.2299252578088569
-1.2299077215841387
-1.2298883395820710
-1.2298671118390492
-1.2298440383939711
-1.2298191192881718
-1.2297923545654625
-1.2297637442721432
-1.2297332884569627
-1.2297009871711715
-1.2296668404684943
-1.2296308484051175
-1.2295930110397018
-1.2295533284334073
-1.2295118006498291
-1.2294684277550614
-1.2294232098176709
-1.2293761469086972
-1.2293272391016523
-1.2292764864724941
-1.2292238890996781
-1.2291694470641183
-1.2291131604492003
-1.2290550293407931
-1.2289950538272367
-1.2289332339993284
-1.2288695699503231
-1.2288040617759990
-1.2287367095746464
-1.2286675134470397
-1.2285964734964361
-1.2285235898285363
-1.2284488625515622
-1.2283722917761795
-1.2282938776155101
-1.2282136201851455
-1.2281315196031595
-1.2280475759901082
-1.2279617894690043
-1.2278741601653178
-1.2277846882069881
-1.2276933737244120
-1.2276002168504827
-1.2275052177205765
-1.2274083764725152
-1.2273096932465386
-1.2272091681853290
-1.2271068014340263
-1.2270025931402435
-1.2268965434540535
-1.2267886525280034
-1.2266789205170892
-1.2265673475788328
-1.2264539338732072
-1.2263386795626363
-1.2262215848120470
-1.2261026497888194
-1.2259818746628515
-1.2258592596064413
-1.2257348047942718
-1.2256085104034411
-1.2254803766135189
-1.2253504036065601
-1.2252185915671192
-1.2250849406822391
-1.2249494511414518
-1.2248121231367266
-1.2246729568624155
-1.2245319525152980
-1.2243891102946753
-1.2242444304023217
-1.2240979130425242
-1.2239495584219922
-1.2237993667498297
-1.2236473382376054
-1.2234934730994098
-1.2233377715517768
-1.2231802338136575
-1.2230208601064392
-1.2228596506539604
-1.2226966056824846
-1.2225317254207577
-1.2223650100999979
-1.2221964599538446
-1.2220260752183485
-1.2218538561319747
-1.2216798029357117
-1.2215039158729981
-1.2213261951896979
-1.2211466411341534
-1.2209652539571270
-1.2207820339118289
-1.2205969812539224
-1.2204100962415645
-1.2202213791352807
-1.2200308301979690
-1.2198384496950592
-1.2196442378943879
-1.2194481950661653
-1.2192503214831218
-1.2190506174203963
-1.2188490831555236
-1.2186457189685069
-1.2184405251418025
-1.2182335019603701
-1.2180246497115741
-1.2178139686851392
-1.2176014591732187
-1.2173871214703749
-1.2171709558736352
-1.2169529626824609
-1.2167331421987284
-1.2165114947267479
-1.2162880205732949
-1.2160627200476044
-1.2158355934613105
-1.2156066411284121
-1.2153758633653333
-1.2151432604910104
-1.2149088328268074
-1.2146725806964818
-1.2144345044261919
-1.2141946043444805
-1.2139528807823186
-1.2137093340731147
-1.2134639645526732
-1.2132167725592524
-1.2129677584335357
-1.2127169225186596
-1.2124642651601194
-1.2122097867057295
-1.2119534875057600
-1.2116953679129754
-1.2114354282826028
-1.2111736689722501
-1.2109100903419285
-1.2106446927540322
-1.2103774765732946
-1.2101084421668287
-1.2098375899042031
-1.2095649201573997
-1.2092904333007575
-1.2090141297110619
-1.2087360097675444
-1.2084560738518269
-1.2081743223479340
-1.2078907556422986
-1.2076053741237256
-1.2073181781834337
-1.2070291682150862
-1.2067383446147013
-1.2064457077806283
-1.2061512581136571
-1.2058549960169944
-1.2055569218962181
-1.2052570361593196
-1.2049553392166159
-1.2046518314808412
-1.2043465133671252
-1.2040393852929649
-1.2037304476782755
-1.2034197009453385
-1.2031071455187807
-1.2027927818256439
-1.2024766102954043
-1.2021586313598880
-1.2018388454532973
-1.2015172530122036
-1.2011938544756218
-1.2008686502849026
-1.2005416408837417
-1.2002128267181853
-1.1998822082366345
-1.1995497858898863
-1.1992155601310854
-1.1988795314157534
-1.1985417002018135
-1.1982020669496010
-1.1978606321218284
-1.1975173961835799
-1.1971723596022885
-1.1968255228477125
-1.1964768863919195
-1.1961264507093643
-1.1957742162768268
-1.1954201835735017
-1.1950643530810061
-1.1947067252832893
-1.1943473006666450
-1.1939860797197903
-1.1936230629337403
-1.1932582508018335
-1.1928916438196959
-1.1925232424852970
-1.1921530472989603
-1.1917810587633775
-1.1914072773835738
-1.1910317036670293
-1.1906543381235613
-1.1902751812652057
-1.1898942336063856
-1.1895114956638659
-1.1891269679567809
-1.1887406510066127
-1.1883525453371289
-1.1879626514744543
-1.1875709699470298
-1.1871775012856018
-1.1867822460233053
-1.1863852046956354
-1.1859863778404423
-1.1855857659978906
-1.1851833697104879
-1.1847791895230024
-1.1843732259825350
-1.1839654796385570
-1.1835559510427955
-1.1831446407493191
-1.1827315493145549
-1.1823166772971856
-1.1819000252581691
-1.1814815937608012
-1.1810613833706776
-1.1806393946557676
-1.1802156281863683
-1.1797900845350284
-1.1793627642766229
-1.1789336679883915
-1.1785027962499282
-1.1780701496430832
-1.1776357287519645
-1.1771995341630010
-1.1767615664648565
-1.1763218262485158
-1.1758803141072849
-1.1754370306367172
-1.1749919764346906
-1.1745451521013852
-1.1740965582392977
-1.1736461954532846
-1.1731940643504908
-1.1727401655402985
-1.1722844996343318
-1.1718270672464697
-1.1713678689929132
-1.1709069054922101
-1.1704441773652059
-1.1699796852349849
-1.1695134297268865
-1.1690454114685309
-1.1685756310897921
-1.1681040892227730
-1.1676307865018420
-1.1671557235636711
-1.1666789010472636
-1.1662003195938555
-1.1657199798468918
-1.1652378824520750
-1.1647540280573947
-1.1642684173131246
-1.1637810508718311
-1.1632919293883921
-1.1628010535199849
-1.1623084239260020
-1.1618140412680704
-1.1613179062101140
-1.1608200194182803
-1.1603203815609406
-1.1598189933087526
-1.1593158553345986
-1.1588109683136176
-1.1583043329231868
-1.1577959498429531
-1.1572858197547944
-1.1567739433427795
-1.1562603212932023
-1.1557449542946063
-1.1552278430377754
-1.1547089882157076
-1.1541883905236294
-1.1536660506590823
-1.1531419693218343
-1.1526161472138230
-1.1520885850392315
-1.1515592835044546
-1.1510282433181029
-1.1504954651910098
-1.1499609498362162
-1.1494246979690499
-1.1488867103070612
-1.1483469875699790
-1.1478055304797672
-1.1472623397606247
-1.1467174161390035
-1.1461707603435345
-1.1456223731050050
-1.1450722551563794
-1.1445204072328699
-1.1439668300718939
-1.1434115244130252
-1.1428544909980529
-1.1422957305709331
-1.1417352438778607
-1.1411730316672901
-1.1406090946898753
-1.1400434336984326
-1.1394760494480018
-1.1389069426957581
-1.1383361142010335
-1.1377635647253921
-1.1371892950325835
-1.1366133058885157
-1.1360355980612495
-1.1354561723210213
-1.1348750294402485
-1.1342921701936044
-1.1337075953579343
-1.1331213057121998
-1.1325333020375750
-1.1319435851174329
-1.1313521557373103
-1.1307590146848643
-1.1301641627498598
-1.1295676007242568
-1.1289693294022085
-1.1283693495799905
-1.1277676620560459
-1.1271642676309863
-1.1265591671075386
-1.1259523612905553
-1.1253438509870661
-1.1247336370063148
-1.1241217201597096
-1.1235081012607735
-1.1228927811251741
-1.1222757605707063
-1.1216570404172994
-1.1210366214869647
-1.1204145046038252
-1.1197906905941744
-1.1191651802864335
-1.1185379745111594
-1.1179090741010305
-1.1172784798908690
-1.1166461927175866
-1.1160122134202337
-1.1153765428400466
-1.1147391818204440
-1.1141001312069492
-1.1134593918471647
-1.1128169645908379
-1.1121728502898345
-1.1115270497980778
-1.1108795639716333
-1.1102303936686835
-1.1095795397494848
-1.1089270030764444
-1.1082727845140605
-1.1076168849288719
-1.1069593051895876
-1.1063000461670458
-1.1056391087340882
-1.1049764937656135
-1.1043122021386460
-1.1036462347323286
-1.1029785924279354
-1.1023092761087887
-1.1016382866602557
-1.1009656249697677
-1.1002912919268233
-1.0996152884230106
-1.0989376153519848
-1.0982582736094892
-1.0975772640933261
-1.0968945877034040
-1.0962102453417415
-1.0955242379124230
-1.0948365663216044
-1.0941472314774519
-1.0934562342901979
-1.0927635756721474
-1.0920692565376591
-1.0913732778031424
-1.0906756403870983
-1.0899763452100928
-1.0892753931947561
-1.0885727852657232
-1.0878685223496669
-1.0871626053753041
-1.0864550352734046
-1.0857458129767905
-1.0850349394203769
-1.0843224155411557
-1.0836082422781550
-1.0828924205723982
-1.0821749513669456
-1.0814558356069279
-1.0807350742395798
-1.0800126682140774
-1.0792886184815804
-1.0785629259952909
-1.0778355917104627
-1.0771066165844272
-1.0763760015764727
-1.0756437476478395
-1.0749098557617780
-1.0741743268835588
-1.0734371619805156
-1.0726983620219426
-1.0719579279791200
-1.0712158608253421
-1.0704721615358639
-1.0697268310879751
-1.0689798704609799
-1.0682312806362395
-1.0674810625970874
-1.0667292173288074
-1.0659757458186934
-1.0652206490560430
-1.0644639280321075
-1.0637055837401821
-1.0629456171755376
-1.0621840293354783
-1.0614208212192275
-1.0606559938279543
-1.0598895481648469
-1.0591214852350637
-1.0583518060457584
-1.0575805116059991
-1.0568076029268392
-1.0560330810212688
-1.0552569469042581
-1.0544792015927824
-1.0536998461057714
-1.0529188814640740
-1.0521363086905156
-1.0513521288099110
-1.0505663428490291
-1.0497789518365719
-1.0489899568031551
-1.0481993587813321
-1.0474071588055918
-1.0466133579124000
-1.0458179571401496
-1.0450209575292027
-1.0442223601218839
-1.0434221659623684
-1.0426203760967381
-1.0418169915730382
-1.0410120134412406
-1.0402054427532559
-1.0393972805629161
-1.0385875279260262
-1.0377761859002987
-1.0369632555453623
-1.0361487379227243
-1.0353326340957649
-1.0345149451297326
-1.0336956720918313
-1.0328748160512888
-1.0320523780792150
-1.0312283592485318
-1.0304027606340567
-1.0295755833124964
-1.0287468283624543
-1.0279164968643957
-1.0270845899007002
-1.0262511085556811
-1.0254160539155515
-1.0245794270684607
-1.0237412291043817
-1.0229014611151712
-1.0220601241945952
-1.0212172194383189
-1.0203727479438487
-1.0195267108105115
-1.0186791091395078
-1.0178299440339740
-1.0169792165989850
-1.0161269279414706
-1.0152730791701754
-1.0144176713956872
-1.0135607057304554
-1.0127021832887739
-1.0118421051868625
-1.0109804725427507
-1.0101172864762686
-1.0092525481091097
-1.0083862585648748
-1.0075184189690423
-1.0066490304489242
-1.0057780941336492
-1.0049056111541905
-1.0040315826433548
-1.0031560097357226
-1.0022788935677027
-1.0014002352775320
-1.0005200360052557
-0.99963829689274042
-0.99875501908374420
-0.99787020372387514
-0.99698385196059625
-0.99609596494320352
-0.99520654382275053
-0.99431558975207046
-0.99342310388582533
-0.99252908738044865
-0.99163354139426352
-0.99073646708737961
-0.98983786562169351
-0.98893773816096620
-0.98803608587071856
-0.98713290991821656
-0.98622821147256001
-0.98532199170463486
-0.98441425178712927
-0.98350499289453652
-0.98259421620316267
-0.98168192289106404
-0.98076811413807374
-0.97985279112577617
-0.97893595503756414
-0.97801760705859286
-0.97709774837577157
-0.97617638017779296
-0.97525350365506691
-0.97432911999976701
-0.97340323040588328
-0.97247583606920462
-0.97154693818728033
-0.97061653795936331
-0.96968463658648507
-0.96875123527145990
-0.96781633521883870
-0.96687993763496860
-0.96594204372798753
-0.96500265470768209
-0.96406177178556463
-0.96311939617494191
-0.96217552909088178
-0.96123017175015002
-0.96028332537127592
-0.95933499117449972
-0.95838517038178084
-0.95743386421684862
-0.95648107390513526
-0.95552680067376883
-0.95457104575160923
-0.95361381036929593
-0.95265509575916585
-0.95169490315524241
-0.95073323379330454
-0.94977008891085002
-0.94880546974704627
-0.94783937754274827
-0.94687181354055083
-0.94590277898473329
-0.94493227512130173
-0.94396030319792390
-0.94298686446392999
-0.94201196017039590
-0.94103559157009509
-0.94005775991744123
-0.93907846646854454
-0.93809771248122809
-0.93711549921502657
-0.93613182793113736
-0.93514669989240184
-0.93416011636336793
-0.93317207861022300
-0.93218258790084252
-0.93119164550477940
-0.93019925269325221
-0.92920541073915519
-0.92821012091704458
-0.92721338450312429
-0.92621520277528735
-0.92521557701307577
-0.92421450849768549
-0.92321199851197056
-0.92220804834039960
-0.92120265926912348
-0.92019583258597282
-0.91918756958043779
-0.91817787154357777
-0.91716673976808438
-0.91615417554830847
-0.91514018018022125
-0.91412475496142775
-0.91310790119119112
-0.91208962017048001
-0.91106991320188002
-0.91004878158958291
-0.90902622663937505
-0.90800224965864362
-0.90697685195640521
-0.90595003484325631
-0.90492179963143249
-0.90389214763476622
-0.90286108016872313
-0.90182859855036801
-0.90079470409835294
-0.89975939813293870
-0.89872268197594707
-0.89768455695082139
-0.89664502438259863
-0.89560408559796501
-0.89456174192519555
-0.89351799469412341
-0.89247284523621462
-0.89142629488453395
-0.89037834497370949
-0.88932899684001543
-0.88827825182126108
-0.88722611125678386
-0.88617257648748360
-0.88511764885586786
-0.88406132970598805
-0.88300362038347957
-0.88194452223557152
-0.88088403661104064
-0.87982216486024822
-0.87875890833514481
-0.87769426838918008
-0.87662824637728454
-0.87556084365597375
-0.87449206158332571
-0.87342190151893928
-0.87235036482394035
-0.87127745286102842
-0.87020316699449263
-0.86912750859012089
-0.86805047901527599
-0.86697207963882306
-0.86589231183110937
-0.86481117696402376
-0.86372867641103368
-0.86264481154715134
-0.86155958374888630
-0.86047299439428038
-0.85938504486286849
-0.85829573653571034
-0.85720507079538966
-0.85611304902598195
-0.85501967261309286
-0.85392494294384325
-0.85282886140683334
-0.85173142939215651
-0.85063264829141194
-0.84953251949769426
-0.84843104440562345
-0.84732822441133415
-0.84622406091239211
-0.84511855530786095
-0.84401170899828648
-0.84290352338567986
-0.84179399987355974
-0.84068313986694276
-0.83957094477234440
-0.83845741599774704
-0.83734255495258780
-0.83622636304779474
-0.83510884169576094
-0.83398999231034887
-0.83286981630688250
-0.83174831510218894
-0.83062549011451881
-0.82950134276356446
-0.82837587447050798
-0.82724908665795815
-0.82612098074996598
-0.82499155817207714
-0.82386082035130548
-0.82272876871610578
-0.82159540469636350
-0.82046072972344453
-0.81932474523011500
-0.81818745265053838
-0.81704885342032030
-0.81590894897648325
-0.81476774075748126
-0.81362523020321076
-0.81248141875502211
-0.81133630785571986
-0.81018989894953297
-0.80904219348205475
-0.80789319290029782
-0.80674289865272852
-0.80559131218921343
-0.80443843496098522
-0.80328426842072209
-0.80212881402252922
-0.80097207322186181
-0.79981404747555496
-0.79865473824185007
-0.79749414698035304
-0.79633227515208904
-0.79516912421949726
-0.79400469564641618
-0.79283899089806675
-0.79167201144106458
-0.79050375874340217
-0.78933423427448568
-0.78816343950510692
-0.78699137590738399
-0.78581804495479679
-0.78464344812218378
-0.78346758688573703
-0.78229046272304459
-0.78111207711303554
-0.77993243153600245
-0.77875152747361198
-0.77756936640891439
-0.77638594982632425
-0.77520127921163884
-0.77401535605199767
-0.77282818183591750
-0.77163975805326135
-0.77045008619515964
-0.76925916775406022
-0.76806700422375029
-0.76687359709934078
-0.76567894787730573
-0.76448305805546402
-0.76328592913301629
-0.76208756261050847
-0.76088795998976533
-0.75968712277396377
-0.75848505246760056
-0.75728175057650915
-0.75607721860781796
-0.75487145806998412
-0.75366447047277707
-0.75245625732729227
-0.75124682014590027
-0.75003616044222832
-0.74882427973121646
-0.74761117952917444
-0.74639686135372796
-0.74518132672376125
-0.74396457715949116
-0.74274661418238275
-0.74152743931519294
-0.74030705408199549
-0.73908546000817799
-0.73786265862037437
-0.73663865144648821
-0.73541344001570585
-0.73418702585851070
-0.73295941050663904
-0.73173059549313979
-0.73050058235233073
-0.72926937261978408
-0.72803696783229932
-0.72680336952797808
-0.72556857924613427
-0.72433259852732157
-0.72309542891337009
-0.72185707194737625
-0.72061752917372923
-0.71937680213804722
-0.71813489238718442
-0.71689180146926568
-0.71564753093366784
-0.71440208233097990
-0.71315545721305496
-0.71190765713296300
-0.71065868364498774
-0.70940853830467510
-0.70815722266882974
-0.70690473829548395
-0.70565108674389632
-0.70439626957450963
-0.70314028834904374
-0.70188314463040258
-0.70062483998268799
-0.69936537597123771
-0.69810475416262929
-0.69684297612461155
-0.69558004342613522
-0.69431595763738152
-0.69305072032978254
-0.69178433307597131
-0.69051679744977745
-0.68924811502618477
-0.68797828738140354
-0.68670731609286295
-0.68543520273914416
-0.68416194890000204
-0.68288755615634100
-0.68161202609025884
-0.68033536028506691
-0.67905756032523867
-0.67777862779646469
-0.67649856428557698
-0.67521737138056825
-0.67393505067062043
-0.67265160374608013
-0.67136703219846028
-0.67008133762043665
-0.66879452160579522
-0.66750658574949417
-0.66621753164768482
-0.66492736089768079
-0.66363607509793254
-0.66234367584803033
-0.66105016474872469
-0.65975554340194686
-0.65845981341073401
-0.65716297637926702
-0.65586503391285655
-0.65456598761791951
-0.65326583910207703
-0.65196458997408091
-0.65066224184382027
-0.64935879632229510
-0.64805425502166814
-0.64674861955518304
-0.64544189153717457
-0.64413407258313482
-0.64282516430967807
-0.64151516833453581
-0.64020408627655334
-0.63889191975564508
-0.63757867039283611
-0.63626433981027319
-0.63494892963123983
-0.63363244148015763
-0.63231487698252453
-0.63099623776489078
-0.62967652545490138
-0.62835574168129071
-0.62703388807390847
-0.62571096626370470
-0.62438697788269715
-0.62306192456396703
-0.62173580794169914
-0.62040862965117782
-0.61908039132878789
-0.61775109461193833
-0.61642074113914069
-0.61508933254999643
-0.61375687048511918
-0.61242335658619473
-0.61108879249600667
-0.60975317985841160
-0.60841652031831228
-0.60707881552163490
-0.60574006711537309
-0.60440027674753882
-0.60305944606721251
-0.60171757672452597
-0.60037467037066794
-0.59903072865790774
-0.59768575323954165
-0.59633974576987669
-0.59499270790429470
-0.59364464129922179
-0.59229554761207448
-0.59094542850129550
-0.58959428562638050
-0.58824212064783876
-0.58688893522717323
-0.58553473102694309
-0.58417950971076626
-0.58282327294326031
-0.58146602239003320
-0.58010775971772133
-0.57874848659400802
-0.57738820468756102
-0.57602691566802577
-0.57466462120608242
-0.57330132297342096
-0.57193702264273283
-0.57057172188770711
-0.56920542238303728
-0.56783812580441329
-0.56646983382847926
-0.56510054813287569
-0.56373027039624857
-0.56235900229824687
-0.56098674551949035
-0.55961350174154689
-0.55823927264694273
-0.55686405991920884
-0.55548786524288130
-0.55411069030347104
-0.55273253678743617
-0.55135340638221231
-0.54997330077620465
-0.54859222165876187
-0.54721017072020783
-0.54582714965185319
-0.54444316014592431
-0.54305820389559389
-0.54167228259498812
-0.54028539793918129
-0.53889755162421915
-0.53750874534710902
-0.53611898080583442
-0.53472825969931537
-0.53333658372738013
-0.53194395459077060
-0.53055037399116289
-0.52915584363121204
-0.52776036521447178
-0.52636394044542312
-0.52496657102951838
-0.52356825867309453
-0.52216900508341135
-0.52076881196864688
-0.51936768103790876
-0.51796561400119356
-0.51656261256942737
-0.51515867845442642
-0.51375381336892001
-0.51234801902653937
-0.51094129714184267
-0.50953364943028645
-0.50812507760820547
-0.50671558339284783
-0.50530516850235818
-0.50389383465576842
-0.50248158357298978
-0.50106841697485061
-0.49965433658306235
-0.49823934412022092
-0.49682344130980244
-0.49540662987619227
-0.49398891154460989
-0.49257028804114822
-0.49115076109276989
-0.48973033242733172
-0.48830900377359943
-0.48688677686120907
-0.48546365342062187
-0.48403963518314919
-0.48261472388096144
-0.48118892124712292
-0.47976222901553911
-0.47833464892099337
-0.47690618269909535
-0.47547683208630970
-0.47404659881993161
-0.47261548463809933
-0.47118349127979775
-0.46975062048485317
-0.46831687399395105
-0.46688225354861979
-0.46544676089120990
-0.46401039776490444
-0.46257316591374248
-0.46113506708260499
-0.45969610301716618
-0.45825627546391046
-0.45681558617015783
-0.45537403688408573
-0.45393162935467896
-0.45248836533170506
-0.45104424656575881
-0.44959927480826117
-0.44815345181141875
-0.44670677932826186
-0.44525925911261865
-0.44381089291911868
-0.44236168250318525
-0.44091162962102887
-0.43946073602967828
-0.43800900348695293
-0.43655643375146852
-0.43510302858263677
-0.43364878974064031
-0.43219371898643971
-0.43073781808178196
-0.42928108878921478
-0.42782353287206587
-0.42636515209442805
-0.42490594822116595
-0.42344592301791478
-0.42198507825109532
-0.42052341568790019
-0.41906093709627401
-0.41759764424492968
-0.41613353890335780
-0.41466862284177824
-0.41320289783116559
-0.41173636564328447
-0.41026902805066406
-0.40880088682655957
-0.40733194374498399
-0.40586220058070382
-0.40439165910921976
-0.40292032110679032
-0.40144818835042484
-0.39997526261787847
-0.39850154568763169
-0.39702703933889100
-0.39555174535157872
-0.39407566550635936
-0.39259880158462385
-0.39112115536846603
-0.38964272864069988
-0.38816352318487835
-0.38668354078528133
-0.38520278322690354
-0.38372125229547299
-0.38223894977742434
-0.38075587745988665
-0.37927203713069857
-0.37778743057841607
-0.37630205959230434
-0.37481592596231827
-0.37332903147911128
-0.37184137793404809
-0.37035296711919524
-0.36886380082731085
-0.36737388085184741
-0.36588320898694793
-0.36439178702742370
-0.36289961676878679
-0.36140670000724107
-0.35991303853966716
-0.35841863416361197
-0.35692348867730733
-0.35542760387965616
-0.35393098157024033
-0.35243362354931201
-0.35093553161780688
-0.34943670757732292
-0.34793715323011465
-0.34643687037909643
-0.34493586082783750
-0.34343412638056409
-0.34193166884215498
-0.34042849001815906
-0.33892459171477246
-0.33741997573884164
-0.33591464389786674
-0.33440859799997541
-0.33290183985394850
-0.33139437126921356
-0.32988619405584307
-0.32837731002454046
-0.32686772098663086
-0.32535742875407692
-0.32384643513946965
-0.32233474195604367
-0.32082235101766626
-0.31930926413883393
-0.31779548313465233
-0.31628100982083712
-0.31476584601374441
-0.31324999353033905
-0.31173345418819265
-0.31021622980550045
-0.30869832220105220
-0.30717973319425823
-0.30566046460513313
-0.30414051825429739
-0.30261989596298527
-0.30109859955302809
-0.29957663084684361
-0.29805399166744068
-0.29653068383841225
-0.29500670918395200
-0.29348206952884048
-0.29195676669844128
-0.29043080251871306
-0.28890417881619196
-0.28737689741798872
-0.28584896015178862
-0.28432036884587414
-0.28279112532911127
-0.28126123143094373
-0.27973068898137948
-0.27819949981099212
-0.27666766575092516
-0.27513518863288278
-0.27360207028911793
-0.27206831255244707
-0.27053391725623560
-0.26899888623442425
-0.26746322132150036
-0.26592692435249526
-0.26438999716299583
-0.26285244158914245
-0.26131425946760567
-0.25977545263561341
-0.25823602293092107
-0.25669597219182660
-0.25515530225716676
-0.25361401496633290
-0.25207211215924469
-0.25052959567635719
-0.24898646735864416
-0.24744272904760276
-0.24589838258525268
-0.24435342981414521
-0.24280787257733524
-0.24126171271839431
-0.23971495208142005
-0.23816759251102049
-0.23661963585233162
-0.23507108395099466
-0.23352193865315715
-0.23197220180548245
-0.23042187525512275
-0.22887096084972566
-0.22731946043744075
-0.22576737586692583
-0.22421470898732523
-0.22266146164828535
-0.22110763569995689
-0.21955323299296969
-0.21799825537844347
-0.21644270470798330
-0.21488658283368314
-0.21332989160811383
-0.21177263288433043
-0.21021480851585589
-0.20865642035668955
-0.20709747026129138
-0.20553796008461847
-0.20397789168208577
-0.20241726690957823
-0.20085608762345178
-0.19929435568051468
-0.19773207293804032
-0.19616924125374871
-0.19460586248583200
-0.19304193849294818
-0.19147747113420258
-0.18991246226913791
-0.18834691375774809
-0.18678082746047683
-0.18521420523821577
-0.18364704895229103
-0.18207936046447754
-0.18051114163699020
-0.17894239433247883
-0.17737312041403086
-0.17580332174515875
-0.17423300018979959
-0.17266215761231435
-0.17109079587749917
-0.16951891685058113
-0.16794652239721014
-0.16637361438345133
-0.16480019467578519
-0.16322626514111907
-0.16165182764677988
-0.16007688406051077
-0.15850143625044472
-0.15692548608511692
-0.15534903543347703
-0.15377208616487836
-0.15219464014907910
-0.15061669925624335
-0.14903826535691986
-0.14745934032204328
-0.14587992602295857
-0.14430002433139574
-0.14271963711948288
-0.14113876625973307
-0.13955741362505006
-0.13797558108870775
-0.13639327052437850
-0.13481048380609822
-0.13322722280827992
-0.13164348940571960
-0.13005928547358378
-0.12847461288741252
-0.12688947352312541
-0.12530386925700251
-0.12371780196569486
-0.12213127352621232
-0.12054428581593422
-0.11895684071258386
-0.11736894009425337
-0.11578058583938873
-0.11419177982677914
-0.11260252393556018
-0.11101282004522814
-0.10942267003562259
-0.10783207578691957
-0.10624103917963869
-0.10464956209465380
-0.10305764641317904
-0.10146529401676674
-9.9872506787307982E-002
-9.8279286607018568E-002
-9.6685635358447056E-002
-9.5091554924476587E-002
-9.3497047188304469E-002
-9.1902114033456939E-002
-9.0306757343783420E-002
-8.8710979003461199E-002
-8.7114780896978536E-002
-8.5518164909150818E-002
-8.3921132925105488E-002
-8.2323686830279130E-002
-8.0725828510419234E-002
-7.9127559851585996E-002
-7.7528882740153959E-002
-7.5929799062787171E-002
-7.4330310706451436E-002
-7.2730419558415457E-002
-7.1130127506256122E-002
-6.9529436437847952E-002
-6.7928348241351508E-002
-6.6326864805231797E-002
-6.4724988018246957E-002
-6.3122719769441143E-002
-6.1520061948141073E-002
-5.9917016443961794E-002
-5.8313585146808310E-002
-5.6709769946865544E-002
-5.5105572734585294E-002
-5.3500995400704528E-002
-5.1896039836234815E-002
-5.0290707932472367E-002
-4.8685001580978944E-002
-4.7078922673564831E-002
-4.5472473102326778E-002
-4.3865654759624832E-002
-4.2258469538086180E-002
-4.0650919330592922E-002
-3.9043006030279520E-002
-3.7434731530542414E-002
-3.5826097725032480E-002
-3.4217106507655075E-002
-3.2607759772570771E-002
-3.0998059414190010E-002
-2.9388007327168082E-002
-2.7777605406398703E-002
-2.6166855547026014E-002
-2.4555759644431983E-002
-2.2944319594248100E-002
-2.1332537292338014E-002
-1.9720414634799927E-002
-1.8107953517974170E-002
-1.6495155838423058E-002
-1.4882023492937595E-002
-1.3268558378541979E-002
-1.1654762392475858E-002
-1.0040637432210149E-002
-8.4261853954334161E-003
-6.8114081800506746E-003
-5.1963076841869899E-003
-3.5808858061881482E-003
-1.9651444446164724E-003
-3.4908549824370721E-004
1.2672891339587666E-003
2.8839775528132130E-003
4.5009778589260750E-003
6.1182881527005349E-003
7.7359065343461011E-003
9.3538311038649131E-003
1.0972059961062557E-002
1.2590591205549879E-002
1.4209422936749417E-002
1.5828553253890393E-002
1.7447980256009275E-002
1.9067702041954574E-002
2.0687716710382945E-002
2.2308022359765464E-002
2.3928617088393663E-002
2.5549498994374410E-002
2.7170666175641497E-002
2.8792116729955883E-002
3.0413848754904632E-002
3.2035860347896933E-002
3.3658149606167330E-002
3.5280714626778641E-002
3.6903553506633074E-002
3.8526664342464337E-002
4.0150045230843201E-002
4.1773694268185543E-002
4.3397609550757693E-002
4.5021789174656823E-002
4.6646231235825432E-002
4.8270933830059079E-002
4.9895895052996207E-002
5.1521113000122021E-002
5.3146585766788990E-002
5.4772311448197629E-002
5.6398288139406540E-002
5.8024513935331160E-002
5.9650986930739974E-002
6.1277705220270630E-002
6.2904666898429662E-002
6.4531870059592308E-002
6.6159312798003606E-002
6.7786993207770971E-002
6.9414909382876158E-002
7.1043059417177382E-002
7.2671441404410286E-002
7.4300053438184244E-002
7.5928893611992648E-002
7.7557960019215999E-002
7.9187250753115904E-002
8.0816763906840658E-002
8.2446497573420416E-002
8.4076449845777224E-002
8.5706618816725658E-002
8.7337002578978085E-002
8.8967599225143149E-002
9.0598406847724564E-002
9.2229423539124084E-002
9.3860647391640087E-002
9.5492076497479109E-002
9.7123708948755272E-002
9.8755542837489982E-002
0.10038757625561172
0.10201980729495877
0.10365223404728802
0.10528485460426851
0.10691766705748336
0.10855066949843534
0.11018386001854831
0.11181723670916792
0.11345079766156808
0.11508454096695159
0.11671846471644577
0.11835256700111184
0.11998684591194449
0.12162129953986865
0.12325592597574753
0.12489072331038559
0.12652568963453026
0.12816082303886353
0.12979612161401519
0.13143158345056291
0.13306720663903204
0.13470298926989693
0.13633892943358417
0.13797502522047395
0.13961127472089988
0.14124767602515370
0.14288422722348257
0.14452092640609532
0.14615777166316588
0.14779476108483469
0.14943189276120769
0.15106916478236074
0.15270657523833950
0.15434412221916152
0.15598180381481969
0.15761961811528552
0.15925756321050821
0.16089563719041966
0.16253383814493208
0.16417216416394412
0.16581061333734254
0.16744918375500170
0.16908787350678303
0.17072668068253954
0.17236560337211879
0.17400463966536633
0.17564378765212546
0.17728304542223797
0.17892241106554654
0.18056188267189716
0.18220145833113907
0.18384113613313083
0.18548091416774240
0.18712079052485409
0.18876076329435842
0.19040083056616314
0.19204099043019504
0.19368124097639880
0.19532158029473748
0.19696200647519607
0.19860251760778597
0.20024311178254364
0.20188378708953358
0.20352454161885031
0.20516537346062169
0.20680628070500814
0.20844726144220649
0.21008831376245132
0.21172943575601719
0.21337062551322000
0.21501188112441863
0.21665320068001614
0.21829458227046314
0.21993602398625936
0.22157752391795618
0.22321908015615735
0.22486069079152102
0.22650235391476162
0.22814406761665260
0.22978582998802802
0.23142763911978342
0.23306949310287836
0.23471139002833882
0.23635332798725933
0.23799530507080285
0.23963731937020447
0.24127936897677263
0.24292145198189111
0.24456356647702077
0.24620571055370175
0.24784788230355553
0.24949007981828655
0.25113230118968483
0.25277454450962655
0.25441680787007603
0.25605908936308824
0.25770138708081070
0.25934369911548522
0.26098602355944972
0.26262835850513977
0.26427070204509073
0.26591305227193990
0.26755540727842803
0.26919776515740135
0.27084012400181334
0.27248248190472674
0.27412483695931533
0.27576718725886590
0.27740953089678000
0.27905186596657594
0.28069419056189032
0.28233650277648009
0.28397880070422443
0.28562108243912671
0.28726334607531634
0.28890558970705038
0.29054781142871555
0.29219000933483019
0.29383218152004592
0.29547432607914981
0.29711644110706598
0.29875852469885783
0.30040057494973005
0.30204258995502992
0.30368456781024955
0.30532650661102795
0.30696840445315188
0.30861025943255749
0.31025206964533336
0.31189383318772290
0.31353554815612389
0.31517721264709186
0.31681882475734247
0.31846038258375292
0.32010188422336316
0.32174332777337838
0.32338471133117108
0.32502603299428223
0.32666729086042268
0.32830848302747540
0.32994960759349884
0.33159066265672721
0.33323164631557184
0.33487255666862492
0.33651339181466133
0.33815414985264020
0.33979482888170598
0.34143542700118801
0.34307594231060157
0.34471637290965534
0.34635671689825148
0.34799697237648941
0.34963713744466673
0.35127721020327729
0.35291718875301198
0.35455707119476249
0.35619685562962627
0.35783654015890631
0.35947612288411235
0.36111560190696390
0.36275497532939277
0.36439424125354175
0.36603339778176869
0.36767244301664836
0.36931137506097733
0.37095019201777107
0.37258889199026635
0.37422747308192122
0.37586593339641866
0.37750427103767437
0.37914248410983359
0.38078057071727456
0.38241852896460488
0.38405635695666679
0.38569405279854108
0.38733161459554499
0.38896904045323810
0.39060632847742105
0.39224347677413851
0.39388048344968202
0.39551734661059090
0.39715406436365530
0.39879063481591914
0.40042705607467766
0.40206332624748375
0.40369944344214431
0.40533540576672450
0.40697121132955072
0.40860685823921378
0.41024234460456616
0.41187766853472768
0.41351282813908619
0.41514782152730328
0.41678264680930777
0.41841730209529493
0.42005178549574129
0.42168609512139765
0.42332022908329647
0.42495418549275005
0.42658796246135250
0.42822155810097934
0.42985497052379340
0.43148819784224579
0.43312123816907810
0.43475408961732448
0.43638675030030966
0.43801921833165247
0.43965149182527097
0.44128356889538334
0.44291544765650570
0.44454712622345416
0.44617860271135185
0.44780987523563104
0.44944094191202955
0.45107180085659598
0.45270245018569555
0.45433288801599797
0.45596311246448612
0.45759312164846000
0.45922291368554263
0.46085248669367412
0.46248183879111759
0.46411096809646496
0.46573987272862766
0.46736855080684231
0.46899700045067155
0.47062521978001187
0.47225320691509082
0.47388095997647339
0.47550847708505728
0.47713575636208078
0.47876279592912757
0.48038959390812008
0.48201614842132995
0.48364245759136754
0.48526851954118638
0.48689433239408969
0.48851989427373105
0.49014520330411959
0.49177025760961879
0.49339505531495337
0.49501959454520428
0.49664387342581151
0.49826789008257494
0.49989164264165536
0.50151512922958164
0.50313834797324952
0.50476129699992045
0.50638397443722472
0.50800637841317287
0.50962850705614826
0.51125035849490164
0.51287193085856098
0.51449322227663652
0.51611423087901731
0.51773495479597664
0.51935539215817572
0.52097554109667388
0.52259539974290870
0.52421496622870178
0.52583423868627432
0.52745321524823574
0.52907189404758748
0.53069027321773132
0.53230835089246531
0.53392612520598537
0.53554359429289611
0.53716075628820170
0.53877760932731267
0.54039415154604642
0.54201038108062849
0.54362629606770208
0.54524189464432637
0.54685717494796948
0.54847213511652082
0.55008677328828459
0.55170108760197867
0.55331507619673825
0.55492873721213021
0.55654206878815404
0.55815506906522994
0.55976773618420572
0.56138006828636478
0.56299206351342379
0.56460372000752568
0.56621503591125266
0.56782600936762451
0.56943663852010284
0.57104692151259895
0.57265685648945763
0.57426644159546536
0.57587567497584802
0.57748455477628458
0.57909307914290198
0.58070124622228247
0.58230905416146928
0.58391650110794924
0.58552358520966807
0.58713030461503768
0.58873665747292481
0.59034264193265973
0.59194825614403390
0.59355349825731141
0.59515836642321573
0.59676285879293178
0.59836697351812307
0.59997070875093306
0.60157406264398450
0.60317703335037121
0.60477961902365385
0.60638181781788547
0.60798362788759541
0.60958504738778840
0.61118607447396112
0.61278670730209783
0.61438694402866467
0.61598678281061825
0.61758622180540457
0.61918525917096412
0.62078389306573734
0.62238212164865370
0.62397994307913440
0.62557735551711879
0.62717435712304748
0.62877094605786621
0.63036712048301924
0.63196287856045263
0.63355821845263816
0.63515313832255027
0.63674763633366960
0.63834171065000755
0.63993535943608648
0.64152858085693432
0.64312137307809991
0.64471373426565470
0.64630566258619848
0.64789715620685051
0.64948821329524864
0.65107883201956762
0.65266901054851689
0.65425874705133291
0.65584803969777861
0.65743688665815603
0.65902528610330569
0.66061323620460344
0.66220073513396649
0.66378778106384650
0.66537437216724227
0.66696050661769457
0.66854618258930099
0.67013139825670953
0.67171615179511512
0.67330044138025480
0.67488426518843636
0.67646762139651562
0.67805050818190260
0.67963292372257733
0.68121486619707305
0.68279633378447790
0.68437732466443646
0.68595783701715929
0.68753786902344383
0.68911741886466682
0.69069648472275280
0.69227506478020007
0.69385315722009711
0.69543076022609829
0.69700787198242320
0.69858449067387107
0.70016061448584210
0.70173624160431614
0.70331137021585632
0.70488599850762168
0.70646012466733654
0.70803374688331300
0.70960686334446843
0.71117947224030986
0.71275157176094139
0.71432316009706176
0.71589423543996877
0.71746479598155433
0.71903483991430661
0.72060436543132311
0.72217337072629717
0.72374185399352831
0.72530981342794087
0.72687724722506797
0.72844415358103798
0.73001053069259603
0.73157637675710085
0.73314168997253881
0.73470646853750432
0.73627071065120564
0.73783441451347553
0.73939757832477149
0.74096020028618392
0.74252227859942788
0.74408381146684610
0.74564479709141163
0.74720523367673664
0.74876511942707535
0.75032445254731295
0.75188323124296264
0.75344145372016857
0.75499911818572063
0.75655622284704604
0.75811276591220911
0.75966874558992326
0.76122416008955962
0.76277900762114481
0.76433328639535880
0.76588699462350829
0.76744013051754800
0.76899269229008915
0.77054467815440275
0.77209608632443805
0.77364691501480509
0.77519716244076942
0.77674682681825225
0.77829590636383439
0.77984439929476834
0.78139230382897873
0.78293961818505342
0.78448634058225730
0.78603246924053816
0.78757800238052167
0.78912293822349822
0.79066727499142797
0.79221101090695423
0.79375414419341250
0.79529667307481833
0.79683859577587535
0.79837991052197232
0.79992061553918425
0.80146070905427236
0.80300018929469463
0.80453905448860452
0.80607730286484380
0.80761493265294682
0.80915194208314578
0.81068832938636382
0.81222409279424246
0.81375923053912902
0.81529374085408102
0.81682762197286085
0.81836087212992392
0.81989348956042585
0.82142547250024667
0.82295681918597796
0.82448752785492052
0.82601759674510666
0.82754702409528746
0.82907580814492976
0.83060394713422858
0.83213143930409716
0.83365828289616462
0.83518447615279534
0.83671001731708683
0.83823490463285955
0.83975913634465471
0.84128271069774274
0.84280562593813202
0.84432788031256312
0.84584947206851746
0.84737039945421500
0.84889066071860786
0.85041025411139937
0.85192917788304456
0.85344743028474901
0.85496500956846766
0.85648191398691065
0.85799814179351763
0.85951369124247834
0.86102856058873822
0.86254274808799636
0.86405625199670488
0.86556907057208576
0.86708120207213746
0.86859264475561460
0.87010339688202953
0.87161345671165413
0.87312282250552531
0.87463149252544681
0.87613946503397899
0.87764673829445650
0.87915331057099677
0.88065918012850475
0.88216434523266773
0.88366880414994697
0.88517255514758775
0.88667559649360861
0.88817792645681615
0.88967954330679022
0.89118044531390228
0.89268063074930082
0.89418009788493036
0.89567884499352490
0.89717687034861437
0.89867417222452251
0.90017074889636850
0.90166659864007870
0.90316171973237469
0.90465611045077188
0.90614976907360767
0.90764269388000629
0.90913488314987423
0.91062633516392677
0.91211704820370154
0.91360702055153842
0.91509625049060461
0.91658473630488069
0.91807247627914812
0.91955946869899252
0.92104571185084128
0.92253120402193567
0.92401594350033156
0.92549992857490360
0.92698315753537341
0.92846562867228677
0.92994734027700887
0.93142829064173693
0.93290847805948329
0.93438790082410883
0.93586655723030610
0.93734444557361007
0.93882156415039575
0.94029791125787587
0.94177348519409887
0.94324828425794993
0.94472230674915314
0.94619555096827135
0.94766801521672384
0.94913969779679919
0.95061059701162154
0.95208071116515081
0.95355003856220810
0.95501857750846508
0.95648632631047015
0.95795328327561435
0.95941944671214441
0.96088481492915012
0.96234938623658439
0.96381315894530428
0.96527613136704127
0.96673830181437681
0.96819966860077133
0.96966023004055468
0.97111998444890169
0.97257893014184726
0.97403706543631763
0.97549438865012250
0.97695089810195335
0.97840659211138004
0.97986146899885140
0.98131552708569525
0.98276876469413776
0.98422118014726701
0.98567277176906343
0.98712353788440854
0.98857347681905550
0.99002258689965461
0.99147086645375615
0.99291831380980289
0.99436492729713899
0.99581070524600113
0.99725564598753225
0.99869974785378146
1.0001430091777059
1.0015854282931618
1.0030270035348903
1.0044677332385439
1.0059076157406801
1.0073466493788061
1.0087848324913280
1.0102221634175406
1.0116586404976602
1.0130942620728134
1.0145290264850511
1.0159629320773584
1.0173959771936398
1.0188281601787210
1.0202594793783422
1.0216899331391855
1.0231195198088421
1.0245482377358346
1.0259760852696502
1.0274030607606894
1.0288291625602870
1.0302543890206926
1.0316787384951234
1.0331022093377376
1.0345247999036247
1.0359465085488080
1.0373673336302427
1.0387872735058330
1.0402063265344612
1.0416244910759545
1.0430417654911057
1.0444581481416393
1.0458736373901891
1.0472882316003531
1.0487019291367039
1.0501147283647567
1.0515266276510087
1.0529376253628919
1.0543477198688169
1.0557569095381567
1.0571651927412442
1.0585725678493692
1.0599790332348020
1.0613845872707788
1.0627892283315097
1.0641929547921651
1.0655957650288992
1.0669976574188402
1.0683986303401005
1.0697986821717480
1.0711978112938232
1.0725960160873367
1.0739932949343001
1.0753896462177031
1.0767850683215114
1.0781795596307178
1.0795731185312853
1.0809657434101934
1.0823574326554128
1.0837481846559038
1.0851379978016058
1.0865268704834286
1.0879148010933037
1.0893017880241687
1.0906878296699507
1.0920729244255845
1.0934570706870301
1.0948402668512573
1.0962225113162063
1.0976038024808410
1.0989841387451191
1.1003635185100105
1.1017419401775155
1.1031194021506621
1.1044959028334598
1.1058714406309327
1.1072460139491311
1.1086196211951431
1.1099922607770634
1.1113639311040109
1.1127346305861270
1.1141043576346008
1.1154731106616376
1.1168408880804630
1.1182076883053500
1.1195735097516151
1.1209383508356010
1.1223022099746667
1.1236650855872132
1.1250269760927034
1.1263878799116289
1.1277477954655151
1.1291067211769326
1.1304646554695090
1.1318215967678888
1.1331775434977751
1.1345324940859340
1.1358864469601768
1.1372394005493411
1.1385913532833185
1.1399423035930740
1.1412922499106282
1.1426411906690377
1.1439891243024156
1.1453360492459517
1.1466819639358929
1.1480268668095488
1.1493707563053033
1.1507136308626036
1.1520554889219803
1.1533963289250364
1.1547361493144364
1.1560749485339101
1.1574127250282582
1.1587494772433560
1.1600852036261580
1.1614199026247261
1.1627535726881788
1.1640862122667046
1.1654178198115648
1.1667483937751142
1.1680779326107751
1.1694064347730717
1.1707338987176199
1.1720603229011231
1.1733857057813930
1.1747100458173227
1.1760333414688824
1.1773555911971558
1.1786767934643374
1.1799969467336713
1.1813160494695050
1.1826341001373184
1.1839510972036942
1.1852670391363389
1.1865819244040394
1.1878957514766764
1.1892085188252106
1.1905202249217202
1.1918308682394387
1.1931404472526925
1.1944489604369306
1.1957564062687216
1.1970627832257326
1.1983680897867415
1.1996723244316752
1.2009754856415791
1.2022775718985979
1.2035785816860316
1.2048785134882776
1.2061773657908625
1.2074751370804375
1.2087718258447986
1.2100674305728929
1.2113619497547790
1.2126553818816139
1.2139477254457012
1.2152389789404954
1.2165291408605974
1.2178182097017407
1.2191061839607948
1.2203930621357701
1.2216788427258578
1.2229635242313908
1.2242471051538208
1.2255295839957492
1.2268109592609213
1.2280912294542417
1.2293703930817850
1.2306484486507545
1.2319253946695428
1.2332012296476804
1.2344759520958692
1.2357495605259494
1.2370220534509107
1.2382934293849350
1.2395636868433355
1.2408328243425948
1.2421008404003631
1.2433677335354811
1.2446335022679282
1.2458981451188351
1.2471616606105329
1.2484240472665651
1.2496853036116544
1.2509454281717096
1.2522044194737820
1.2534622760460721
1.2547189964179590
1.2559745791200219
1.2572290226840237
1.2584823256429447
1.2597344865309590
1.2609855038833708
1.2622353762366851
1.2634841021286300
1.2647316800980941
1.2659781086851571
1.2672233864311129
1.2684675118784656
1.2697104835709028
1.2709523000532992
1.2721929598717496
1.2734324615735422
1.2746708037071612
1.2759079848223041
1.2771440034698733
1.2783788582019775
1.2796125475719167
1.2808450701342058
1.2820764244445848
1.2833066090600151
1.2845356225386131
1.2857634634397523
1.2869901303240645
1.2882156217533731
1.2894399362907201
1.2906630725003367
1.2918850289476986
1.2931058041994870
1.2943253968235908
1.2955438053891521
1.2967610284665267
1.2979770646272764
1.2991919124442022
1.3004055704913475
1.3016180373440012
1.3028293115786669
1.3040393917730990
1.3052482765063043
1.3064559643585230
1.3076624539112420
1.3088677437471972
1.3100718324503899
1.3112747186060285
1.3124764008005263
1.3136768776215861
1.3148761476581718
1.3160742095004763
1.3172710617399712
1.3184667029693582
1.3196611317825888
1.3208543467748959
1.3220463465427441
1.3232371296838463
1.3244266947971508
1.3256150404829163
1.3268021653426521
1.3279880679791338
1.3291727469963679
1.3303562009996561
1.3315384285955796
1.3327194283919697
1.3338991989979283
1.3350777390238511
1.3362550470813439
1.3374311217833210
1.3386059617439683
1.3397795655787834
1.3409519319045009
1.3421230593391233
1.3432929465019754
1.3444615920136749
1.3456289944960922
1.3467951525723816
1.3479600648670238
1.3491237300057737
1.3502861466156302
1.3514473133248899
1.3526072287631803
1.3537658915613704
1.3549233003516346
1.3560794537674361
1.3572343504435482
1.3583879890160526
1.3595403681223650
1.3606914864011810
1.3618413424924207
1.3629899350373436
1.3641372626785198
1.3652833240598554
1.3664281178265312
1.3675716426250513
1.3687138971032189
1.3698548799101482
1.3709945896962883
1.3721330251134123
1.3732701848145663
1.3744060674541072
1.3755406716877141
1.3766739961723873
1.3778060395664551
1.3789368005296176
1.3800662777228900
1.3811944698085570
1.3823213754502102
1.3834469933127895
1.3845713220625788
1.3856943603672107
1.3868161068956142
1.3879365603180713
1.3890557193062045
1.3901735825329735
1.3912901486726628
1.3924054164009054
1.3935193843946689
1.3946320513322910
1.3957434158934034
1.3968534767589873
1.3979622326113721
1.3990696821341879
1.4001758240124607
1.4012806569325524
1.4023841795822247
1.4034863906505521
1.4045872888278998
1.4056868728060201
1.4067851412779904
1.4078820929382327
1.4089777264825822
1.4100720406082519
1.4111650340137847
1.4122567053990904
1.4133470534654362
1.4144360769154241
1.4155237744530682
1.4166101447837127
1.4176951866141076
1.4187788986523533
1.4198612796079240
1.4209423281916709
1.4220220431157993
1.4231004230938571
1.4241774668407878
1.4252531730729128
1.4263275405079405
1.4274005678649566
1.4284722538644203
1.4295425972281606
1.4306115966793922
1.4316792509427321
1.4327455587441760
1.4338105188111019
1.4348741298722765
1.4359363906578393
1.4369972998993192
1.4380568563296350
1.4391150586831130
1.4401719056954672
1.4412273961038107
1.4422815286466775
1.4433343020639957
1.4443857150970703
1.4454357664886053
1.4464844549826990
1.4475317793248785
1.4485777382620491
1.4496223305425140
1.4506655549159828
1.4517074101335943
1.4527478949478621
1.4537870081127100
1.4548247483834882
1.4558611145169686
1.4568961052713298
1.4579297194061431
1.4589619556824027
1.4599928128625257
1.4610222897103609
1.4620503849911664
1.4630770974716123
1.4641024259198079
1.4651263691053098
1.4661489257990847
1.4671700947735480
1.4681898748025262
1.4692082646612346
1.4702252631263359
1.4712408689759389
1.4722550809895854
1.4732678979482337
1.4742793186342593
1.4752893418314907
1.4762979663251758
1.4773051909019994
1.4783110143500948
1.4793154354590141
1.4803184530197639
1.4813200658248187
1.4823202726680968
1.4833190723449299
1.4843164636520827
1.4853124453877748
1.4863070163516861
1.4873001753449457
1.4882919211701513
1.4892822526313778
1.4902711685341588
1.4912586676854389
1.4922447488936328
1.4932294109686213
1.4942126527217414
1.4951944729657922
1.4961748705150215
1.4971538441851404
1.4981313927933353
1.4991075151582536
1.5000822101000189
1.5010554764402573
1.5020273130020556
1.5029977186099130
1.5039666920898134
1.5049342322691956
1.5059003379769860
1.5068650080435892
1.5078282413008914
1.5087900365822176
1.5097503927223983
1.5107093085577721
1.5116667829261490
1.5126228146667948
1.5135774026204785
1.5145305456294509
1.5154822425374521
1.5164324921896830
1.5173812934328321
1.5183286451151079
1.5192745460862194
1.5202189951973075
1.5211619913010164
1.5221035332515165
1.5230436199044679
1.5239822501170142
1.5249194227477958
1.5258551366569550
1.5267893907060965
1.5277221837583452
1.5286535146783560
1.5295833823322655
1.5305117855877246
1.5314387233138966
1.5323641943814466
1.5332881976625465
1.5342107320308904
1.5351317963616569
1.5360513895315235
1.5369695104187178
1.5378861579029575
1.5388013308654496
1.5397150281889698
1.5406272487577981
1.5415379914576803
1.5424472551759063
1.5433550388012889
1.5442613412241550
1.5451661613363810
1.5460694980313860
1.5469713502041018
1.5478717167509530
1.5487705965698912
1.5496679885603972
1.5505638916234841
1.5514583046617072
1.5523512265791335
1.5532426562813841
1.5541325926756160
1.5550210346704811
1.5559079811761820
1.5567934311044747
1.5576773833686635
1.5585598368836173
1.5594407905657248
1.5603202433329004
1.5611981941045820
1.5620746418017883
1.5629495853470821
1.5638230236645758
1.5646949556799385
1.5655653803203682
1.5664342965146116
1.5673017031929557
1.5681675992872264
1.5690319837308091
1.5698948554586405
1.5707562134071902
1.5716160565145141
1.5724743837202293
1.5733311939654953
1.5741864861930479
1.5750402593471917
1.5758925123738015
1.5767432442203100
1.5775924538357169
1.5784401401705981
1.5792863021770651
1.5801309388088332
1.5809740490211746
1.5818156317709462
1.5826556860165943
1.5834942107181047
1.5843312048370208
1.5851666673364715
1.5860005971811895
1.5868329933374337
1.5876638547730366
1.5884931804574087
1.5893209693615626
1.5901472204581182
1.5909719327212386
1.5917951051266921
1.5926167366518298
1.5934368262755780
1.5942553729784374
1.5950723757425167
1.5958878335515241
1.5967017453907602
1.5975141102471115
1.5983249271090363
1.5991341949665872
1.5999419128113908
1.6007480796366722
1.6015526944372935
1.6023557562097155
1.6031572639519840
1.6039572166637464
1.6047556133462229
1.6055524530022567
1.6063477346362971
1.6071414572543701
1.6079336198641092
1.6087242214747728
1.6095132610972349
1.6103007377439569
1.6110866504289938
1.6118709981680597
1.6126537799784937
1.6134349948792170
1.6142146418907639
1.6149927200352887
1.6157692283365559
1.6165441658199424
1.6173175315124413
1.6180893244426684
1.6188595436408724
1.6196281881389478
1.6203952569703999
1.6211607491703726
1.6219246637756455
1.6226869998245912
1.6234477563572229
1.6242069324151749
1.6249645270416966
1.6257205392816407
1.6264749681815003
1.6272278127894351
1.6279790721552239
1.6287287453302737
1.6294768313676014
1.6302233293219062
1.6309682382495090
1.6317115572083636
1.6324532852580624
1.6331934214598254
1.6339319648765143
1.6346689145726465
1.6354042696143627
1.6361380290694785
1.6368701920074558
1.6376007574993852
1.6383297246180011
1.6390570924377208
1.6397828600346243
1.6405070264863808
1.6412295908723153
1.6419505522734203
1.6426699097723103
1.6433876624532766
1.6441038094022813
1.6448183497069659
1.6455312824566208
1.6462426067422025
1.6469523216563362
1.6476604262932590
1.6483669197489055
1.6490718011208547
1.6497750695083726
1.6504767240123601
1.6511767637353951
1.6518751877817179
1.6525719952572357
1.6532671852695386
1.6539607569279020
1.6546527093432224
1.6553430416280548
1.6560317528966362
1.6567188422648842
1.6574043088504129
1.6580881517725343
1.6587703701522294
1.6594509631121466
1.6601299297766392
1.6608072692717106
1.6614829807250648
1.6621570632660667
1.6628295160257691
1.6635003381368807
1.6641695287338174
1.6648370869527440
1.6655030119314520
1.6661673028094308
1.6668299587278335
1.6674909788294960
1.6681503622589615
1.6688081081624995
1.6694642156880655
1.6701186839852817
1.6707715122054649
1.6714226995016228
1.6720722450284751
1.6727201479424219
1.6733664074015531
1.6740110225656661
1.6746539925962949
1.6752953166566638
1.6759349939116681
1.6765730235279139
1.6772094046737009
1.6778441365190566
1.6784772182356931
1.6791086489969984
1.6797384279781367
1.6803665543559905
1.6809930273091354
1.6816178460178453
1.6822410096640903
1.6828625174315675
1.6834823685057030
1.6841005620736476
1.6847170973242811
1.6853319734482066
1.6859451896376993
1.6865567450867625
1.6871666389911297
1.6877748705482476
1.6883814389572558
1.6889863434190022
1.6895895831361158
1.6901911573129713
1.6907910651556159
1.6913893058718359
1.6919858786712076
1.6925807827650101
1.6931740173662386
1.6937655816896231
1.6943554749516152
1.6949436963703659
1.6955302451657794
1.6961151205595251
1.6966983217749727
1.6972798480372249
1.6978596985731158
1.6984378726112466
1.6990143693819790
1.6995891881173713
1.7001623280512341
1.7007337884191522
1.7013035684584437
1.7018716674081333
1.7024380845089833
1.7030028190035320
1.7035658701360554
1.7041272371525757
1.7046869193008638
1.7052449158304430
1.7058012259926230
1.7063558490403994
1.7069087842285344
1.7074600308135561
1.7080095880537569
1.7085574552091656
1.7091036315415569
1.7096481163144706
1.7101909087932090
1.7107320082448259
1.7112714139381191
1.7118091251436685
1.7123451411338158
1.7128794611826359
1.7134120845659990
1.7139430105614997
1.7144722384485072
1.7149997675081738
1.7155255970234484
1.7160497262790257
1.7165721545613244
1.7170928811586013
1.7176119053608445
1.7181292264597749
1.7186448437488917
1.7191587565234645
1.7196709640805348
1.7201814657189021
1.7206902607391890
1.7211973484438181
1.7217027281369475
1.7222063991245071
1.7227083607141889
1.7232086122154551
1.7237071529395529
1.7242039821995470
1.7246990993102715
1.7251925035883446
1.7256841943521504
1.7261741709218716
1.7266624326194653
1.7271489787686978
1.7276338086950946
1.7281169217259491
1.7285983171903658
1.7290779944192147
1.7295559527451210
1.7300321915025598
1.7305067100278368
1.7309795076590315
1.7314505837360004
1.7319199376003827
1.7323875685956422
1.7328534760670080
1.7333176593614670
1.7337801178278376
1.7342408508167340
1.7346998576805779
1.7351571377736039
1.7356126904518523
1.7360665150731898
1.7365186109972393
1.7369689775854444
1.7374176142010525
1.7378645202090826
1.7383096949763681
1.7387531378715448
1.7391948482650856
1.7396348255292542
1.7400730690381063
1.7405095781675120
1.7409443522951484
1.7413773908004873
1.7418086930648191
1.7422382584712324
1.7426660864046404
1.7430921762517337
1.7435165274010445
1.7439391392429746
1.7443600111696964
1.7447791425751682
1.7451965328552346
1.7456121814075805
1.7460260876316787
1.7464382509288108
1.7468486707020756
1.7472573463563890
1.7476642772985411
1.7480694629371349
1.7484729026825860
1.7488745959470979
1.7492745421447615
1.7496727406914807
1.7500691910049402
1.7504638925046818
1.7508568446120478
1.7512480467501848
1.7516374983440928
1.7520251988206315
1.7524111476085060
1.7527953441382118
1.7531777878420685
1.7535584781542701
1.7539374145108033
1.7543145963495579
1.7546900231102223
1.7550636942342861
1.7554356091651067
1.7558057673478444
1.7561741682295173
1.7565408112590146
1.7569056958870457
1.7572688215661374
1.7576301877506852
1.7579897938969220
1.7583476394629121
1.7587037239085404
1.7590580466955548
1.7594106072875924
1.7597614051501131
1.7601104397503669
1.7604577105575161
1.7608032170425874
1.7611469586784247
1.7614889349396916
1.7618291453029016
1.7621675892464594
1.7625042662505876
1.7628391757973740
1.7631723173707883
1.7635036904567294
1.7638332945429502
1.7641611291189965
1.7644871936762210
1.7648114877077916
1.7651340107087987
1.7654547621762338
1.7657737416089152
1.7660909485075036
1.7664063823745084
1.7667200427143004
1.7670319290331173
1.7673420408390079
1.7676503776419474
1.7679569389538039
1.7682617242882972
1.7685647331609489
1.7688659650891494
1.7691654195921123
1.7694630961909603
1.7697589944087060
1.7700531137702578
1.7703454538024119
1.7706360140338462
1.7709247939950885
1.7712117932184979
1.7714970112383401
1.7717804475907009
1.7720621018135712
1.7723419734467809
1.7726200620319998
1.7728963671128195
1.7731708882347141
1.7734436249450407
1.7737145767930120
1.7739837433297352
1.7742511241081944
1.7745167186832875
1.7747805266117740
1.7750425474522353
1.7753027807651061
1.7755612261128022
1.7758178830596343
1.7760727511717425
1.7763258300171039
1.7765771191655693
1.7768266181888395
1.7770743266605233
1.7773202441562206
1.7775643702533994
1.7778067045314261
1.7780472465715760
1.7782859959569399
1.7785229522724997
1.7787581151051288
1.7789914840435785
1.7792230586784616
1.7794528386022403
1.7796808234093051
1.7799070126959127
1.7801314060602365
1.7803540031022922
1.7805748034239774
1.7807938066291178
1.7810110123235199
1.7812264201149146
1.7814400296129469
1.7816518404291068
1.7818618521767549
1.7820700644711205
1.7822764769293100
1.7824810891703475
1.7826839008152102
1.7828849114868159
1.7830841208099097
1.7832815284110974
1.7834771339188671
1.7836709369636323
1.7838629371777446
1.7840531341954129
1.7842415276527828
1.7844281171879492
1.7846129024409088
1.7847958830535422
1.7849770586696525
1.7851564289349471
1.7853339934970411
1.7855097520054488
1.7856837041115856
1.7858558494687933
1.7860261877322892
1.7861947185592117
1.7863614416086571
1.7865263565415799
1.7866894630207639
1.7868507607108646
1.7870102492784479
1.7871679283920303
1.7873237977220335
1.7874778569408698
1.7876301057228836
1.7877805437443253
1.7879291706833051
1.7880759862198929
1.7882209900360926
1.7883641818157983
1.7885055612448326
1.7886451280109317
1.7887828818037177
1.7889188223147179
1.7890529492374676
1.7891852622674072
1.7893157611019139
1.7894444454403164
1.7895713149838206
1.7896963694355379
1.7898196085004565
1.7899410318854669
1.7900606392994516
1.7901784304531860
1.7902944050593379
1.7904085628325341
1.7905209034893124
1.7906314267481498
1.7907401323293786
1.7908470199551956
1.7909520893497655
1.7910553402391816
1.7911567723515265
1.7912563854167809
1.7913541791668677
1.7914501533356115
1.7915443076587465
1.7916366418739771
1.7917271557209691
1.7918158489413611
1.7919027212786300
1.7919877724781996
1.7920710022874913
1.7921524104557573
1.7922319967341851
1.7923097608759091
1.7923857026359580
1.7924598217713361
1.7925321180409972
1.7926025912058634
1.7926712410287891
1.7927380672745235
1.7928030697097228
1.7928662481029252
1.7929276022246039
1.7929871318471380
1.7930448367448903
1.7931007166941630
1.7931547714732528
1.7932070008623275
1.7932574046434686
1.7933059826007733
1.7933527345202718
1.7933976601899579
1.7934407593996731
1.7934820319411673
1.7935214776081378
1.7935590961962267
1.7935948875031076
1.7936288513283778
1.7936609874735796
1.7936912957422255
1.7937197759396850
1.7937464278732436
1.7937712513521733
1.7937942461876746
1.7938154121928731
1.7938347491828752
1.7938522569747102
1.7938679353873681
1.7938817842418011
1.7938938033608902
1.7939039925694318
1.7939123516941708
1.7939188805637543
1.7939235790088031
1.7939264468618796
1.7939274839574548
1.7939266901319881
1.7939240652238708
1.7939196090734442
1.7939133215229386
1.7939052024165814
1.7938952516005509
1.7938834689229139
1.7938698542337783
1.7938544073852618
1.7938371282313179
1.7938180166278312
1.7937970724326864
1.7937742955056888
1.7937496857086139
1.7937232429052294
1.7936949669612556
1.7936648577444059
1.7936329151242558
1.7935991389722710
1.7935635291619387
1.7935260855687256
1.7934868080700574
1.7934456965452772
1.7934027508756341
1.7933579709443492
1.7933113566366683
1.7932629078398250
1.7932126244429274
1.7931605063370513
1.7931065534152053
1.7930507655722834
1.7929931427051382
1.7929336847126847
1.7928723914957985
1.7928092629572447
1.7927442990017284
1.7926774995359156
1.7926088644684448
1.7925383937099650
1.7924660871730771
1.7923919447723515
1.7923159664243120
1.7922381520473905
1.7921585015618868
1.7920770148900749
1.7919936919562194
1.7919085326865296
1.7918215370091637
1.7917327048542169
1.7916420361537271
1.7915495308417106
1.7914551888542085
1.7913590101291921
1.7912609946065630
1.7911611422282006
1.7910594529379249
1.7909559266815824
1.7908505634070140
1.7907433630640117
1.7906343256042754
1.7905234509814036
1.7904107391510038
1.7902961900706389
1.7901798036998380
1.7900615800000812
1.7899415189347838
1.7898196204692598
1.7896958845707911
1.7895703112086598
1.7894429003541990
1.7893136519807291
1.7891825660634411
1.7890496425793996
1.7889148815076876
1.7887782828292864
1.7886398465271982
1.7884995725864001
1.7883574609938842
1.7882135117385827
1.7880677248113441
1.7879201002050129
1.7877706379143827
1.7876193379362457
1.7874662002692630
1.7873112249140406
1.7871544118732032
1.7869957611512737
1.7868352727548309
1.7866729466924123
1.7865087829745319
1.7863427816136206
1.7861749426240459
1.7860052660221983
1.7858337518263991
1.7856604000569172
1.7854852107359556
1.7853081838877150
1.7851293195383755
1.7849486177160636
1.7847660784508477
1.7845817017748109
1.7843954877220054
1.7842074363284284
1.7840175476319833
1.7838258216725169
1.7836322584917916
1.7834368581335631
1.7832396206436252
1.7830405460697796
1.7828396344617696
1.7826368858712986
1.7824323003520137
1.7822258779595508
1.7820176187514722
1.7818075227873018
1.7815955901285716
1.7813818208387553
1.7811662149831857
1.7809487726291442
1.7807294938459424
1.7805083787048592
1.7802854272790780
1.7800606396437466
1.7798340158759938
1.7796055560549822
1.7793752602618362
1.7791431285795369
1.7789091610929988
1.7786733578891798
1.7784357190570443
1.7781962446873978
1.7779549348730643
1.7777117897088885
1.7774668092916692
1.7772199937201774
1.7769713430951342
1.7767208575192548
1.7764685370971798
1.7762143819355367
1.7759583921429272
1.7757005678298539
1.7754409091088355
1.7751794160943559
1.7749160889027522
1.7746509276523186
1.7743839324633612
1.7741151034581559
1.7738444407609095
1.7735719444977278
1.7732976147966919
1.7730214517878784
1.7727434556033712
1.7724636263771296
1.7721819642450711
1.7718984693450992
1.7716131418171104
1.7713259818029425
1.7710369894463498
1.7707461648930038
1.7704535082905770
1.7701590197887542
1.7698626995391826
1.7695645476954787
1.7692645644131892
1.7689627498497775
1.7686591041647117
1.7683536275194556
1.7680463200773213
1.7677371820035890
1.7674262134655234
1.7671134146323411
1.7667987856752363
1.7664823267673553
1.7661640380837762
1.7658439198015028
1.7655219720995796
1.7651981951589575
1.7648725891625516
1.7645451542952244
1.7642158907437964
1.7638847986970720
1.7635518783457644
1.7632171298825012
1.7628805535019363
1.7625421494006603
1.7622019177772621
1.7618598588322252
1.7615159727680216
1.7611702597890697
1.7608227201017268
1.7604733539143300
1.7601221614371663
1.7597691428824851
1.7594142984644883
1.7590576283993662
1.7586991329052422
1.7583388122021961
1.7579766665123215
1.7576126960596645
1.7572469010702150
1.7568792817718850
1.7565098383945312
1.7561385711699369
1.7557654803318474
1.7553905661159490
1.7550138287598613
1.7546352685031656
1.7542548855873508
1.7538726802558742
1.7534886527541103
1.7531028033293996
1.7527151322310370
1.7523256397102378
1.7519343260201745
1.7515411914160799
1.7511462361551584
1.7507494604965184
1.7503508647012331
1.7499504490322753
1.7495482137545524
1.7491441591349113
1.7487382854421603
1.7483305929470112
1.7479210819221906
1.7475097526423162
1.7470966053839518
1.7466816404255732
1.7462648580476554
1.7458462585326930
1.7454258421650719
1.7450036092311203
1.7445795600190523
1.7441536948189882
1.7437260139230168
1.7432965176251576
1.7428652062213477
1.7424320800094473
1.7419971392892930
1.7415603843626455
1.7411218155332051
1.7406814331066165
1.7402392373904509
1.7397952286942220
1.7393494073294145
1.7389017736093944
1.7384523278495132
1.7380010703670881
1.7375480014813252
1.7370931215133889
1.7366364307864242
1.7361779296254891
1.7357176183575584
1.7352554973115455
1.7347915668182794
1.7343258272105782
1.7338582788232129
1.7333889219928762
1.7329177570582268
1.7324447843598745
1.7319700042403521
1.7314934170441221
1.7310150231175070
1.7305348228087463
1.7300528164680751
1.7295690044476579
1.7290833871015838
1.7285959647858173
1.7281067378582258
1.7276157066786770
1.7271228716090299
1.7266282330130374
1.7261317912563434
1.7256335467065247
1.7251334997330927
1.7246316507074722
1.7241280000030126
1.7236225479950118
1.7231152950607331
1.7226062415793486
1.7220953879319456
1.7215827345015440
1.7210682816730234
1.7205520298331907
1.7200339793707515
1.7195141306763528
1.7189924841426365
1.7184690401641982
1.7179437991374849
1.7174167614609166
1.7168879275347715
1.7163572977612431
1.7158248725444738
1.7152906522905633
1.7147546374075449
1.7142168283053529
1.7136772253957975
1.7131358290925887
1.7125926398113702
1.7120476579696418
1.7115008839868473
1.7109523182843331
1.7104019612853940
1.7098498134152893
1.7092958751011342
1.7087401467719618
1.7081826288587469
1.7076233217944115
1.7070622260138795
1.7064993419538927
1.7059346700531213
1.7053682107521673
1.7047999644935021
1.7042299317214864
1.7036581128823749
1.7030845084243345
1.7025091187974783
1.7019319444538366
1.7013529858473493
1.7007722434338683
1.7001897176711525
1.6996054090189239
1.6990193179386868
1.6984314448938485
1.6978417903497447
1.6972503547735485
1.6966571386343667
1.6960621424032245
1.6954653665530710
1.6948668115588073
1.6942664778972376
1.6936643660470774
1.6930604764889243
1.6924548097052492
1.6918473661804270
1.6912381464007586
1.6906271508544422
1.6900143800315277
1.6893998344239487
1.6887835145255390
1.6881654208320411
1.6875455538410589
1.6869239140520746
1.6863005019664750
1.6856753180875230
1.6850483629203619
1.6844196369720639
1.6837891407515715
1.6831568747697256
1.6825228395392677
1.6818870355748863
1.6812494633931279
1.6806101235124948
1.6799690164533689
1.6793261427379800
1.6786815028903990
1.6780350974365335
1.6773869269042250
1.6767369918232231
1.6760852927251813
1.6754318301436235
1.6747766046140142
1.6741196166737371
1.6734608668620465
1.6728003557199953
1.6721380837904234
1.6714740516180981
1.6708082597497547
1.6701407087339393
1.6694713991210886
1.6688003314635482
1.6681275063155208
1.6674529242330753
1.6667765857741821
1.6660984914986414
1.6654186419681332
1.6647370377462238
1.6640536793984408
1.6633685674921987
1.6626817025967660
1.6619930852831861
1.6613027161243137
1.6606105956948745
1.6599167245715256
1.6592211033327817
1.6585237325590678
1.6578246128326770
1.6571237447377496
1.6564211288603159
1.6557167657882708
1.6550106561114093
1.6543028004213327
1.6535931993114981
1.6528818533772540
1.6521687632157824
1.6514539294261614
1.6507373526093509
1.6500190333681357
1.6492989723071756
1.6485771700329983
1.6478536271539832
1.6471283442803326
1.6464013220240952
1.6456725609992364
1.6449420618215629
1.6442098251087358
1.6434758514802692
1.6427401415575700
1.6420026959638239
1.6412635153240205
1.6405226002650488
1.6397799514156384
1.6390355694063741
1.6382894548697422
1.6375416084400729
1.6367920307535280
1.6360407224481082
1.6352876841636816
1.6345329165419862
1.6337764202265719
1.6330181958627465
1.6322582440976527
1.6314965655803118
1.6307331609615983
1.6299680308942253
1.6292011760327574
1.6284325970336380
1.6276622945551511
1.6268902692574059
1.6261165218023417
1.6253410528537269
1.6245638630772157
1.6237849531403314
1.6230043237123415
1.6222219754643388
1.6214379090692750
1.6206521252019124
1.6198646245388271
1.6190754077584750
1.6182844755411658
1.6174918285689570
1.6166974675256973
1.6159013930970676
1.6151036059706281
1.6143041068357336
1.6135028963835236
1.6126999753069542
1.6118953443007749
1.6110890040615629
1.6102809552878055
1.6094711986798411
1.6086597349398017
1.6078465647716329
1.6070316888811347
1.6062151079759279
1.6053968227653925
1.6045768339607447
1.6037551422750085
1.6029317484229908
1.6021066531213681
1.6012798570886324
1.6004513610450499
1.5996211657126749
1.5987892718154286
1.5979556800790151
1.5971203912309675
1.5962834060005930
1.5954447251189485
1.5946043493189668
1.5937622793353960
1.5929185159048178
1.5920730597655826
1.5912259116578038
1.5903770723233481
1.5895265425059582
1.5886743229511815
1.5878204144062982
1.5869648176204032
1.5861075333443821
1.5852485623309345
1.5843879053345540
1.5835255631115530
1.5826615364200429
1.5817958260199270
1.5809284326728417
1.5800593571422326
1.5791886001933759
1.5783161625933166
1.5774420451108360
1.5765662485165255
1.5756887735827636
1.5748096210837474
1.5739287917954463
1.5730462864956258
1.5721621059638444
1.5712762509814886
1.5703887223317028
1.5694995207993763
1.5686086471711835
1.5677161022355903
1.5668218867828281
1.5659260016049454
1.5650284474957390
1.5641292252507808
1.5632283356674035
1.5623257795447421
1.5614215576836961
1.5605156708869048
1.5596081199587364
1.5586989057053089
1.5577880289345318
1.5568754904561346
1.5559612910816283
1.5550454316243119
1.5541279128992351
1.5532087357231319
1.5522879009145099
1.5513654092936731
1.5504412616827203
1.5495154589054991
1.5485880017875948
1.5476588911563351
1.5467281278407836
1.5457957126718032
1.5448616464820077
1.5439259301057655
1.5429885643791530
1.5420495501400164
1.5411088882279669
1.5401665794844004
1.5392226247524368
1.5382770248769497
1.5373297807045037
1.5363808930834097
1.5354303628637047
1.5344781908971237
1.5335243780371521
1.5325689251390329
1.5316118330597677
1.5306531026581041
1.5296927347945275
1.5287307303313304
1.5277670901325004
1.5268018150638332
1.5258349059928920
1.5248663637889457
1.5238961893229566
1.5229243834676012
1.5219509470972927
1.5209758810882468
1.5199991863183966
1.5190208636673466
1.5180409140164264
1.5170593382486812
1.5160761372489404
1.5150913119036775
1.5141048631010625
1.5131167917310393
1.5121270986852764
1.5111357848571993
1.5101428511419956
1.5091482984365761
1.5081521276395502
1.5071543396511766
1.5061549353733859
1.5051539157098082
1.5041512815657578
1.5031470338483239
1.5021411734663495
1.5011337013304435
1.5001246183529180
1.4991139254477077
1.4981016235304765
1.4970877135186278
1.4960721963312471
1.4950550728891314
1.4940363441147955
1.4930160109324193
1.4919940742678477
1.4909705350486635
1.4899453942041305
1.4889186526652856
1.4878903113648292
1.4868603712371378
1.4858288332182066
1.4847956982457189
1.4837609672590717
1.4827246411994370
1.4816867210097056
1.4806472076344224
1.4796061020198403
1.4785634051139322
1.4775191178663347
1.4764732412283457
1.4754257761529239
1.4743767235947389
1.4733260845101623
1.4722738598572644
1.4712200505957542
1.4701646576869956
1.4691076820939901
1.4680491247814700
1.4669889867158010
1.4659272688649967
1.4648639721988472
1.4637990976888167
1.4627326463080295
1.4616646190312894
1.4605950168349935
1.4595238406971813
1.4584510915976128
1.4573767705177536
1.4563008784406584
1.4552234163510163
1.4541443852351879
1.4530637860812012
1.4519816198787714
1.4508978876192684
1.4498125902957291
1.4487257289028868
1.4476373044370812
1.4465473178963335
1.4454557702803636
1.4443626625904840
1.4432679958296390
1.4421717710024073
1.4410739891149871
1.4399746511752194
1.4388737581926048
1.4377713111783061
1.4366673111451138
1.4355617591074483
1.4344546560814160
1.4333460030847307
1.4322358011367566
1.4311240512585255
1.4300107544726954
1.4288959118035380
1.4277795242769502
1.4266615929205051
1.4255421187633861
1.4244211028364493
1.4232985461721805
1.4221744498047062
1.4210488147697244
1.4199216421045495
1.4187929328480773
1.4176626880408418
1.4165309087250251
1.4153975959444385
1.4142627507445333
1.4131263741723556
1.4119884672765342
1.4108490311073276
1.4097080667166397
1.4085655751580448
1.4074215574866793
1.4062760147593178
1.4051289480343567
1.4039803583717612
1.4028302468330907
1.4016786144815372
1.4005254623819063
1.3993707916005937
1.3982146032055909
1.3970568982664726
1.3958976778544674
1.3947369430424099
1.3935746949047412
1.3924109345174438
1.3912456629580903
1.3900788813058553
1.3889105906415027
1.3877407920474467
1.3865694866077023
1.3853966754078724
1.3842223595351146
1.3830465400781413
1.3818692181272707
1.3806903947744065
1.3795100711130290
1.3783282482382044
1.3771449272465930
1.3759601092364273
1.3747737953075498
1.3735859865613569
1.3723966841007500
1.3712058890301890
1.3700136024557252
1.3688198254849957
1.3676245592272294
1.3664278047932354
1.3652295632954212
1.3640298358477185
1.3628286235657059
1.3616259275665035
1.3604217489688069
1.3592160888928462
1.3580089484604252
1.3568003287949697
1.3555902310213599
1.3543786562660083
1.3531656056569605
1.3519510803237507
1.3507350813974608
1.3495176100106661
1.3482986672975323
1.3470782543938258
1.3458563724368711
1.3446330225654755
1.3434082059200378
1.3421819236424712
1.3409541768762543
1.3397249667663194
1.3384942944591978
1.3372621611029591
1.3360285678472030
1.3347935158430990
1.3335570062433084
1.3323190402020211
1.3310796188749561
1.3298387434193548
1.3285964149940548
1.3273526347593767
1.3261074038771101
1.3248607235106142
1.3236125948248116
1.3223630189861943
1.3211119971627792
1.3198595305240572
1.3186056202410217
1.3173502674861675
1.3160934734334555
1.3148352392584142
1.3135755661380439
1.3123144552508643
1.3110519077769063
1.3097879248977313
1.3085225077963967
1.3072556576574279
1.3059873756669256
1.3047176630125188
1.3034465208833104
1.3021739504699066
1.3008999529644523
1.2996245295605671
1.2983476814534014
1.2970694098395279
1.2957897159170528
1.2945086008855768
1.2932260659461263
1.2919421123012260
1.2906567411549228
1.2893699537127972
1.2880817511819185
1.2867921347707898
1.2855011056893006
1.2842086651488878
1.2829148143624973
1.2816195545445743
1.2803228869109864
1.2790248126790420
1.2777253330676073
1.2764244492970640
1.2751221625892806
1.2738184741675889
1.2725133852568151
1.2712068970831827
1.2698990108743740
1.2685897278595955
1.2672790492695380
1.2659669763363031
1.2646535102934620
1.2633386523759556
1.2620224038202277
1.2607047658642381
1.2593857397473305
1.2580653267103483
1.2567435279956052
1.2554203448468904
1.2540957785093803
1.2527698302296926
1.2514425012558554
1.2501137928373878
1.2487837062252061
1.2474522426717034
1.2461194034307463
1.2447851897576654
1.2434496029091653
1.2421126441434258
1.2407743147201016
1.2394346159002541
1.2380935489463785
1.2367511151222959
1.2354073156933192
1.2340621519262389
1.2327156250892406
1.2313677364519628
1.2300184872854725
1.2286678788622296
1.2273159124561130
1.2259625893424184
1.2246079107978731
1.2232518781006148
1.2218944925302115
1.2205357553676055
1.2191756678951990
1.2178142313967761
1.2164514471575403
1.2150873164640832
1.2137218406043724
1.2123550208677540
1.2109868585449310
1.2096173549280707
1.2082465113108050
1.2068743289881574
1.2055008092565560
1.2041259534138458
1.2027497627592403
1.2013722385933487
1.1999933822180830
1.1986131949368126
1.1972316780542926
1.1958488328766455
1.1944646607114076
1.1930791628675348
1.1916923406552995
1.1903041953863640
1.1889147283737971
1.1875239409320433
1.1861318343769209
1.1847384100255856
1.1833436691965942
1.1819476132098565
1.1805502433865975
1.1791515610494001
1.1777515675221950
1.1763502641303454
1.1749476522006086
1.1735437330610989
1.1721385080413056
1.1707319784720540
1.1693241456855255
1.1679150110152610
1.1665045757961996
1.1650928413646673
1.1636798090582943
1.1622654802161048
1.1608498561784086
1.1594329382868280
1.1580147278843793
1.1565952263154207
1.1551744349255957
1.1537523550619300
1.1523289880728160
1.1509043353079809
1.1494783981184671
1.1480511778566698
1.1466226758763014
1.1451928935323870
1.1437618321812877
1.1423294931806831
1.1408958778896514
1.1394609876685191
1.1380248238788886
1.1365873878837445
1.1351486810474396
1.1337087047356027
1.1322674603151885
1.1308249491544731
1.1293811726229828
1.1279361320915999
1.1264898289325191
1.1250422645192313
1.1235934402265784
1.1221433574306670
1.1206920175089292
1.1192394218401283
1.1177855718043301
1.1163304687828985
1.1148741141584717
1.1134165093149690
1.1119576556375461
1.1104975545127511
1.1090362073284239
1.1075736154736775
1.1061097803388984
1.1046447033158056
1.1031783857973649
1.1017108291778837
1.1002420348529813
1.0987720042195777
1.0973007386758205
1.0958282396210677
1.0943545084559354
1.0928795465823558
1.0914033554035547
1.0899259363240115
1.0884472907494969
1.0869674200870405
1.0854863257449183
1.0840040091326753
1.0825204716611194
1.0810357147422869
1.0795497397894818
1.0780625482172954
1.0765741414416117
1.0750845208795758
1.0735936879495509
1.0721016440711311
1.0706083906651860
1.0691139291538145
1.0676182609603708
1.0661213875094153
1.0646233102267666
1.0631240305395568
1.0616235498761537
1.0601218696661423
1.0586189913403792
1.0571149163309279
1.0556096460710735
1.0541031819953510
1.0525955255394999
1.0510866781405037
1.0495766412365766
1.0480654162671050
1.0465530046727018
1.0450394078952414
1.0435246273778109
1.0420086645647069
1.0404915209014274
1.0389731978346886
1.0374536968124273
1.0359330192838416
1.0344111666993672
1.0328881405106196
1.0313639421704071
1.0298385731327322
1.0283120348528088
1.0267843287869804
1.0252554563928005
1.0237254191290692
1.0221942184558011
1.0206618558341427
1.0191283327265228
1.0175936505965120
1.0160578109089002
1.0145208151296066
1.0129826647257387
1.0114433611656115
1.0099029059187405
1.0083613004558203
1.0068185462487231
1.0052746447704812
1.0037295974952731
1.0021834058985004
1.0006360714567097
0.99908759564762817
0.99753797995019333
0.99598722584455301
0.99443533481203328
0.99288230833508506
0.99132814789729184
0.98977285498340573
0.98821643107936330
0.98665887767229343
0.98510019625042533
0.98354038830314772
0.98197945532095277
0.98041739879553802
0.97885422021976609
0.97728992108764279
0.97572450289432799
0.97415796713609015
0.97259031531037621
0.97102154891577386
0.96945166945200012
0.96788067841986836
0.96630857732132958
0.96473536765951118
0.96316105093868287
0.96158562866421071
0.96000910234257408
0.95843147348141300
0.95685274358950856
0.95527291417674598
0.95369198675413192
0.95210996283377525
0.95052684392888520
0.94894263155378011
0.94735732722388621
0.94577093245575505
0.94418344876711180
0.94259487767677663
0.94100522070464954
0.93941447937176226
0.93782265520023722
0.93622974971333828
0.93463576443542129
0.93304070089190250
0.93144456060932768
0.92984734511534661
0.92824905593869189
0.92664969460917379
0.92504926265772780
0.92344776161638831
0.92184519301822587
0.92024155839743293
0.91863685928928618
0.91703109723013698
0.91542427375738611
0.91381639040950335
0.91220744872607673
0.91059745024777361
0.90898639651631286
0.90737428907448914
0.90576112946616871
0.90414691923632085
0.90253165993093398
0.90091535309706916
0.89929800028280393
0.89767960303731209
0.89606016291083723
0.89443968145465114
0.89281816022111604
0.89119560076366511
0.88957200463677155
0.88794737339594831
0.88632170859772064
0.88469501179966792
0.88306728456042893
0.88143852843970061
0.87980874499818118
0.87817793579762526
0.87654610240083197
0.87491324637164036
0.87327936927492200
0.87164447267657919
0.87000855814352107
0.86837162724370887
0.86673368154615482
0.86509472262089759
0.86345475203897237
0.86181377137245618
0.86017178219442003
0.85852878607898364
0.85688478460126360
0.85523977933736850
0.85359377186443508
0.85194676376060063
0.85029875660503407
0.84864975197788128
0.84699975146029616
0.84534875663443632
0.84369676908345015
0.84204379039151789
0.84038982214382352
0.83873486592653879
0.83707892332681899
0.83542199593281186
0.83376408533365853
0.83210519311950326
0.83044532088144918
0.82878447021157697
0.82712264270297653
0.82545983994969596
0.82379606354677581
0.82213131509023141
0.82046559617707282
0.81879890840527725
0.81713125337375392
0.81546263268240071
0.81379304793213680
0.81212250072481484
0.81045099266324661
0.80877852535120687
0.80710510039345096
0.80543071939568311
0.80375538396457047
0.80207909570771108
0.80040185623364468
0.79872366715186949
0.79704453007284226
0.79536444660799854
0.79368341836969003
0.79200144697125630
0.79031853402694940
0.78863468115196267
0.78694988996242898
0.78526416207541339
0.78357749910891417
0.78188990268189740
0.78020137441423898
0.77851191592669966
0.77682152884098876
0.77513021477977495
0.77343797536664260
0.77174481222607372
0.77005072698347854
0.76835572126521112
0.76665979669851303
0.76496295491155619
0.76326519753341782
0.76156652619409471
0.75986694252446207
0.75816644815633139
0.75646504472242726
0.75476273385637604
0.75305951719270603
0.75135539636680215
0.74965037301498694
0.74794444877449040
0.74623762528341453
0.74452990418076037
0.74282128710641848
0.74111177570113718
0.73940137160656627
0.73769007646525486
0.73597789192065033
0.73426481961708179
0.73255086119974067
0.73083601831469358
0.72912029260887290
0.72740368573009728
0.72568619932706746
0.72396783504934348
0.72224859454733914
0.72052847947234711
0.71880749147654410
0.71708563221293775
0.71536290333539643
0.71363930649868157
0.71191484335838862
0.71018951557095378
0.70846332479367913
0.70673627268469696
0.70500836090302743
0.70327959110853189
0.70154996496187916
0.69981948412462613
0.69808815025912185
0.69635596502858876
0.69462293009706622
0.69288904712946031
0.69115431779150205
0.68941874374971324
0.68768232667149143
0.68594506822506396
0.68420697007946418
0.68246803390453903
0.68072826137098708
0.67898765415030027
0.67724621391481421
0.67550394233767674
0.67376084109285928
0.67201691185511980
0.67027215630003434
0.66852657610396093
0.66678017294406700
0.66503294849834216
0.66328490444558430
0.66153604246538411
0.65978636423815828
0.65803587144511333
0.65628456576825944
0.65453244889038742
0.65277952249506077
0.65102578826665247
0.64927124789032686
0.64751590305200302
0.64575975543839448
0.64400280673701327
0.64224505863613479
0.64048651282484892
0.63872717099302279
0.63696703483127570
0.63520610603101768
0.63344438628439292
0.63168187728431324
0.62991858072445150
0.62815449829926895
0.62638963170400463
0.62462398263462637
0.62285755278787780
0.62109034386125705
0.61932235755301812
0.61755359556215672
0.61578405958841265
0.61401375133231062
0.61224267249511388
0.61047082477883019
0.60869820988620571
0.60692482952072913
0.60515068538664418
0.60337577918887231
0.60160011263311430
0.59982368742579872
0.59804650527410730
0.59626856788595228
0.59448987696995148
0.59271043423545444
0.59093024139256733
0.58914930015211875
0.58736761222561429
0.58558517932532228
0.58380200316418673
0.58201808545587119
0.58023342791478694
0.57844803225602592
0.57666190019537111
0.57487503344933633
0.57308743373511495
0.57129910277058615
0.56951004227437085
0.56772025396578985
0.56592973956487269
0.56413850079232997
0.56234653936956647
0.56055385701866212
0.55876045546240594
0.55696633642425197
0.55517150162832751
0.55337595279946949
0.55157969166319432
0.54978271994569705
0.54798503937384291
0.54618665167516955
0.54438755857789156
0.54258776181085633
0.54078726310360903
0.53898606418637063
0.53718416679004222
0.53538157264621045
0.53357828348707115
0.53177430104550449
0.52996962705500816
0.52816426324976262
0.52635821136460703
0.52455147313504014
0.52274405029720528
0.52093594458789239
0.51912715774453211
0.51731769150519447
0.51550754760860740
0.51369672779412490
0.51188523380172213
0.51007306737202851
0.50826023024628941
0.50644672416639624
0.50463255087487702
0.50281771211487913
0.50100220963018383
0.49918604516521153
0.49736922046498000
0.49555173727514462
0.49373359734196254
0.49191480241232327
0.49009535423373513
0.48827525455429588
0.48645450512272564
0.48463310768834361
0.48281106400106666
0.48098837581142440
0.47916504487055700
0.47734107293019523
0.47551646174267381
0.47369121306092377
0.47186532863847375
0.47003881022943367
0.46821165958850908
0.46638387847099028
0.46455546863277092
0.46272643183031542
0.46089676982067757
0.45906648436150205
0.45723557721099872
0.45540405012796159
0.45357190487175697
0.45173914320232461
0.44990576688018141
0.44807177766640999
0.44623717732264451
0.44440196761110257
0.44256615029453089
0.44072972713624592
0.43889269990014323
0.43705507035065710
0.43521684025279012
0.43337801137208609
0.43153858547464374
0.42969856432711828
0.42785794969671026
0.42601674335116607
0.42417494705877162
0.42233256258833168
0.42048959170920264
0.41864603619128909
0.41680189780502247
0.41495717832134549
0.41311187951174655
0.41126600314824535
0.40941955100338256
0.40757252485022233
0.40572492646237429
0.40387675761396757
0.40202802007963656
0.40017871563452850
0.39832884605432461
0.39647841311520227
0.39462741859384748
0.39277586426745914
0.39092375191374712
0.38907108331091877
0.38721786023768351
0.38536408447325410
0.38350975779732771
0.38165488199011460
0.37979945883233029
0.37794349010517514
0.37608697759033410
0.37422992306998876
0.37237232832678097
0.37051419514386025
0.36865552530487705
0.36679632059394118
0.36493658279563534
0.36307631369503551
0.36121551507768657
0.35935418872959751
0.35749233643724349
0.35562995998756847
0.35376706116798362
0.35190364176637251
0.35003970357108938
0.34817524837093394
0.34631027795516817
0.34444479411350931
0.34257879863613455
0.34071229331367558
0.33884527993721869
0.33697776029829540
0.33510973618888179
0.33324120940138846
0.33137218172867605
0.32950265496404185
0.32763263090123435
0.32576211133442268
0.32389109805821059
0.32201959286764725
0.32014759755820832
0.31827511392579000
0.31640214376671322
0.31452868887772739
0.31265475105600776
0.31078033209915412
0.30890543380519808
0.30703005797256439
0.30515420640008883
0.30327788088703084
0.30140108323305626
0.29952381523823302
0.29764607870305376
0.29576787542840566
0.29388920721555856
0.29201007586620209
0.29013048318242224
0.28825043096668301
0.28636992102184788
0.28448895515118328
0.28260753515834891
0.28072566284738892
0.27884334002272210
0.27696056848915213
0.27507735005187123
0.27319368651646142
0.27130957968888503
0.26942503137548846
0.26754004338297199
0.26565461751840724
0.26376875558924046
0.26188245940329685
0.25999573076875582
0.25810857149414779
0.25622098338837906
0.25433296826072005
0.25244452792079253
0.25055566417856145
0.24866637884436210
0.24677667372887693
0.24488655064315051
0.24299601139856325
0.24110505780683719
0.23921369168003884
0.23732191483058962
0.23542972907125226
0.23353713621511077
0.23164413807558026
0.22975073646641700
0.22785693320170947
0.22596273009587181
0.22406812896365036
0.22217313162011523
0.22027773988066307
0.21838195556101481
0.21648578047720293
0.21458921644558487
0.21269226528283286
0.21079492880592002
0.20889720883212623
0.20699910717904879
0.20510062566459392
0.20320176610696730
0.20130253032467788
0.19940292013653643
0.19750293736165045
0.19560258381943330
0.19370186132959311
0.19180077171213969
0.18989931678735983
0.18799749837583932
0.18609531829845605
0.18419277837636772
0.18228988043101998
0.18038662628412372
0.17848301775767558
0.17657905667394674
0.17467474485547757
0.17277008412508996
0.17086507630587086
0.16895972322117289
0.16705402669463079
0.16514798855013410
0.16324161061183437
0.16133489470414433
0.15942784265172918
0.15752045627951908
0.15561273741269868
0.15370468787670349
0.15179630949722925
0.14988760410021360
0.14797857351183594
0.14606921955852370
0.14415954406694184
0.14224954886399813
0.14033923577684224
0.13842860663286041
0.13651766325966844
0.13460640748510955
0.13269484113725918
0.13078296604441367
0.12887078403509972
0.12695829693806768
0.12504550658229929
0.12313241479699254
0.12121902341156497
0.11930533425564226
0.11739134915906688
0.11547706995189634
0.11356249846439091
0.11164763652702964
0.10973248597049504
0.10781704862566932
0.10590132632363868
0.10398532089568333
0.10206903417328778
0.10015246798813049
9.8235624172094360E-002
9.6318504557241960E-002
9.4401110975816632E-002
9.2483445260256480E-002
9.0565509243189207E-002
8.8647304757424855E-002
8.6728833635953420E-002
8.4810097711944851E-002
8.2891098818747525E-002
8.0971838789884065E-002
7.9052319459050044E-002
7.7132542660112172E-002
7.5212510227111701E-002
7.3292223994257957E-002
7.1371685795927176E-002
6.9450897466650424E-002
6.7529860841128511E-002
6.5608577754215539E-002
6.3687050040915613E-002
6.1765279536401617E-002
5.9843268075988165E-002
5.7921017495142994E-002
5.5998529629486857E-002
5.4075806314780810E-002
5.2152849386930190E-002
5.0229660681990224E-002
4.8306242036151144E-002
4.6382595285743539E-002
4.4458722267237988E-002
4.2534624817240248E-002
4.0610304772489017E-002
3.8685763969854972E-002
3.6761004246335841E-002
3.4836027439047457E-002
3.2910835385231131E-002
3.0985429922258036E-002
2.9059812887614743E-002
2.7133986118906099E-002
2.5207951453855199E-002
2.3281710730304606E-002
2.1355265786206730E-002
1.9428618459625912E-002
1.7501770588737382E-002
1.5574724011825872E-002
1.3647480567276665E-002
1.1720042093571725E-002
9.7924104292932863E-003
7.8645874131286764E-003
5.9365748838610547E-003
4.0083746803694260E-003
2.0799886416220633E-003
1.5141860667575277E-004
-1.7773335853246549E-003
-3.7062660951451545E-003
-5.6353770834729833E-003
-7.5646647109131257E-003
-9.4941271379860755E-003
-1.1423762525130988E-002
-1.3353569032717172E-002
-1.5283544821044364E-002
-1.7213688050337645E-002
-1.9143996880746469E-002
-2.1074469472351275E-002
-2.3005103985174618E-002
-2.4935898579173166E-002
-2.6866851414239688E-002
-2.8797960650203965E-002
-3.0729224446841095E-002
-3.2660640963871355E-002
-3.4592208360959435E-002
-3.6523924797721048E-002
-3.8455788433722222E-002
-4.0387797428477076E-002
-4.2319949941453515E-002
-4.4252244132077567E-002
-4.6184678159730132E-002
-4.8117250183758939E-002
-5.0049958363469670E-002
-5.1982800858138341E-002
-5.3915775826999988E-002
-5.5848881429261532E-002
-5.7782115824091540E-002
-5.9715477170641379E-002
-6.1648963628039094E-002
-6.3582573355383837E-002
-6.5516304511753887E-002
-6.7450155256205568E-002
-6.9384123747778637E-002
-7.1318208145498690E-002
-7.3252406608377285E-002
-7.5186717295414318E-002
-7.7121138365596642E-002
-7.9055667977909874E-002
-8.0990304291334025E-002
-8.2925045464840544E-002
-8.4859889657401003E-002
-8.6794835027990791E-002
-8.8729879735586478E-002
-9.0665021939168838E-002
-9.2600259797729470E-002
-9.4535591470265079E-002
-9.6471015115786429E-002
-9.8406528893313763E-002
-0.10034213096188511
-0.10227781948055520
-0.10421359260839534
-0.10614944850449778
-0.10808538532797854
-0.11002140123797557
-0.11195749439365607
-0.11389366295421560
-0.11582990507888047
-0.11776621892691151
-0.11970260265760416
-0.12163905443029045
-0.12357557240434251
-0.12551215473917202
-0.12744879959423053
-0.12938550512901589
-0.13132226950307715
-0.13325909087601084
-0.13519596740746165
-0.13713289725712918
-0.13906987858476969
-0.14100690955019468
-0.14294398831327376
-0.14488111303393950
-0.14681828187218665
-0.14875549298807583
-0.15069274454173431
-0.15263003469335804
-0.15456736160321308
-0.15650472343164054
-0.15844211833905558
-0.16037954448595004
-0.16231700003289648
-0.16425448314054747
-0.16619199196963780
-0.16812952468098863
-0.17006707943550803
-0.17200465439419399
-0.17394224771813566
-0.17587985756851479
-0.17781748210660847
-0.17975511949379114
-0.18169276789153671
-0.18363042546142011
-0.18556809036511920
-0.18750576076441711
-0.18944343482120432
-0.19138111069748062
-0.19331878655535706
-0.19525646055705798
-0.19719413086492302
-0.19913179564140909
-0.20106945304909235
-0.20300710125067012
-0.20494473840896293
-0.20688236268691659
-0.20881997224760418
-0.21075756525422826
-0.21269513987012287
-0.21463269425875475
-0.21657022658372552
-0.21850773500877482
-0.22044521769778191
-0.22238267281476659
-0.22432009852389054
-0.22625749298946121
-0.22819485437593331
-0.23013218084791126
-0.23206947057015087
-0.23400672170756151
-0.23594393242520678
-0.23788110088830872
-0.23981822526224772
-0.24175530371256448
-0.24369233440496299
-0.24562931550531203
-0.24756624517964754
-0.24950312159417620
-0.25143994291527716
-0.25337670730950090
-0.25531341294357263
-0.25725005798439637
-0.25918664059905394
-0.26112315895480731
-0.26305961121910021
-0.26499599555956366
-0.26693231014401586
-0.26886855314046554
-0.27080472271710965
-0.27274081704233810
-0.27467683428473577
-0.27661277261308581
-0.27854863019637044
-0.28048440520377244
-0.28242009580467697
-0.28435570016867162
-0.28629121646555167
-0.28822664286532090
-0.29016197753819573
-0.29209721865460658
-0.29403236438519548
-0.29596741290082057
-0.29790236237256024
-0.29983721097171473
-0.30177195686980457
-0.30370659823857699
-0.30564113325000647
-0.30757556007629383
-0.30950987688987230
-0.31144408186340689
-0.31337817316979322
-0.31531214898216520
-0.31724600747389736
-0.31917974681860534
-0.32111336519014788
-0.32304686076262829
-0.32498023171039520
-0.32691347620804639
-0.32884659243043224
-0.33077957855264917
-0.33271243275005080
-0.33464515319824828
-0.33657773807310609
-0.33851018555074891
-0.34044249380756264
-0.34237466102019737
-0.34430668536557285
-0.34623856502087752
-0.34817029816357536
-0.35010188297139838
-0.35203331762235185
-0.35396460029471594
-0.35589572916705048
-0.35782670241819003
-0.35975751822725188
-0.36168817477363446
-0.36361867023702643
-0.36554900279740404
-0.36747917063503149
-0.36940917193046446
-0.37133900486455862
-0.37326866761846755
-0.37519815837363885
-0.37712747531181839
-0.37905661661505646
-0.38098558046570480
-0.38291436504641879
-0.38484296854016220
-0.38677138913020898
-0.38869962500014249
-0.39062767433386053
-0.39255553531556586
-0.39448320612978172
-0.39641068496135051
-0.39833796999544274
-0.40026505941754731
-0.40219195141347674
-0.40411864416936955
-0.40604513587170110
-0.40797142470726888
-0.40989750886320975
-0.41182338652699230
-0.41374905588642374
-0.41567451512965436
-0.41759976244517066
-0.41952479602180204
-0.42144961404871695
-0.42337421471543391
-0.42529859621181421
-0.42722275672806825
-0.42914669445476017
-0.43107040758280829
-0.43299389430348317
-0.43491715280841797
-0.43684018128960439
-0.43876297793939856
-0.44068554095051926
-0.44260786851604944
-0.44452995882944607
-0.44645181008453338
-0.44837342047550477
-0.45029478819692409
-0.45221591144373141
-0.45413678841125221
-0.45605741729518495
-0.45797779629160834
-0.45989792359698067
-0.46181779740814471
-0.46373741592233647
-0.46565677733718197
-0.46757587985069698
-0.46949472166129819
-0.47141330096779133
-0.47333161596937939
-0.47524966486566056
-0.47716744585663223
-0.47908495714269761
-0.48100219692467361
-0.48291916340377877
-0.48483585478163338
-0.48675226926027099
-0.48866840504213199
-0.49058426033007141
-0.49249983332735936
-0.49441512223769374
-0.49633012526518572
-0.49824484061436830
-0.50015926649020426
-0.50207340109807796
-0.50398724264380601
-0.50590078933363192
-0.50781403937422820
-0.50972699097269669
-0.51163964233657566
-0.51355199167384313
-0.51546403719291267
-0.51737577710263760
-0.51928720961230923
-0.52119833293166629
-0.52310914527089225
-0.52501964484062780
-0.52692982985195769
-0.52883969851641055
-0.53074924904598109
-0.53265847965313406
-0.53456738855079045
-0.53647597395231827
-0.53838423407154823
-0.54029216712277528
-0.54219977132076236
-0.54410704488074391
-0.54601398601842444
-0.54792059294997875
-0.54982686389204904
-0.55173279706175549
-0.55363839067670162
-0.55554364295495251
-0.55744855211504518
-0.55935311637600904
-0.56125733395737099
-0.56316120307914153
-0.56506472196182234
-0.56696788882639615
-0.56887070189434952
-0.57077315938766560
-0.57267525952880538
-0.57457700054072847
-0.57647838064690982
-0.57837939807132432
-0.58028005103844027
-0.58218033777323597
-0.58408025650120110
-0.58597980544833017
-0.58787898284112616
-0.58977778690660765
-0.59167621587230312
-0.59357426796626989
-0.59547194141707216
-0.59736923445379742
-0.59926614530607025
-0.60116267220401554
-0.60305881337828005
-0.60495456706004969
-0.60684993148103850
-0.60874490487349564
-0.61063948547020652
-0.61253367150448323
-0.61442746121017244
-0.61632085282166671
-0.61821384457390338
-0.62010643470236593
-0.62199862144308615
-0.62389040303264143
-0.62578177770815291
-0.62767274370728843
-0.62956329926827392
-0.63145344262987779
-0.63334317203143198
-0.63523248571283808
-0.63712138191455758
-0.63900985887761363
-0.64089791484358494
-0.64278554805460852
-0.64467275675340263
-0.64655953918326858
-0.64844589358806115
-0.65033181821219566
-0.65221731130066363
-0.65410237109904512
-0.65598699585349507
-0.65787118381074794
-0.65975493321812029
-0.66163824232351198
-0.66352110937541187
-0.66540353262289798
-0.66728551031563033
-0.66916704070385802
-0.67104812203842223
-0.67292875257076268
-0.67480893055291202
-0.67668865423750446
-0.67856792187778514
-0.68044673172759018
-0.68232508204136344
-0.68420297107416139
-0.68608039708163504
-0.68795735832006799
-0.68983385304635547
-0.69170987951799812
-0.69358543599311306
-0.69546052073043085
-0.69733513198931174
-0.69920926802972638
-0.70108292711225773
-0.70295610749813153
-0.70482880744919874
-0.70670102522793854
-0.70857275909746331
-0.71044400732151447
-0.71231476816446326
-0.71418503989130999
-0.71605482076769056
-0.71792410905988135
-0.71979290303479115
-0.72166120095999309
-0.72352900110370533
-0.72539630173479319
-0.72726310112277803
-0.72912939753782013
-0.73099518925071560
-0.73286047453292480
-0.73472525165654345
-0.73658951889433077
-0.73845327451972975
-0.74031651680683319
-0.74217924403041191
-0.74404145446590331
-0.74590314638939714
-0.74776431807764643
-0.74962496780808185
-0.75148509385880513
-0.75334469450857655
-0.75520376803683742
-0.75706231272370794
-0.75892032684999711
-0.76077780869718947
-0.76263475654745660
-0.76449116868365907
-0.76634704338933968
-0.76820237894872767
-0.77005717364674886
-0.77191142576902816
-0.77376513360187149
-0.77561829543228267
-0.77747090954796705
-0.77932297423732111
-0.78117448778945042
-0.78302544849417499
-0.78487585464199883
-0.78672570452412183
-0.78857499643245654
-0.79042372865961608
-0.79227189949892174
-0.79411950724441749
-0.79596655019086993
-0.79781302663375364
-0.79965893486926920
-0.80150427319433659
-0.80334903990658946
-0.80519323330439041
-0.80703685168683392
-0.80887989335373434
-0.81072235660563241
-0.81256423974379244
-0.81440554107021923
-0.81624625888764812
-0.81808639149956286
-0.81992593721020490
-0.82176489432455657
-0.82360326114833737
-0.82544103598800034
-0.82727821715073435
-0.82911480294447093
-0.83095079167789254
-0.83278618166045437
-0.83462097120235668
-0.83645515861454767
-0.83828874220875049
-0.84012172029743926
-0.84195409119383091
-0.84378585321190558
-0.84561700466639278
-0.84744754387279420
-0.84927746914739299
-0.85110677880724250
-0.85293547117015223
-0.85476354455470371
-0.85659099728025967
-0.85841782766695718
-0.86024403403571204
-0.86206961470821086
-0.86389456800692199
-0.86571889225510523
-0.86754258577678545
-0.86936564689678475
-0.87118807394071962
-0.87300986523499557
-0.87483101910679717
-0.87665153388409556
-0.87847140789567246
-0.88029063947108299
-0.88210922694069904
-0.88392716863569532
-0.88574446288802933
-0.88756110803047994
-0.88937710239664014
-0.89119244432089650
-0.89300713213843119
-0.89482116418524182
-0.89663453879814137
-0.89844725431474914
-0.90025930907350171
-0.90207070141365597
-0.90388142967528340
-0.90569149219927059
-0.90750088732732559
-0.90930961340199024
-0.91111766876664269
-0.91292505176549354
-0.91473176074358631
-0.91653779404679037
-0.91834315002179767
-0.92014782701614106
-0.92195182337820381
-0.92375513745720028
-0.92555776760318087
-0.92735971216702140
-0.92916096950044291
-0.93096153795601277
-0.93276141588713790
-0.93456060164809140
-0.93635909359400837
-0.93815689008086189
-0.93995398946545805
-0.94175039010546502
-0.94354609035941583
-0.94534108858670085
-0.94713538314756007
-0.94892897240310858
-0.95072185471531656
-0.95251402844700073
-0.95430549196185044
-0.95609624362441803
-0.95788628180012070
-0.95967560485527348
-0.96146421115706782
-0.96325209907356302
-0.96503926697368347
-0.96682571322721644
-0.96861143620484935
-0.97039643427814348
-0.97218070581953830
-0.97396424920236768
-0.97574706280086732
-0.97752914499016930
-0.97931049414628157
-0.98109110864609150
-0.98287098686737528
-0.98465012718881584
-0.98642852798999592
-0.98820618765139479
-0.98998310455439942
-0.99175927708129485
-0.99353470361526308
-0.99530938254039114
-0.99708331224167301
-0.99885649110500696
-1.0006289175172127
-1.0024005898660295
-1.0041715065400989
-1.0059416659289875
-1.0077110664231781
-1.0094797064140693
-1.0112475842939563
-1.0130146984560453
-1.0147810472944805
-1.0165466292043381
-1.0183114425816244
-1.0200754858232439
-1.0218387573270409
-1.0236012554918039
-1.0253629787172476
-1.0271239254040270
-1.0288840939537407
-1.0306434827689257
-1.0324020902530466
-1.0341599148105141
-1.0359169548466820
-1.0376732087678457
-1.0394286749812565
-1.0411833518950964
-1.0429372379185038
-1.0446903314615881
-1.0464426309353898
-1.0481941347519022
-1.0499448413240438
-1.0516947490657014
-1.0534438563917246
-1.0551921617179336
-1.0569396634611234
-1.0586863600390326
-1.0604322498703826
-1.0621773313748599
-1.0639216029731136
-1.0656650630867464
-1.0674077101383566
-1.0691495425515203
-1.0708905587507707
-1.0726307571616218
-1.0743701362105706
-1.0761086943251050
-1.0778464299337005
-1.0795833414658067
-1.0813194273518627
-1.0830546860233086
-1.0847891159125547
-1.0865227154529826
-1.0882554830789846
-1.0899874172259172
-1.0917185163301244
-1.0934487788289557
-1.0951782031607584
-1.0969067877648924
-1.0986345310817147
-1.1003614315525825
-1.1020874876198621
-1.1038126977269291
-1.1055370603181849
-1.1072605738390029
-1.1089832367357446
-1.1107050474558029
-1.1124260044475986
-1.1141461061605713
-1.1158653510451753
-1.1175837375528888
-1.1193012641361837
-1.1210179292485547
-1.1227337313445227
-1.1244486688796451
-1.1261627403104861
-1.1278759440946371
-1.1295882786907199
-1.1312997425583822
-1.1330103341582889
-1.1347200519521408
-1.1364288944026806
-1.1381368599736950
-1.1398439471300172
-1.1415501543375166
-1.1432554800631123
-1.1449599227747713
-1.1466634809415157
-1.1483661530334242
-1.1500679375215830
-1.1517688328781122
-1.1534688375762054
-1.1551679500901395
-1.1568661688952480
-1.1585634924679276
-1.1602599192856118
-1.1619554478267655
-1.1636500765709223
-1.1653438039986652
-1.1670366285916633
-1.1687285488326424
-1.1704195632053831
-1.1721096701947218
-1.1737988682865916
-1.1754871559680045
-1.1771745317270641
-1.1788609940529149
-1.1805465414357434
-1.1822311723668459
-1.1839148853385810
-1.1855976788443749
-1.1872795513787679
-1.1889605014373816
-1.1906405275169007
-1.1923196281150732
-1.1939978017307475
-1.1956750468638664
-1.1973513620154423
-1.1990267456875843
-1.2007011963835050
-1.2023747126075144
-1.2040472928650525
-1.2057189356626656
-1.2073896395079615
-1.2090594029096517
-1.2107282243775603
-1.2123961024226002
-1.2140630355568014
-1.2157290222932702
-1.2173940611462026
-1.2190581506309162
-1.2207212892638653
-1.2223834755625849
-1.2240447080457262
-1.2257049852330668
-1.2273643056454993
-1.2290226678050407
-1.2306800702348220
-1.2323365114590805
-1.2339919900031766
-1.2356465043936262
-1.2373000531580867
-1.2389526348253193
-1.2406042479252128
-1.2422548909887814
-1.2439045625481691
-1.2455532611366529
-1.2472009852886379
-1.2488477335396866
-1.2504935044264796
-1.2521382964868402
-1.2537821082597533
-1.2554249382853102
-1.2570667851047295
-1.2587076472603942
-1.2603475232958321
-1.2619864117557329
-1.2636243111859420
-1.2652612201334623
-1.2668971371464472
-1.2685320607741966
-1.2701659895671338
-1.2717989220768617
-1.2734308568561472
-1.2750617924588936
-1.2766917274401639
-1.2783206603562141
-1.2799485897644602
-1.2815755142234488
-1.2832014322928833
-1.2848263425336537
-1.2864502435078080
-1.2880731337785596
-1.2896950119103168
-1.2913158764686334
-1.2929357260202374
-1.2945545591330401
-1.2961723743761127
-1.2977891703197160
-1.2994049455352747
-1.3010196985953812
-1.3026334280738168
-1.3042461325455459
-1.3058578105867205
-1.3074684607746916
-1.3090780816880170
-1.3106866719064427
-1.3122942300108931
-1.3139007545834835
-1.3155062442075267
-1.3171106974675506
-1.3187141129492725
-1.3203164892396193
-1.3219178249266981
-1.3235181185998324
-1.3251173688495377
-1.3267155742675456
-1.3283127334467593
-1.3299088449812611
-1.3315039074663824
-1.3330979194986781
-1.3346908796759367
-1.3362827865971270
-1.3378736388623973
-1.3394634350731018
-1.3410521738318519
-1.3426398537424717
-1.3442264734099743
-1.3458120314406143
-1.3473965264418830
-1.3489799570224907
-1.3505623217923661
-1.3521436193626255
-1.3537238483456004
-1.3553030073548953
-1.3568810950053436
-1.3584581099130040
-1.3600340506951452
-1.3616089159702689
-1.3631827043581433
-1.3647554144797374
-1.3663270449572757
-1.3678975944142135
-1.3694670614752316
-1.3710354447662461
-1.3726027429144489
-1.3741689545482991
-1.3757340782974716
-1.3772981127928792
-1.3788610566667039
-1.3804229085523556
-1.3819836670844927
-1.3835433308990017
-1.3851018986329995
-1.3866593689248679
-1.3882157404142399
-1.3897710117420172
-1.3913251815503878
-1.3928782484827789
-1.3944302111838918
-1.3959810682996809
-1.3975308184773538
-1.3990794603653673
-1.4006269926134605
-1.4021734138726190
-1.4037187227951495
-1.4052629180345995
-1.4068059982457870
-1.4083479620848252
-1.4098888082090819
-1.4114285352772191
-1.4129671419491603
-1.4145046268860708
-1.4160409887503724
-1.4175762262057818
-1.4191103379173002
-1.4206433225512436
-1.4221751787751786
-1.4237059052579739
-1.4252355006697826
-1.4267639636820217
-1.4282912929674079
-1.4298174871999503
-1.4313425450549859
-1.4328664652091299
-1.4343892463402994
-1.4359108871276789
-1.4374313862517378
-1.4389507423942574
-1.4404689542383211
-1.4419860204683081
-1.4435019397698954
-1.4450167108300656
-1.4465303323370882
-1.4480428029805710
-1.4495541214514280
-1.4510642864418779
-1.4525732966454266
-1.4540811507569067
-1.4555878474724810
-1.4570933854895971
-1.4585977635070126
-1.4601009802247948
-1.4616030343443318
-1.4631039245682993
-1.4646036496006982
-1.4661022081468544
-1.4675995989134007
-1.4690958206082971
-1.4705908719407965
-1.4720847516214886
-1.4735774583623082
-1.4750689908764851
-1.4765593478785948
-1.4780485280845621
-1.4795365302116243
-1.4810233529783521
-1.4825089951046644
-1.4839934553117859
-1.4854767323222853
-1.4869588248601064
-1.4884397316505136
-1.4899194514200733
-1.4913979828967092
-1.4928753248096942
-1.4943514758896463
-1.4958264348685162
-1.4973002004795612
-1.4987727714574144
-1.5002441465380976
-1.5017143244589470
-1.5031833039586333
-1.5046510837772018
-1.5061176626560440
-1.5075830393378411
-1.5090472125666488
-1.5105101810879009
-1.5119719436484083
-1.5134324989963277
-1.5148918458811396
-1.5163499830536731
-1.5178069092661304
-1.5192626232720827
-1.5207171238264534
-1.5221704096855209
-1.5236224796069286
-1.5250733323497043
-1.5265229666742288
-1.5279713813422708
-1.5294185751169860
-1.5308645467628870
-1.5323092950458779
-1.5337528187332201
-1.5351951165935267
-1.5366361873967911
-1.5380760299143568
-1.5395146429189552
-1.5409520251846998
-1.5423881754870878
-1.5438230926030079
-1.5452567753107311
-1.5466892223899167
-1.5481204326216012
-1.5495504047882256
-1.5509791376735980
-1.5524066300628829
-1.5538328807426591
-1.5552578885008845
-1.5566816521269167
-1.5581041704115002
-1.5595254421467977
-1.5609454661263382
-1.5623642411450478
-1.5637817659992437
-1.5651980394866105
-1.5666130604062174
-1.5680268275585172
-1.5694393397453656
-1.5708505957700647
-1.5722605944373045
-1.5736693345531634
-1.5750768149251568
-1.5764830343621798
-1.5778879916745290
-1.5792916856739367
-1.5806941151735219
-1.5820952789878140
-1.5834951759327474
-1.5848938048256520
-1.5862911644852828
-1.5876872537317843
-1.5890820713867317
-1.5904756162731171
-1.5918678872153649
-1.5932588830393286
-1.5946486025722724
-1.5960370446428671
-1.5974242080812049
-1.5988100917188095
-1.6001946943886056
-1.6015780149248893
-1.6029600521634610
-1.6043408049415262
-1.6057202720977035
-1.6070984524720899
-1.6084753449061677
-1.6098509482428307
-1.6112252613263942
-1.6125982830025909
-1.6139700121186082
-1.6153404475230757
-1.6167095880660456
-1.6180774325990535
-1.6194439799750167
-1.6208092290483376
-1.6221731786748328
-1.6235358277117615
-1.6248971750178050
-1.6262572194530964
-1.6276159598792226
-1.6289733951592655
-1.6303295241577020
-1.6316843457404513
-1.6330378587748733
-1.6343900621297605
-1.6357409546753827
-1.6370905352834393
-1.6384388028270536
-1.6397857561808333
-1.6411313942208341
-1.6424757158245513
-1.6438187198709007
-1.6451604052402988
-1.6465007708146311
-1.6478398154772145
-1.6491775381128551
-1.6505139376077964
-1.6518490128497296
-1.6531827627277733
-1.6545151861325333
-1.6558462819560686
-1.6571760490919152
-1.6585044864350424
-1.6598315928818923
-1.6611573673303957
-1.6624818086799524
-1.6638049158314188
-1.6651266876871147
-1.6664471231507831
-1.6677662211276654
-1.6690839805245103
-1.6704004002495487
-1.6717154792124866
-1.6730292163244824
-1.6743416104981852
-1.6756526606476967
-1.6769623656886006
-1.6782707245379624
-1.6795777361142756
-1.6808833993375489
-1.6821877131292657
-1.6834906764123936
-1.6847922881114139
-1.6860925471522772
-1.6873914524623899
-1.6886890029706392
-1.6899851976074125
-1.6912800353045845
-1.6925735149954686
-1.6938656356149098
-1.6951563960992306
-1.6964457953862218
-1.6977338324151974
-1.6990205061270078
-1.7003058154639525
-1.7015897593698588
-1.7028723367900163
-1.7041535466712190
-1.7054333879617638
-1.7067118596114457
-1.7079889605715637
-1.7092646897948900
-1.7105390462356873
-1.7118120288496976
-1.7130836365941833
-1.7143538684279533
-1.7156227233112535
-1.7168902002058231
-1.7181562980749514
-1.7194210158834187
-1.7206843525975231
-1.7219463071850334
-1.7232068786152148
-1.7244660658588671
-1.7257238678883187
-1.7269802836774149
-1.7282353122015062
-1.7294889524374175
-1.7307412033635070
-1.7319920639596578
-1.7332415332072424
-1.7344896100891380
-1.7357362935897904
-1.7369815826951212
-1.7382254763925695
-1.7394679736710452
-1.7407090735210080
-1.7419487749344424
-1.7431870769048396
-1.7444239784272106
-1.7456594784980992
-1.7468935761155553
-1.7481262702791902
-1.7493575599901152
-1.7505874442509817
-1.7518159220659635
-1.7530429924408104
-1.7542686543827422
-1.7554929069004863
-1.7567157490043188
-1.7579371797060301
-1.7591571980189391
-1.7603758029579413
-1.7615929935394452
-1.7628087687813558
-1.7640231277030800
-1.7652360693255791
-1.7664475926713956
-1.7676576967646096
-1.7688663806308704
-1.7700736432973363
-1.7712794837926820
-1.7724839011471367
-1.7736868943925019
-1.7748884625620793
-1.7760886046907369
-1.7772873198148360
-1.7784846069722584
-1.7796804652024723
-1.7808748935464638
-1.7820678910467673
-1.7832594567475051
-1.7844495896943597
-1.7856382889345259
-1.7868255535167328
-1.7880113824912702
-1.7891957749099974
-1.7903787298262974
-1.7915602462950644
-1.7927403233727466
-1.7939189601173631
-1.7950961555884715
-1.7962719088471966
-1.7974462189562461
-1.7986190849798858
-1.7997905059839183
-1.8009604810356798
-1.8021290092040769
-1.8032960895595325
-1.8044617211740206
-1.8056259031210797
-1.8067886344758004
-1.8079499143148423
-1.8091097417164501
-1.8102681157604048
-1.8114250355280086
-1.8125805001021604
-1.8137345085672920
-1.8148870600094189
-1.8160381535161549
-1.8171877881766350
-1.8183359630815514
-1.8194826773231898
-1.8206279299954637
-1.8217717201938108
-1.8229140470152023
-1.8240549095581837
-1.8251943069228471
-1.8263322382108949
-1.8274687025255554
-1.8286036989716097
-1.8297372266553853
-1.8308692846848615
-1.8319998721695716
-1.8331289882206110
-1.8342566319506841
-1.8353828024740739
-1.8365074989066044
-1.8376307203656521
-1.8387524659701882
-1.8398727348407993
-1.8409915260996765
-1.8421088388705897
-1.8432246722788328
-1.8443390254512864
-1.8454518975164673
-1.8465632876043743
-1.8476731948465785
-1.8487816183762915
-1.8498885573282726
-1.8509940108388663
-1.8520979780460074
-1.8532004580891945
-1.8543014501095039
-1.8554009532496583
-1.8564989666539233
-1.8575954894681705
-1.8586905208398568
-1.8597840599180069
-1.8608761058532093
-1.8619666577976395
-1.8630557149051101
-1.8641432763309858
-1.8652293412322589
-1.8663139087675384
-1.8673969780969903
-1.8684785483823541
-1.8695586187870181
-1.8706371884759585
-1.8717142566156411
-1.8727898223741581
-1.8738638849212381
-1.8749364434281537
-1.8760074970677705
-1.8770770450145482
-1.8781450864445304
-1.8792116205352878
-1.8802766464660243
-1.8813401634175864
-1.8824021705724641
-1.8834626671147290
-1.8845216522300583
-1.8855791251056790
-1.8866350849303917
-1.8876895308946520
-1.8887424621905182
-1.8897938780116741
-1.8908437775533775
-1.8918921600124730
-1.8929390245873956
-1.8939843704781747
-1.8950281968864429
-1.8960705030154801
-1.8971112880701440
-1.8981505512568710
-1.8991882917836960
-1.9002245088602943
-1.9012592016979601
-1.9022923695095444
-1.9033240115094978
-1.9043541269138926
-1.9053827149404163
-1.9064097748083675
-1.9074353057386768
-1.9084593069538618
-1.9094817776780053
-1.9105027171368543
-1.9115221245577967
-1.9125399991698036
-1.9135563402034639
-1.9145711468909710
-1.9155844184661199
-1.9165961541643131
-1.9176063532225658
-1.9186150148795016
-1.9196221383753553
-1.9206277229519468
-1.9216317678527202
-1.9226342723227494
-1.9236352356087325
-1.9246346569589630
-1.9256325356233834
-1.9266288708535690
-1.9276236619026452
-1.9286169080253730
-1.9296086084781361
-1.9305987625189027
-1.9315873694072470
-1.9325744284044335
-1.9335599387733415
-1.9345438997784565
-1.9355263106858720
-1.9365071707633152
-1.9374864792801636
-1.9384642355074202
-1.9394404387176618
-1.9404150881850974
-1.9413881831855628
-1.9423597229965246
-1.9433297068970572
-1.9442981341678396
-1.9452650040911905
-1.9462303159510157
-1.9471940690328395
-1.9481562626238311
-1.9491168960127996
-1.9500759684901550
-1.9510334793479278
-1.9519894278798209
-1.9529438133811137
-1.9538966351487173
-1.9548478924811898
-1.9557975846787086
-1.9567457110430468
-1.9576922708776008
-1.9586372634874316
-1.9595806881792390
-1.9605225442612952
-1.9614628310435238
-1.9624015478374717
-1.9633386939563742
-1.9642742687150678
-1.9652082714300021
-1.9661407014192653
-1.9670715580025793
-1.9680008405013121
-1.9689285482383918
-1.9698546805384121
-1.9707792367275674
-1.9717022161337587
-1.9726236180865271
-1.9735434419169766
-1.9744616869578835
-1.9753783525436710
-1.9762934380103918
-1.9772069426956984
-1.9781188659388951
-1.9790292070809741
-1.9799379654645413
-1.9808451404338177
-1.9817507313346694
-1.9826547375145742
-1.9835571583226792
-1.9844579931097706
-1.9853572412282903
-1.9862549020322875
-1.9871509748774503
-1.9880454591211369
-1.9889383541223598
-1.9898296592417379
-1.9907193738415110
-1.9916074972854998
-1.9924940289391457
-1.9933789681695651
-1.9942623143454961
-1.9951440668373333
-1.9960242250171190
-1.9969027882585200
-1.9977797559368757
-1.9986551274291031
-1.9995289021137348
-2.0004010793709788
-2.0012716585827257
-2.0021406391324947
-2.0030080204053800
-2.0038738017881568
-2.0047379826692380
-2.0056005624386977
-2.0064615404882176
-2.0073209162111025
-2.0081786890023015
-2.0090348582584174
-2.0098894233776852
-2.0107423837600313
-2.0115937388070360
-2.0124434879218946
-2.0132916305094630
-2.0141381659762772
-2.0149830937304825
-2.0158264131818355
-2.0166681237417583
-2.0175082248233469
-2.0183467158412287
-2.0191835962116946
-2.0200188653527493
-2.0208525226840619
-2.0216845676269330
-2.0225149996042959
-2.0233438180407135
-2.0241710223623621
-2.0249966119970635
-2.0258205863742837
-2.0266429449251393
-2.0274636870823981
-2.0282828122804872
-2.0291003199554756
-2.0299162095451173
-2.0307304804887782
-2.0315431322274411
-2.0323541642037819
-2.0331635758621136
-2.0339713666483865
-2.0347775360101816
-2.0355820833967133
-2.0363850082589088
-2.0371863100493144
-2.0379859882221396
-2.0387840422332624
-2.0395804715401464
-2.0403752756018667
-2.0411684538791341
-2.0419600058343863
-2.0427499309317287
-2.0435382286368768
-2.0443248984171980
-2.0451099397417343
-2.0458933520811287
-2.0466751349076415
-2.0474552876951599
-2.0482338099192234
-2.0490107010570191
-2.0497859605874091
-2.0505595879909415
-2.0513315827498100
-2.0521019443478981
-2.0528706722706591
-2.0536377660051803
-2.0544032250402413
-2.0551670488662261
-2.0559292369751576
-2.0566897888607274
-2.0574487040183085
-2.0582059819449667
-2.0589616221393379
-2.0597156241017136
-2.0604679873340319
-2.0612187113399112
-2.0619677956246276
-2.0627152396951032
-2.0634610430599110
-2.0642052052292348
-2.0649477257148861
-2.0656886040303135
-2.0664278396906774
-2.0671654322127635
-2.0679013811149760
-2.0686356859174273
-2.0693683461418990
-2.0700993613118102
-2.0708287309522460
-2.0715564545898846
-2.0722825317530744
-2.0730069619717661
-2.0737297447775722
-2.0744508797037939
-2.0751703662854011
-2.0758882040589852
-2.0766043925627820
-2.0773189313366358
-2.0780318199220260
-2.0787430578620700
-2.0794526447016106
-2.0801605799871590
-2.0808668632667926
-2.0815714940902441
-2.0822744720089021
-2.0829757965758477
-2.0836754673458144
-2.0843734838751873
-2.0850698457220052
-2.0857645524459110
-2.0864576036081615
-2.0871489987717267
-2.0878387375012104
-2.0885268193628548
-2.0892132439245277
-2.0898980107557050
-2.0905811194275383
-2.0912625695127809
-2.0919423605858309
-2.0926204922227827
-2.0932969640013757
-2.0939717755009766
-2.0946449263026286
-2.0953164159890498
-2.0959862441446000
-2.0966544103553071
-2.0973209142088334
-2.0979857552944585
-2.0986489332031080
-2.0993104475273543
-2.0999702978614070
-2.1006284838011289
-2.1012850049440130
-2.1019398608891846
-2.1025930512374487
-2.1032445755912557
-2.1038944335547392
-2.1045426247337118
-2.1051891487356147
-2.1058340051695290
-2.1064771936461550
-2.1071187137778504
-2.1077585651785551
-2.1083967474638383
-2.1090332602509028
-2.1096681031586639
-2.1103012758076773
-2.1109327778201519
-2.1115626088199710
-2.1121907684326611
-2.1128172562853624
-2.1134420720068681
-2.1140652152276251
-2.1146866855797444
-2.1153064826969783
-2.1159246062146826
-2.1165410557699276
-2.1171558310014102
-2.1177689315494135
-2.1183803570558553
-2.1189901071643265
-2.1195981815200566
-2.1202045797699296
-2.1208093015624518
-2.1214123465477379
-2.1220137143775593
-2.1226134047053216
-2.1232114171861056
-2.1238077514766416
-2.1244024072352441
-2.1249953841218905
-2.1255866817982363
-2.1261762999275429
-2.1267642381747240
-2.1273504962063203
-2.1279350736905376
-2.1285179702971697
-2.1290991856976929
-2.1296787195652143
-2.1302565715745008
-2.1308327414019752
-2.1314072287256822
-2.1319800332253251
-2.1325511545822069
-2.1331205924792926
-2.1336883466012120
-2.1342544166341813
-2.1348188022660275
-2.1353815031862342
-2.1359425190859342
-2.1365018496579444
-2.1370594945966794
-2.1376154535981868
-2.1381697263601138
-2.1387223125818049
-2.1392732119642073
-2.1398224242098509
-2.1403699490229742
-2.1409157861094315
-2.1414599351767634
-2.1420023959341328
-2.1425431680923346
-2.1430822513637371
-2.1436196454624126
-2.1441553501040174
-2.1446893650058456
-2.1452216898868746
-2.1457523244677832
-2.1462812684708261
-2.1468085216198105
-2.1473340836401391
-2.1478579542588987
-2.1483801332048427
-2.1489006202083281
-2.1494194150013990
-2.1499365173177001
-2.1504519268925266
-2.1509656434628295
-2.1514776667671689
-2.1519879965458051
-2.1524966325405686
-2.1530035744948850
-2.1535088221538201
-2.1540123752640450
-2.1545142335738401
-2.1550143968331783
-2.1555128647936215
-2.1560096372083604
-2.1565047138322067
-2.1569980944216121
-2.1574897787346794
-2.1579797665311595
-2.1584680575724251
-2.1589546516214715
-2.1594395484428812
-2.1599227478028529
-2.1604042494691735
-2.1608840532112858
-2.1613621588002827
-2.1618385660088570
-2.1623132746112992
-2.1627862843835559
-2.1632575951032162
-2.1637272065494764
-2.1641951185031334
-2.1646613307466116
-2.1651258430639917
-2.1655886552409997
-2.1660497670649974
-2.1665091783249633
-2.1669668888114177
-2.1674228983165631
-2.1678772066342606
-2.1683298135599065
-2.1687807188904955
-2.1692299224247047
-2.1696774239628289
-2.1701232233067671
-2.1705673202600164
-2.1710097146277358
-2.1714504062167057
-2.1718893948353291
-2.1723266802936498
-2.1727622624032676
-2.1731961409773786
-2.1736283158308529
-2.1740587867801411
-2.1744875536433139
-2.1749146162401232
-2.1753399743918975
-2.1757636279215626
-2.1761855766536637
-2.1766058204143479
-2.1770243590313498
-2.1774411923339647
-2.1778563201531149
-2.1782697423213664
-2.1786814586729255
-2.1790914690436223
-2.1794997732708894
-2.1799063711937414
-2.1803112626528223
-2.1807144474903808
-2.1811159255502859
-2.1815156966779861
-2.1819137607205525
-2.1823101175266260
-2.1827047669464328
-2.1830977088318333
-2.1834889430363198
-2.1838784694149451
-2.1842662878244132
-2.1846523981230916
-2.1850368001709342
-2.1854194938295293
-2.1858004789620642
-2.1861797554332703
-2.1865573231094388
-2.1869331818584974
-2.1873073315499756
-2.1876797720550112
-2.1880505032463868
-2.1884195249984537
-2.1887868371871577
-2.1891524396900461
-2.1895163323862659
-2.1898785151565674
-2.1902389878832986
-2.1905977504503893
-2.1909548027434180
-2.1913101446495546
-2.1916637760576001
-2.1920156968578390
-2.1923659069421566
-2.1927144062040913
-2.1930611945387661
-2.1934062718428784
-2.1937496380147494
-2.1940912929543424
-2.1944312365632337
-2.1947694687445600
-2.1951059894029803
-2.1954407984447597
-2.1957738957777706
-2.1961052813114819
-2.1964349549568953
-2.1967629166266378
-2.1970891662349268
-2.1974137036975412
-2.1977365289318311
-2.1980576418568019
-2.1983770423930791
-2.1986947304628948
-2.1990107059900632
-2.1993249688999765
-2.1996375191195852
-2.1999483565774280
-2.2002574812036118
-2.2005648929298380
-2.2008705916893661
-2.2011745774170945
-2.2014768500495170
-2.2017774095246376
-2.2020762557820630
-2.2023733887630108
-2.2026688084102686
-2.2029625146682315
-2.2032545074828467
-2.2035447868016083
-2.2038333525736458
-2.2041202047496933
-2.2044053432819704
-2.2046887681242624
-2.2049704792320224
-2.2052504765622301
-2.2055287600734372
-2.2058053297257638
-2.2060801854809409
-2.2063533273022640
-2.2066247551545901
-2.2068944690043684
-2.2071624688195599
-2.2074287545696927
-2.2076933262258787
-2.2079561837608814
-2.2082173271490411
-2.2084767563662098
-2.2087344713898132
-2.2089904721988289
-2.2092447587738215
-2.2094973310969546
-2.2097481891519632
-2.2099973329241505
-2.2102447624004053
-2.2104904775691723
-2.2107344784204579
-2.2109767649457894
-2.2112173371382933
-2.2114561949926248
-2.2116933385049951
-2.2119287676731618
-2.2121624824965194
-2.2123944829760442
-2.2126247691142580
-2.2128533409152502
-2.2130801983846342
-2.2133053415295638
-2.2135287703587592
-2.2137504848825200
-2.2139704851127404
-2.2141887710628292
-2.2144053427478028
-2.2146202001842124
-2.2148333433901146
-2.2150447723852316
-2.2152544871908062
-2.2154624878295976
-2.2156687743259496
-2.2158733467057168
-2.2160762049963276
-2.2162773492267815
-2.2164767794276266
-2.2166744956309059
-2.2168704978702456
-2.2170647861807704
-2.2172573605991790
-2.2174482211638229
-2.2176373679146164
-2.2178248008929349
-2.2180105201416569
-2.2181945257052038
-2.2183768176295979
-2.2185573959623994
-2.2187362607527623
-2.2189134120513319
-2.2190888499102930
-2.2192625743833903
-2.2194345855259061
-2.2196048833947062
-2.2197734680481984
-2.2199403395462962
-2.2201054979504753
-2.2202689433237377
-2.2204306757306145
-2.2205906952372545
-2.2207490019113187
-2.2209055958219461
-2.2210604770397846
-2.2212136456369920
-2.2213651016872942
-2.2215148452659763
-2.2216628764498827
-2.2218091953173662
-2.2219538019482776
-2.2220966964240736
-2.2222378788277419
-2.2223773492438093
-2.2225151077582699
-2.2226511544586658
-2.2227854894340453
-2.2229181127750235
-2.2230490245737404
-2.2231782249238941
-2.2233057139207335
-2.2234314916609699
-2.2235555582428148
-2.2236779137660578
-2.2237985583319761
-2.2239174920433835
-2.2240347150046249
-2.2241502273216276
-2.2242640291018416
-2.2243761204541705
-2.2244865014889821
-2.2245951723182515
-2.2247021330554979
-2.2248073838157381
-2.2249109247155618
-2.2250127558729842
-2.2251128774075566
-2.2252112894403848
-2.2253079920940557
-2.2254029854926771
-2.2254962697619312
-2.2255878450290361
-2.2256777114226178
-2.2257658690728266
-2.2258523181113441
-2.2259370586714105
-2.2260200908877548
-2.2261014148965712
-2.2261810308356158
-2.2262589388441669
-2.2263351390630119
-2.2264096316344055
-2.2264824167021082
-2.2265534944114065
-2.2266228649090980
-2.2266905283435094
-2.2267564848645045
-2.2268207346233759
-2.2268832777729264
-2.2269441144674427
-2.2270032448626869
-2.2270606691159727
-2.2271163873861366
-2.2271703998334909
-2.2272227066198558
-2.2272733079085145
-2.2273222038642748
-2.2273693946535364
-2.2274148804441567
-2.2274586614054530
-2.2275007377082212
-2.2275411095248066
-2.2275797770289945
-2.2276167403961069
-2.2276519998029540
-2.2276855554278003
-2.2277174074504531
-2.2277475560522513
-2.2277760014159971
-2.2278027437259733
-2.2278277831679847
-2.2278511199292494
-2.2278727541984660
-2.2278926861658772
-2.2279109160231791
-2.2279274439635084
-2.2279422701815350
-2.2279553948734301
-2.2279668182368604
-2.2279765404709888
-2.2279845617764367
-2.2279908823552748
-2.2279955024111371
-2.2279984221490805
-2.2279996417756358
-2.2279991614988250
-2.2279969815282112
-2.2279931020747892
-2.2279875233510373
-2.2279802455708730
-2.2279712689496360
-2.2279605937041880
-2.2279482200528888
-2.2279341482155424
-2.2279183784134178
-2.2279009108692933
-2.2278817458074278
-2.2278608834535123
-2.2278383240347353
-2.2278140677797755
-2.2277881149188126
-2.2277604656834242
-2.2277311203066841
-2.2277000790231507
-2.2276673420688482
-2.2276329096812550
-2.2275967820992908
-2.2275589595633525
-2.2275194423153004
-2.2274782305984999
-2.2274353246578240
-2.2273907247395948
-2.2273444310915655
-2.2272964439629792
-2.2272467636045206
-2.2271953902683106
-2.2271423242079109
-2.2270875656783691
-2.2270311149362234
-2.2269729722394156
-2.2269131378473501
-2.2268516120209094
-2.2267883950224081
-2.2267234871156436
-2.2266568885658891
-2.2265885996398729
-2.2265186206057592
-2.2264469517331431
-2.2263735932930779
-2.2262985455581155
-2.2262218088022658
-2.2261433833009430
-2.2260632693309637
-2.2259814671706128
-2.2258979770996294
-2.2258127993992187
-2.2257259343520501
-2.2256373822422320
-2.2255471433552962
-2.2254552179781686
-2.2253616063992734
-2.2252663089085436
-2.2251693257973328
-2.2250706573583887
-2.2249703038858999
-2.2248682656754921
-2.2247645430242344
-2.2246591362305908
-2.2245520455945029
-2.2244432714173321
-2.2243328140019023
-2.2242206736525065
-2.2241068506748678
-2.2239913453761235
-2.2238741580648536
-2.2237552890511494
-2.2236347386464907
-2.2235125071637767
-2.2233885949173438
-2.2232630022228990
-2.2231357293975615
-2.2230067767598949
-2.2228761446299488
-2.2227438333291607
-2.2226098431803751
-2.2224741745079406
-2.2223368276376210
-2.2221978028965892
-2.2220571006134104
-2.2219147211180674
-2.2217706647420061
-2.2216249318180612
-2.2214775226805044
-2.2213284376650666
-2.2211776771088765
-2.2210252413505076
-2.2208711307299396
-2.2207153455885762
-2.2205578862691904
-2.2203987531160050
-2.2202379464746453
-2.2200754666921658
-2.2199113141170299
-2.2197454890990884
-2.2195779919896284
-2.2194088231413072
-2.2192379829081932
-2.2190654716457652
-2.2188912897109825
-2.2187154374622411
-2.2185379152592870
-2.2183587234632403
-2.2181778624366544
-2.2179953325434516
-2.2178111341489704
-2.2176252676199395
-2.2174377333245028
-2.2172485316322565
-2.2170576629142329
-2.2168651275428997
-2.2166709258920876
-2.2164750583369677
-2.2162775252540974
-2.2160783270214615
-2.2158774640184755
-2.2156749366259163
-2.2154707452259350
-2.2152648902021088
-2.2150573719394320
-2.2148481908242594
-2.2146373472443388
-2.2144248415888224
-2.2142106742482870
-2.2139948456146810
-2.2137773560813105
-2.2135582060428911
-2.2133373958955258
-2.2131149260367451
-2.2128907968654019
-2.2126650087817583
-2.2124375621874330
-2.2122084574854450
-2.2119776950801979
-2.2117452753775577
-2.2115111987847831
-2.2112754657105071
-2.2110380765647171
-2.2107990317587478
-2.2105583317053106
-2.2103159768185345
-2.2100719675139264
-2.2098263042083550
-2.2095789873201150
-2.2093300172689476
-2.2090793944759159
-2.2088271193635176
-2.2085731923555545
-2.2083176138772154
-2.2080603843550493
-2.2078015042169894
-2.2075409738923915
-2.2072787938119220
-2.2070149644076333
-2.2067494861129933
-2.2064823593628637
-2.2062135845934505
-2.2059431622423293
-2.2056710927484460
-2.2053973765520865
-2.2051220140949250
-2.2048450058200579
-2.2045663521719305
-2.2042860535963404
-2.2040041105404287
-2.2037205234527297
-2.2034352927831340
-2.2031484189828454
-2.2028599025044162
-2.2025697438017406
-2.2022779433301394
-2.2019845015462853
-2.2016894189081544
-2.2013926958751031
-2.2010943329078954
-2.2007943304686344
-2.2004926890207455
-2.2001894090290217
-2.1998844909596444
-2.1995779352801601
-2.1992697424593941
-2.1989599129675259
-2.1986484472761303
-2.1983353458581476
-2.1980206091878691
-2.1977042377409042
-2.1973862319942112
-2.1970665924261299
-2.1967453195163573
-2.1964224137459363
-2.1960978755972671
-2.1957717055540562
-2.1954439041013494
-2.1951144717255278
-2.1947834089142901
-2.1944507161567701
-2.1941163939434500
-2.1937804427661507
-2.1934428631180074
-2.1931036554935179
-2.1927628203885017
-2.1924203583001320
-2.1920762697269462
-2.1917305551688249
-2.1913832151269554
-2.1910342501038986
-2.1906836606035172
-2.1903314471310318
-2.1899776101929476
-2.1896221502970858
-2.1892650679526189
-2.1889063636701134
-2.1885460379614234
-2.1881840913397195
-2.1878205243195246
-2.1874553374166568
-2.1870885311482740
-2.1867201060328969
-2.1863500625903569
-2.1859784013417793
-2.1856051228096631
-2.1852302275178608
-2.1848537159914945
-2.1844755887570195
-2.1840958463422049
-2.1837144892761762
-2.1833315180894419
-2.1829469333137945
-2.1825607354823111
-2.1821729251294095
-2.1817835027908803
-2.1813924690038089
-2.1809998243065722
-2.1806055692388511
-2.1802097043416477
-2.1798122301572627
-2.1794131472293299
-2.1790124561027771
-2.1786101573239129
-2.1782062514403266
-2.1778007390008938
-2.1773936205558710
-2.1769848966568324
-2.1765745678566351
-2.1761626347094309
-2.1757490977706615
-2.1753339575970969
-2.1749172147468125
-2.1744988697792169
-2.1740789232550353
-2.1736573757362838
-2.1732342277862711
-2.1728094799696014
-2.1723831328522061
-2.1719551870013096
-2.1715256429853578
-2.1710945013741321
-2.1706617627387694
-2.1702274276517044
-2.1697914966866292
-2.1693539704185771
-2.1689148494239006
-2.1684741342802289
-2.1680318255664304
-2.1675879238627354
-2.1671424297506756
-2.1666953438130907
-2.1662466666341063
-2.1657963987990905
-2.1653445408946670
-2.1648910935087997
-2.1644360572307768
-2.1639794326512023
-2.1635212203619254
-2.1630614209560490
-2.1626000350279835
-2.1621370631734274
-2.1616725059893493
-2.1612063640740735
-2.1607386380272064
-2.1602693284495889
-2.1597984359433569
-2.1593259611119207
-2.1588519045600001
-2.1583762668935864
-2.1578990487199379
-2.1574202506476361
-2.1569398732865555
-2.1564579172478173
-2.1559743831437750
-2.1554892715880718
-2.1550025831956914
-2.1545143185829030
-2.1540244783672500
-2.1535330631675311
-2.1530400736037825
-2.1525455102973141
-2.1520493738707689
-2.1515516649480371
-2.1510523841542710
-2.1505515321158555
-2.1500491094604204
-2.1495451168168933
-2.1490395548154799
-2.1485324240876160
-2.1480237252660417
-2.1475134589848275
-2.1470016258793194
-2.1464882265860661
-2.1459732617428653
-2.1454567319888054
-2.1449386379642599
-2.1444189803108764
-2.1438977596715514
-2.1433749766904260
-2.1428506320129137
-2.1423247262857119
-2.1417972601567912
-2.1412682342753948
-2.1407376492920211
-2.1402055058584151
-2.1396718046275680
-2.1391365462537113
-2.1385997313923162
-2.1380613607000685
-2.1375214348349041
-2.1369799544560348
-2.1364369202239266
-2.1358923328003079
-2.1353461928481599
-2.1347985010317121
-2.1342492580164727
-2.1336984644691968
-2.1331461210578713
-2.1325922284517631
-2.1320367873214097
-2.1314797983386029
-2.1309212621763796
-2.1303611795090363
-2.1297995510120740
-2.1292363773622380
-2.1286716592375021
-2.1281053973170656
-2.1275375922813780
-2.1269682448121565
-2.1263973555923394
-2.1258249253061048
-2.1252509546388434
-2.1246754442771598
-2.1240983949088807
-2.1235198072230919
-2.1229396819101676
-2.1223580196617320
-2.1217748211706255
-2.1211900871309552
-2.1206038182380942
-2.1200160151886402
-2.1194266786804197
-2.1188358094124564
-2.1182434080849868
-2.1176494753994564
-2.1170540120585550
-2.1164570187661984
-2.1158584962275211
-2.1152584451489203
-2.1146568662380196
-2.1140537602036718
-2.1134491277559482
-2.1128429696060782
-2.1122352864665315
-2.1116260790510304
-2.1110153480744795
-2.1104030942529799
-2.1097893183039123
-2.1091740209458711
-2.1085572028987043
-2.1079388648835180
-2.1073190076226065
-2.1066976318394799
-2.1060747382588074
-2.1054503276064431
-2.1048244006095107
-2.1041969579963760
-2.1035680004965780
-2.1029375288408771
-2.1023055437612297
-2.1016720459908336
-2.1010370362640938
-2.1004005153166272
-2.0997624838852262
-2.0991229427078850
-2.0984818925238318
-2.0978393340735244
-2.0971952680986323
-2.0965496953419946
-2.0959026165476735
-2.0952540324609314
-2.0946039438282242
-2.0939523513972311
-2.0932992559167753
-2.0926446581369440
-2.0919885588090401
-2.0913309586855306
-2.0906718585201034
-2.0900112590676807
-2.0893491610843058
-2.0886855653271801
-2.0880204725547080
-2.0873538835265202
-2.0866857990034049
-2.0860162197473029
-2.0853451465214063
-2.0846725800900954
-2.0839985212189687
-2.0833229706748422
-2.0826459292257140
-2.0819673976407835
-2.0812873766904141
-2.0806058671461480
-2.0799228697807184
-2.0792383853681069
-2.0785524146834264
-2.0778649585030120
-2.0771760176043923
-2.0764855927662356
-2.0757936847684033
-2.0751002943919081
-2.0744054224189368
-2.0737090696328915
-2.0730112368183380
-2.0723119247610100
-2.0716111342478229
-2.0709088660668211
-2.0702051210072563
-2.0694998998595984
-2.0687932034155034
-2.0680850324677640
-2.0673753878103911
-2.0666642702385873
-2.0659516805486651
-2.0652376195380975
-2.0645220880055728
-2.0638050867509650
-2.0630866165753172
-2.0623666782808190
-2.0616452726707912
-2.0609224005497073
-2.0601980627232859
-2.0594722599984143
-2.0587449931830966
-2.0580162630865404
-2.0572860705190599
-2.0565544162921623
-2.0558213012185655
-2.0550867261121257
-2.0543506917878229
-2.0536131990617665
-2.0528742487512304
-2.0521338416746873
-2.0513919786517238
-2.0506486605030800
-2.0499038880506975
-2.0491576621176879
-2.0484099835283036
-2.0476608531079794
-2.0469102716833016
-2.0461582400820011
-2.0454047591329729
-2.0446498296662488
-2.0438934525130055
-2.0431356285055653
-2.0423763584773731
-2.0416156432630217
-2.0408534836982590
-2.0400898806199996
-2.0393248348663047
-2.0385583472763895
-2.0377904186906095
-2.0370210499504249
-2.0362502418984523
-2.0354779953785096
-2.0347043112355556
-2.0339291903156669
-2.0331526334660235
-2.0323746415348940
-2.0315952153717038
-2.0308143558270695
-2.0300320637527314
-2.0292483400015633
-2.0284631854276167
-2.0276766008860672
-2.0268885872331563
-2.0260991453262194
-2.0253082760237699
-2.0245159801854795
-2.0237222586721297
-2.0229271123455672
-2.0221305420687941
-2.0213325487059723
-2.0205331331224001
-2.0197322961845341
-2.0189300387599589
-2.0181263617173708
-2.0173212659266260
-2.0165147522586593
-2.0157068215854901
-2.0148974747802817
-2.0140867127173276
-2.0132745362720219
-2.0124609463208980
-2.0116459437416117
-2.0108295294129053
-2.0100117042146430
-2.0091924690277976
-2.0083718247344673
-2.0075497722178270
-2.0067263123622294
-2.0059014460531652
-2.0050751741771831
-2.0042474976219582
-2.0034184172762557
-2.0025879340299277
-2.0017560487739399
-2.0009227624003803
-2.0000880758024397
-1.9992519898744199
-1.9984145055117033
-1.9975756236107680
-1.9967353450692213
-1.9958936707857859
-1.9950506016603378
-1.9942061385938379
-1.9933602824882704
-1.9925130342468180
-1.9916643947737291
-1.9908143649743235
-1.9899629457549755
-1.9891101380231013
-1.9882559426872985
-1.9874003606572621
-1.9865433928437550
-1.9856850401586261
-1.9848253035148229
-1.9839641838264019
-1.9831016820085101
-1.9822377989773934
-1.9813725356503771
-1.9805058929459241
-1.9796378717835290
-1.9787684730837698
-1.9778976977682967
-1.9770255467598876
-1.9761520209823884
-1.9752771213607390
-1.9744008488208882
-1.9735232042898663
-1.9726441886958284
-1.9717638029679905
-1.9708820480366238
-1.9699989248330914
-1.9691144342898368
-1.9682285773403732
-1.9673413549193313
-1.9664527679624055
-1.9655628174063442
-1.9646715041889991
-1.9637788292492639
-1.9628847935271061
-1.9619893979636067
-1.9610926435008766
-1.9601945310820672
-1.9592950616514055
-1.9583942361541760
-1.9574920555367443
-1.9565885207465696
-1.9556836327321723
-1.9547773924431571
-1.9538698008301865
-1.9529608588449667
-1.9520505674402380
-1.9511389275698106
-1.9502259401885265
-1.9493116062522904
-1.9483959267181188
-1.9474789025440380
-1.9465605346891062
-1.9456408241134555
-1.9447197717782430
-1.9437973786456424
-1.9428736456789133
-1.9419485738423810
-1.9410221641014473
-1.9400944174225756
-1.9391653347732127
-1.9382349171218478
-1.9373031654380122
-1.9363700806923232
-1.9354356638564552
-1.9344999159031373
-1.9335628378061418
-1.9326244305402771
-1.9316846950813933
-1.9307436324063567
-1.9298012434930956
-1.9288575293205430
-1.9279124908686509
-1.9269661291183857
-1.9260184450517615
-1.9250694396518429
-1.9241191139026976
-1.9231674687894742
-1.9222145052983095
-1.9212602244163735
-1.9203046271318900
-1.9193477144341289
-1.9183894873133793
-1.9174299467609399
-1.9164690937691400
-1.9155069293312830
-1.9145434544417370
-1.9135786700959161
-1.9126125772902292
-1.9116451770220622
-1.9106764702898342
-1.9097064580930527
-1.9087351414321898
-1.9077625213087335
-1.9067885987252435
-1.9058133746853112
-1.9048368501935073
-1.9038590262554078
-1.9028799038775890
-1.9018994840676016
-1.9009177678340308
-1.8999347561865096
-1.8989504501356389
-1.8979648506930009
-1.8969779588712326
-1.8959897756839630
-1.8950003021458133
-1.8940095392724106
-1.8930174880803943
-1.8920241495873893
-1.8910295248120683
-1.8900336147740919
-1.8890364204940875
-1.8880379429936804
-1.8870381832954939
-1.8860371424231643
-1.8850348214013319
-1.8840312212556007
-1.8830263430125471
-1.8820201876997107
-1.8810127563456622
-1.8800040499800010
-1.8789940696333038
-1.8779828163371326
-1.8769702911240060
-1.8759564950274812
-1.8749414290821180
-1.8739250943233723
-1.8729074917877329
-1.8718886225126492
-1.8708684875365083
-1.8698470878987343
-1.8688244246397581
-1.8678004988009478
-1.8667753114246641
-1.8657488635542478
-1.8647211562339809
-1.8636921905091510
-1.8626619674260159
-1.8616304880317405
-1.8605977533745204
-1.8595637645035037
-1.8585285224687822
-1.8574920283214222
-1.8564542831134490
-1.8554152878978276
-1.8543750437285127
-1.8533335516604488
-1.8522908127495239
-1.8512468280526280
-1.8502015986276144
-1.8491551255332521
-1.8481074098292727
-1.8470584525764076
-1.8460082548363130
-1.8449568176715632
-1.8439041421457003
-1.8428502293232110
-1.8417950802695644
-1.8407386960511687
-1.8396810777353556
-1.8386222263904000
-1.8375621430855984
-1.8365008288911859
-1.8354382848783124
-1.8343745121191084
-1.8333095116866196
-1.8322432846548158
-1.8311758320986116
-1.8301071550938892
-1.8290372547174465
-1.8279661320470519
-1.8268937881614211
-1.8258202241401242
-1.8247454410636892
-1.8236694400136317
-1.8225922220723982
-1.8215137883233310
-1.8204341398507367
-1.8193532777398229
-1.8182712030767338
-1.8171879169485707
-1.8161034204433628
-1.8150177146500430
-1.8139308006584802
-1.8128426795594710
-1.8117533524447444
-1.8106628204069151
-1.8095710845394939
-1.8084781459368964
-1.8073840056944943
-1.8062886649085479
-1.8051921246762510
-1.8040943860957301
-1.8029954502660330
-1.8018953182870996
-1.8007939912597779
-1.7996914702857914
-1.7985877564677952
-1.7974828509094225
-1.7963767547151845
-1.7952694689904554
-1.7941609948415445
-1.7930513333756573
-1.7919404857008809
-1.7908284529262453
-1.7897152361616491
-1.7886008365178920
-1.7874852551066798
-1.7863684930406327
-1.7852505514332453
-1.7841314313989196
-1.7830111340529633
-1.7818896605115626
-1.7807670118917613
-1.7796431893114866
-1.7785181938895565
-1.7773920267456538
-1.7762646890003670
-1.7751361817751969
-1.7740065061925612
-1.7728756633757248
-1.7717436544488028
-1.7706104805368119
-1.7694761427656585
-1.7683406422621519
-1.7672039801539829
-1.7660661575697103
-1.7649271756388052
-1.7637870354915857
-1.7626457382592058
-1.7615032850736601
-1.7603596770678329
-1.7592149153755086
-1.7580690011313174
-1.7569219354707373
-1.7557737195301766
-1.7546243544468481
-1.7534738413588187
-1.7523221814050112
-1.7511693757252571
-1.7500154254602329
-1.7488603317514897
-1.7477040957414567
-1.7465467185734367
-1.7453882013915971
-1.7442285453409223
-1.7430677515672446
-1.7419058212172132
-1.7407427554383303
-1.7395785553789698
-1.7384132221883468
-1.7372467570165049
-1.7360791610143380
-1.7349104353336096
-1.7337405811269195
-1.7325695995477266
-1.7313974917503641
-1.7302242588899603
-1.7290499021224845
-1.7278744226047515
-1.7266978214943571
-1.7255200999497340
-1.7243412591302141
-1.7231613001959802
-1.7219802243080276
-1.7207980326281356
-1.7196147263189114
-1.7184303065438467
-1.7172447744672261
-1.7160581312541525
-1.7148703780705477
-1.7136815160831618
-1.7124915464595978
-1.7113004703682548
-1.7101082889783374
-1.7089150034598846
-1.7077206149837356
-1.7065251247215305
-1.7053285338457429
-1.7041308435296794
-1.7029320549474747
-1.7017321692740635
-1.7005311876851656
-1.6993291113572830
-1.6981259414677405
-1.6969216791946911
-1.6957163257170678
-1.6945098822145968
-1.6933023498678195
-1.6920937298581016
-1.6908840233675886
-1.6896732315792156
-1.6884613556767274
-1.6872483968446614
-1.6860343562683422
-1.6848192351339035
-1.6836030346283022
-1.6823857559392337
-1.6811674002551913
-1.6799479687654826
-1.6787274626601760
-1.6775058831301135
-1.6762832313669374
-1.6750595085630697
-1.6738347159117439
-1.6726088546069513
-1.6713819258434564
-1.6701539308167999
-1.6689248707233042
-1.6676947467600514
-1.6664635601249147
-1.6652313120165425
-1.6639980036343527
-1.6627636361785467
-1.6615282108500862
-1.6602917288506995
-1.6590541913829002
-1.6578155996499224
-1.6565759548557559
-1.6553352582051872
-1.6540935109037611
-1.6528507141577611
-1.6516068691742183
-1.6503619771609499
-1.6491160393265598
-1.6478690568803789
-1.6466210310325011
-1.6453719629937593
-1.6441218539757505
-1.6428707051908209
-1.6416185178520564
-1.6403652931732700
-1.6391110323690232
-1.6378557366546325
-1.6365994072461554
-1.6353420453604051
-1.6340836522149469
-1.6328242290280734
-1.6315637770188003
-1.6303022974068908
-1.6290397914128556
-1.6277762602579011
-1.6265117051639690
-1.6252461273537622
-1.6239795280507272
-1.6227119084790329
-1.6214432698635706
-1.6201736134299423
-1.6189029404044868
-1.6176312520142495
-1.6163585494869928
-1.6150848340512072
-1.6138101069360868
-1.6125343693715661
-1.6112576225882866
-1.6099798678175818
-1.6087011062915368
-1.6074213392429595
-1.6061405679053715
-1.6048587935130112
-1.6035760173008256
-1.6022922405044646
-1.6010074643602659
-1.5997216901052529
-1.5984349189771447
-1.5971471522143796
-1.5958583910561011
-1.5945686367421659
-1.5932778905131368
-1.5919861536102271
-1.5906934272753461
-1.5893997127511157
-1.5881050112808350
-1.5868093241084940
-1.5855126524787644
-1.5842149976370010
-1.5829163608292711
-1.5816167433023183
-1.5803161463035733
-1.5790145710811598
-1.5777120188838814
-1.5764084909612317
-1.5751039885633882
-1.5737985129412209
-1.5724920653462662
-1.5711846470306992
-1.5698762592473565
-1.5685669032497898
-1.5672565802922245
-1.5659452916295384
-1.5646330385172702
-1.5633198222116458
-1.5620056439695287
-1.5606905050484192
-1.5593744067065074
-1.5580573502026720
-1.5567393367964404
-1.5554203677479912
-1.5541004443181472
-1.5527795677683647
-1.5514577393607605
-1.5501349603581298
-1.5488112320239313
-1.5474865556222619
-1.5461609324178416
-1.5448343636760302
-1.5435068506628251
-1.5421783946448919
-1.5408489968895664
-1.5395186586648018
-1.5381873812391855
-1.5368551658819518
-1.5355220138629766
-1.5341879264527567
-1.5328529049224215
-1.5315169505437338
-1.5301800645890775
-1.5288422483314794
-1.5275035030446211
-1.5261638300027893
-1.5248232304808913
-1.5234817057544692
-1.5221392570996730
-1.5207958857932904
-1.5194515931127488
-1.5181063803360799
-1.5167602487419147
-1.5154131996095008
-1.5140652342186873
-1.5127163538499708
-1.5113665597844610
-1.5100158533038555
-1.5086642356904600
-1.5073117082271925
-1.5059582721975591
-1.5046039288856674
-1.5032486795762179
-1.5018925255545199
-1.5005354681064671
-1.4991775085185850
-1.4978186480779974
-1.4964588880723977
-1.4950982297900708
-1.4937366745199063
-1.4923742235513897
-1.4910108781746227
-1.4896466396803076
-1.4882815093597141
-1.4869154885046874
-1.4855485784076479
-1.4841807803616016
-1.4828120956601525
-1.4814425255974981
-1.4800720714683973
-1.4787007345681873
-1.4773285161927558
-1.4759554176385434
-1.4745814402025808
-1.4732065851824867
-1.4718308538764329
-1.4704542475831448
-1.4690767676019469
-1.4676984152327224
-1.4663191917758867
-1.4649390985324169
-1.4635581368038768
-1.4621763078923995
-1.4607936131006787
-1.4594100537319750
-1.4580256310900990
-1.4566403464793818
-1.4552542012047220
-1.4538671965715915
-1.4524793338859974
-1.4510906144544957
-1.4497010395841903
-1.4483106105826884
-1.4469193287581468
-1.4455271954192770
-1.4441342118753313
-1.4427403794360871
-1.4413456994118594
-1.4399501731135373
-1.4385538018525388
-1.4371565869407910
-1.4357585296907491
-1.4343596314153804
-1.4329598934282157
-1.4315593170433025
-1.4301579035752305
-1.4287556543391193
-1.4273525706506127
-1.4259486538258554
-1.4245439051814837
-1.4231383260346462
-1.4217319177030507
-1.4203246815049211
-1.4189166187589874
-1.4175077307844786
-1.4160980189011345
-1.4146874844291943
-1.4132761286894153
-1.4118639530030825
-1.4104509586919887
-1.4090371470784289
-1.4076225194851968
-1.4062070772355795
-1.4047908216533571
-1.4033737540627984
-1.4019558757886621
-1.4005371881562170
-1.3991176924912250
-1.3976973901199203
-1.3962762823690389
-1.3948543705658187
-1.3934316560379600
-1.3920081401136501
-1.3905838241215778
-1.3891587093909146
-1.3877327972513100
-1.3863060890328853
-1.3848785860662352
-1.3834502896824350
-1.3820212012130337
-1.3805913219900550
-1.3791606533460143
-1.3777291966138976
-1.3762969531271532
-1.3748639242196665
-1.3734301112257850
-1.3719955154803298
-1.3705601383185853
-1.3691239810763081
-1.3676870450897127
-1.3662493316954829
-1.3648108422307583
-1.3633715780331361
-1.3619315404406798
-1.3604907307918896
-1.3590491504257078
-1.3576068006815318
-1.3561636828992227
-1.3547197984190864
-1.3532751485818648
-1.3518297347287260
-1.3503835582013020
-1.3489366203416784
-1.3474889224923763
-1.3460404659963421
-1.3445912521969574
-1.3431412824380211
-1.3416905580637652
-1.3402390804188706
-1.3387868508484555
-1.3373338706980704
-1.3358801413136729
-1.3344256640416634
-1.3329704402288614
-1.3315144712225011
-1.3300577583702349
-1.3286003030201285
-1.3271421065206763
-1.3256831702207759
-1.3242234954697349
-1.3227630836172761
-1.3213019360135452
-1.3198400540091078
-1.3183774389549128
-1.3169140922023139
-1.3154500151030979
-1.3139852090094375
-1.3125196752739092
-1.3110534152495144
-1.3095864302896640
-1.3081187217481343
-1.3066502909791100
-1.3051811393371668
-1.3037112681772522
-1.3022406788547154
-1.3007693727252898
-1.2992973511450954
-1.2978246154706656
-1.2963511670589241
-1.2948770072671825
-1.2934021374531264
-1.2919265589748197
-1.2904502731906973
-1.2889732814595669
-1.2874955851406262
-1.2860171855934663
-1.2845380841780312
-1.2830582822546481
-1.2815777811839999
-1.2800965823271400
-1.2786146870455040
-1.2771320967008992
-1.2756488126554908
-1.2741648362718332
-1.2726801689128213
-1.2711948119416885
-1.2697087667220399
-1.2682220346178592
-1.2667346169934892
-1.2652465152136212
-1.2637577306432952
-1.2622682646479126
-1.2607781185932139
-1.2592872938452782
-1.2577957917705469
-1.2563036137358217
-1.2548107611082293
-1.2533172352552209
-1.2518230375445978
-1.2503281693444901
-1.2488326320233876
-1.2473364269501204
-1.2458395554938437
-1.2443420190240539
-1.2428438189105888
-1.2413449565236248
-1.2398454332336499
-1.2383452504114796
-1.2368444094282567
-1.2353429116554313
-1.2338407584647679
-1.2323379512283699
-1.2308344913186635
-1.2293303801083817
-1.2278256189705938
-1.2263202092786720
-1.2248141524063068
-1.2233074497275098
-1.2218001026166161
-1.2202921124482353
-1.2187834805972935
-1.2172742084390320
-1.2157642973490028
-1.2142537487030438
-1.2127425638773073
-1.2112307442482351
-1.2097182911925761
-1.2082052060873605
-1.2066914903099120
-1.2051771452378708
-1.2036621722491860
-1.2021465727220904
-1.2006303480350999
-1.1991134995670059
-1.1975960286969014
-1.1960779368041821
-1.1945592252685244
-1.1930398954698829
-1.1915199487885015
-1.1899993866048861
-1.1884782102998368
-1.1869564212544219
-1.1854340208499738
-1.1839110104681070
-1.1823873914907201
-1.1808631652999677
-1.1793383332782890
-1.1778128968083734
-1.1762868572731855
-1.1747602160559629
-1.1732329745402086
-1.1717051341096989
-1.1701766961484616
-1.1686476620407882
-1.1671180331712030
-1.1655878109244888
-1.1640569966857113
-1.1625255918401665
-1.1609935977734034
-1.1594610158712153
-1.1579278475196308
-1.1563940941049471
-1.1548597570137233
-1.1533248376327647
-1.1517893373491139
-1.1502532575500679
-1.1487165996231536
-1.1471793649561262
-1.1456415549369663
-1.1441031709539153
-1.1425642143954389
-1.1410246866502434
-1.1394845891072667
-1.1379439231556761
-1.1364026901848616
-1.1348608915844343
-1.1333185287442151
-1.1317756030542632
-1.1302321159048836
-1.1286880686866032
-1.1271434627901571
-1.1255982996064999
-1.1240525805267971
-1.1225063069424208
-1.1209594802449652
-1.1194121018262309
-1.1178641730782328
-1.1163156953932045
-1.1147666701635812
-1.1132170987819987
-1.1116669826413204
-1.1101163231345910
-1.1085651216550614
-1.1070133795961881
-1.1054610983516160
-1.1039082793151869
-1.1023549238809511
-1.1008010334431428
-1.0992466093961824
-1.0976916531346939
-1.0961361660534796
-1.0945801495475393
-1.0930236050120730
-1.0914665338424649
-1.0899089374342910
-1.0883508171832890
-1.0867921744853704
-1.0852330107366379
-1.0836733273333927
-1.0821131256721128
-1.0805524071494421
-1.0789911731621882
-1.0774294251073393
-1.0758671643820619
-1.0743043923836897
-1.0727411105097360
-1.0711773201578791
-1.0696130227259624
-1.0680482196120014
-1.0664829122141735
-1.0649171019308088
-1.0633507901604013
-1.0617839783016121
-1.0602166677532523
-1.0586488599142947
-1.0570805561838743
-1.0555117579612840
-1.0539424666459576
-1.0523726836374661
-1.0508024103355358
-1.0492316481400474
-1.0476603984510353
-1.0460886626686652
-1.0445164421932569
-1.0429437384252811
-1.0413705527653365
-1.0397968866141574
-1.0382227413726193
-1.0366481184417502
-1.0350730192227084
-1.0334974451167764
-1.0319213975253749
-1.0303448778500648
-1.0287678874925403
-1.0271904278546276
-1.0256125003382786
-1.0240341063455554
-1.0224552472786572
-1.0208759245398982
-1.0192961395317077
-1.0177158936566355
-1.0161351883173468
-1.0145540249166149
-1.0129724048573363
-1.0113903295425171
-1.0098078003752902
-1.0082248187589047
-1.0066413860967196
-1.0050575037922067
-1.0034731732489313
-1.0018883958705767
-1.0003031730609333
-0.99871750622388467
-0.99713139676341545
-0.99554484608361093
-0.99395785558866079
-0.99237042668286146
-0.99078256077060523
-0.98919425925637483
-0.98760552354474873
-0.98601635504040541
-0.98442675514811573
-0.98283672527272814
-0.98124626681917770
-0.97965538119248741
-0.97806406979777727
-0.97647233404025835
-0.97488017532523263
-0.97328759505808105
-0.97169459464425800
-0.97010117548929076
-0.96850733899878327
-0.96691308657842567
-0.96531841963398834
-0.96372333957130318
-0.96212784779627225
-0.96053194571486800
-0.95893563473312693
-0.95733891625717271
-0.95574179169319451
-0.95414426244743900
-0.95254632992622379
-0.95094799553593878
-0.94934926068303549
-0.94775012677401838
-0.94615059521544953
-0.94455066741394400
-0.94295034477618156
-0.94134962870890404
-0.93974852061889680
-0.93814702191299360
-0.93654513399809136
-0.93494285828114254
-0.93334019616913566
-0.93173714906911465
-0.93013371838816905
-0.92852990553343184
-0.92692571191208128
-0.92532113893134005
-0.92371618799847799
-0.92211086052080482
-0.92050515790566401
-0.91889908156044531
-0.91729263289257756
-0.91568581330952037
-0.91407862421876163
-0.91247106702781189
-0.91086314314421579
-0.90925485397554973
-0.90764620092941461
-0.90603718541343459
-0.90442780883526186
-0.90281807260257607
-0.90120797812308506
-0.89959752680452310
-0.89798672005464830
-0.89637555928123236
-0.89476404589205871
-0.89315218129492846
-0.89153996689766501
-0.88992740410810123
-0.88831449433407994
-0.88670123898345754
-0.88508763946410751
-0.88347369718390956
-0.88185941355074371
-0.88024478997249589
-0.87862982785705790
-0.87701452861233464
-0.87539889364622270
-0.87378292436661920
-0.87216662218143448
-0.87054998849857357
-0.86893302472593692
-0.86731573227142333
-0.86569811254292917
-0.86408016694835055
-0.86246189689556663
-0.86084330379244478
-0.85922438904685017
-0.85760515406663818
-0.85598560025966020
-0.85436572903375629
-0.85274554179674200
-0.85112503995641442
-0.84950422492056055
-0.84788309809693763
-0.84626166089328403
-0.84463991471731414
-0.84301786097673970
-0.84139550107924732
-0.83977283643248335
-0.83814986844407058
-0.83652659852161337
-0.83490302807270222
-0.83327915850489620
-0.83165499122571052
-0.83003052764262608
-0.82840576916309372
-0.82678071719452328
-0.82515537314429466
-0.82352973841975152
-0.82190381442819960
-0.82027760257691285
-0.81865110427312859
-0.81702432092403798
-0.81539725393679441
-0.81376990471851529
-0.81214227467627043
-0.81051436521707299
-0.80888617774788496
-0.80725771367562038
-0.80562897440714965
-0.80399996134929452
-0.80237067590882460
-0.80074111949245774
-0.79911129350685528
-0.79748119935862216
-0.79585083845431470
-0.79422021220043426
-0.79258932200342080
-0.79095816926964924
-0.78932675540543007
-0.78769508181701486
-0.78606314991058601
-0.78443096109226818
-0.78279851676812362
-0.78116581834415533
-0.77953286722628912
-0.77789966482038286
-0.77626621253222894
-0.77463251176754888
-0.77299856393199184
-0.77136437043113038
-0.76972993267045853
-0.76809525205539941
-0.76646032999129443
-0.76482516788340849
-0.76318976713691866
-0.76155412915693177
-0.75991825534847302
-0.75828214711647912
-0.75664580586580721
-0.75500923300122835
-0.75337242992742115
-0.75173539804897582
-0.75009813877039255
-0.74846065349607860
-0.74682294363036095
-0.74518501057747744
-0.74354685574157453
-0.74190848052669434
-0.74026988633678759
-0.73863107457571275
-0.73699204664722540
-0.73535280395498126
-0.73371334790254206
-0.73207367989336192
-0.73043380133079261
-0.72879371361808976
-0.72715341815840862
-0.72551291635480419
-0.72387220961022336
-0.72223129932750540
-0.72059018690938004
-0.71894887375846295
-0.71730736127725669
-0.71566565086815837
-0.71402374393345402
-0.71238164187531827
-0.71073934609580958
-0.70909685799686573
-0.70745417898031038
-0.70581131044784573
-0.70416825380105386
-0.70252501044139604
-0.70088158177021198
-0.69923796918872128
-0.69759417409801872
-0.69595019789907686
-0.69430604199274382
-0.69266170777974545
-0.69101719666067851
-0.68937251003601019
-0.68772764930607710
-0.68608261587108121
-0.68443741113109613
-0.68279203648606424
-0.68114649333579291
-0.67950078307994988
-0.67785490711806617
-0.67620886684954085
-0.67456266367363604
-0.67291629898947336
-0.67126977419603473
-0.66962309069215975
-0.66797624987654158
-0.66632925314772884
-0.66468210190413224
-0.66303479754401295
-0.66138734146548472
-0.65973973506651662
-0.65809197974493272
-0.65644407689840756
-0.65479602792446367
-0.65314783422047118
-0.65149949718364475
-0.64985101821104774
-0.64820239869959129
-0.64655364004603000
-0.64490474364695882
-0.64325571089881950
-0.64160654319789334
-0.63995724194030112
-0.63830780852199975
-0.63665824433878582
-0.63500855078629592
-0.63335872925999903
-0.63170878115519991
-0.63005870786703877
-0.62840851079048932
-0.62675819132036015
-0.62510775085129022
-0.62345719077775008
-0.62180651249403995
-0.62015571739428843
-0.61850480687244669
-0.61685378232229349
-0.61520264513743483
-0.61355139671129988
-0.61190003843714180
-0.61024857170803948
-0.60859699791689348
-0.60694531845642474
-0.60529353471917124
-0.60364164809749443
-0.60198965998357123
-0.60033757176939284
-0.59868538484676981
-0.59703310060732462
-0.59538072044249213
-0.59372824574352379
-0.59207567790148374
-0.59042301830724153
-0.58877026835147794
-0.58711742942468381
-0.58546450291715846
-0.58381149021900580
-0.58215839272013847
-0.58050521181027137
-0.57885194887892522
-0.57719860531542544
-0.57554518250890097
-0.57389168184828132
-0.57223810472229608
-0.57058445251947110
-0.56893072662813415
-0.56727692843641242
-0.56562305933222889
-0.56396912070330185
-0.56231511393714395
-0.56066104042106091
-0.55900690154215105
-0.55735269868730708
-0.55569843324321488
-0.55404410659634706
-0.55238972013296705
-0.55073527523912780
-0.54908077330066851
-0.54742621570321393
-0.54577160383217660
-0.54411693907275416
-0.54246222280992784
-0.54080745642846240
-0.53915264131290230
-0.53749777884757377
-0.53584287041658218
-0.53418791740381300
-0.53253292119293050
-0.53087788316737838
-0.52922280471037542
-0.52756768720491620
-0.52591253203377064
-0.52425734057948226
-0.52260211422436775
-0.52094685435051624
-0.51929156233978779
-0.51763623957381211
-0.51598088743398951
-0.51432550730148840
-0.51267010055724460
-0.51101466858196132
-0.50935921275610718
-0.50770373445991679
-0.50604823507338892
-0.50439271597628554
-0.50273717854813060
-0.50108162416820967
-0.49942605421556802
-0.49777047006901121
-0.49611487310710367
-0.49445926470816809
-0.49280364625028489
-0.49114801911129097
-0.48949238466877854
-0.48783674430009433
-0.48618109938233867
-0.48452545129236479
-0.48286980140677799
-0.48121415110193472
-0.47955850175394171
-0.47790285473865524
-0.47624721143168025
-0.47459157320836959
-0.47293594144382312
-0.47128031751288646
-0.46962470279015056
-0.46796909864995051
-0.46631350646636488
-0.46465792761321528
-0.46300236346406498
-0.46134681539221789
-0.45969128477071847
-0.45803577297235082
-0.45638028136963715
-0.45472481133483672
-0.45306936423994559
-0.45141394145669572
-0.44975854435655432
-0.44810317431072355
-0.44644783269013855
-0.44479252086546628
-0.44313724020710643
-0.44148199208519051
-0.43982677786957963
-0.43817159892986329
-0.43651645663535965
-0.43486135235511458
-0.43320628745790074
-0.43155126331221794
-0.42989628128629198
-0.42824134274807218
-0.42658644906523102
-0.42493160160516358
-0.42327680173498688
-0.42162205082153847
-0.41996735023137644
-0.41831270133077914
-0.41665810548574345
-0.41500356406198363
-0.41334907842493118
-0.41169464993973359
-0.41004027997125503
-0.40838596988407544
-0.40673172104248817
-0.40507753481049935
-0.40342341255182712
-0.40176935562990285
-0.40011536540786719
-0.39846144324856858
-0.39680759051456488
-0.39515380856812604
-0.39350009877122716
-0.39184646248554678
-0.39019290107247101
-0.38853941589309388
-0.38688600830821174
-0.38523267967832325
-0.38357943136362976
-0.38192626472403657
-0.38027318111915276
-0.37862018190828511
-0.37696726845044248
-0.37531444210433207
-0.37366170422835576
-0.37200905618061059
-0.37035649931889242
-0.36870403500069471
-0.36705166458320604
-0.36539938942330868
-0.36374721087757772
-0.36209513030227936
-0.36044314905337405
-0.35879126848651299
-0.35713948995703509
-0.35548781481997199
-0.35383624443004225
-0.35218478014165194
-0.35053342330889847
-0.34888217528556220
-0.34723103742510536
-0.34558001108067932
-0.34392909760511819
-0.34227829835093831
-0.34062761467034147
-0.33897704791520977
-0.33732659943710508
-0.33567627058726696
-0.33402606271661606
-0.33237597717575601
-0.33072601531496215
-0.32907617848418930
-0.32742646803306802
-0.32577688531090798
-0.32412743166668850
-0.32247810844906788
-0.32082891700638050
-0.31917985868662896
-0.31753093483748790
-0.31588214680630167
-0.31423349594008632
-0.31258498358553377
-0.31093661108900311
-0.30928837979651913
-0.30764029105377633
-0.30599234620612986
-0.30434454659860821
-0.30269689357590496
-0.30104938848237967
-0.29940203266205373
-0.29775482745861342
-0.29610777421541035
-0.29446087427545597
-0.29281412898142695
-0.29116753967565751
-0.28952110770014039
-0.28787483439652412
-0.28622872110611208
-0.28458276916986075
-0.28293697992838918
-0.28129135472197275
-0.27964589489054442
-0.27800060177369657
-0.27635547671067129
-0.27471052104035937
-0.27306573610130375
-0.27142112323169748
-0.26977668376938374
-0.26813241905185892
-0.26648833041626507
-0.26484441919939739
-0.26320068673769659
-0.26155713436724448
-0.25991376342376954
-0.25827057524264802
-0.25662757115890150
-0.25498475250719632
-0.25334212062184214
-0.25169967683678912
-0.25005742248563256
-0.24841535890160785
-0.24677348741759220
-0.24513180936610734
-0.24349032607931131
-0.24184903888900308
-0.24020794912661453
-0.23856705812322118
-0.23692636720953456
-0.23528587771589460
-0.23364559097227885
-0.23200550830830236
-0.23036563105320940
-0.22872596053587813
-0.22708649808481610
-0.22544724502815935
-0.22380820269368282
-0.22216937240878909
-0.22053075550051202
-0.21889235329550216
-0.21725416712004389
-0.21561619830004966
-0.21397844816106124
-0.21234091802824534
-0.21070360922639295
-0.20906652307991733
-0.20742966091285991
-0.20579302404887986
-0.20415661381125758
-0.20252043152290111
-0.20088447850633750
-0.19924875608371856
-0.19761326557680736
-0.19597800830698950
-0.19434298559527358
-0.19270819876228726
-0.19107364912826691
-0.18943933801305884
-0.18780526673612147
-0.18617143661653252
-0.18453784897298955
-0.18290450512379791
-0.18127140638687536
-0.17963855407976195
-0.17800594951959897
-0.17637359402313102
-0.17474148890672164
-0.17310963548634262
-0.17147803507756468
-0.16984668899557859
-0.16821559855517909
-0.16658476507076075
-0.16495418985633400
-0.16332387422550892
-0.16169381949149753
-0.16006402696711203
-0.15843449796476444
-0.15680523379646552
-0.15517623577382880
-0.15354750520806779
-0.15191904341000190
-0.15029085169004780
-0.14866293135822164
-0.14703528372413346
-0.14540791009700182
-0.14378081178563804
-0.14215399009845481
-0.14052744634344869
-0.13890118182821060
-0.13727519785993222
-0.13564949574539215
-0.13402407679095599
-0.13239894230259158
-0.13077409358586453
-0.12914953194592374
-0.12752525868749773
-0.12590127511490692
-0.12427758253205948
-0.12265418224245865
-0.12103107554918276
-0.11940826375490136
-0.11778574816187172
-0.11616353007194134
-0.11454161078653137
-0.11291999160665181
-0.11129867383289409
-0.10967765876542671
-0.10805694770400341
-0.10643654194795817
-0.10481644279620789
-0.10319665154725077
-0.10157716949915931
-9.9957997949575175E-002
-9.8339138195729398E-002
-9.6720591534429773E-002
-9.5102359262052807E-002
-9.3484442674550583E-002
-9.1866843067458667E-002
-9.0249561735886441E-002
-8.8632599974514586E-002
-8.7015959077597793E-002
-8.5399640338960484E-002
-8.3783645051990679E-002
-8.2167974509657557E-002
-8.0552630004495251E-002
-7.8937612828611434E-002
-7.7322924273676277E-002
-7.5708565630935212E-002
-7.4094538191193174E-002
-7.2480843244821250E-002
-7.0867482081753072E-002
-6.9254455991490674E-002
-6.7641766263098507E-002
-6.6029414185203306E-002
-6.4417401046007156E-002
-6.2805728133262004E-002
-6.1194396734286671E-002
-5.9583408135960900E-002
-5.7972763624719981E-002
-5.6362464486567100E-002
-5.4752512007064554E-002
-5.3142907471326377E-002
-5.1533652164022621E-002
-4.9924747369381933E-002
-4.8316194371178262E-002
-4.6707994452732153E-002
-4.5100148896930731E-002
-4.3492658986227201E-002
-4.1885526002623207E-002
-4.0278751227683422E-002
-3.8672335942509434E-002
-3.7066281427747705E-002
-3.5460588963597911E-002
-3.3855259829815909E-002
-3.2250295305713626E-002
-3.0645696670151139E-002
-2.9041465201533494E-002
-2.7437602177815400E-002
-2.5834108876480532E-002
-2.4230986574560031E-002
-2.2628236548625228E-002
-2.1025860074792128E-002
-1.9423858428723920E-002
-1.7822232885631943E-002
-1.6220984720267485E-002
-1.4620115206937923E-002
-1.3019625619479783E-002
-1.1419517231273222E-002
-9.8197913152477598E-003
-8.2204491438595297E-003
-6.6214919890993451E-003
-5.0229211225017870E-003
-3.4247378151498380E-003
-1.8269433376542172E-003
-2.2953896016076627E-004
1.3674740476460633E-003
2.9640944165499391E-003
4.5603208778124240E-003
6.1561521631543258E-003
7.7515870047753380E-003
9.3466241353376313E-003
1.0941262287962522E-002
1.2535500196238367E-002
1.4129336594234949E-002
1.5722770216490257E-002
1.7315799798013402E-002
1.8908424074288201E-002
2.0500641781273452E-002
2.2092451655393478E-002
2.3683852433543314E-002
2.5274842853101373E-002
2.6865421651924088E-002
2.8455587568348917E-002
3.0045339341188464E-002
3.1634675709726702E-002
3.3223595413730551E-002
3.4812097193448070E-002
3.6400179789605046E-002
3.7987841943396966E-002
3.9575082396497971E-002
4.1161899891070136E-002
4.2748293169760879E-002
4.4334260975694123E-002
4.5919802052496433E-002
4.7504915144279493E-002
4.9089598995638473E-002
5.0673852351653621E-002
5.2257673957892853E-002
5.3841062560413877E-002
5.5424016905755977E-002
5.7006535740958333E-002
5.8588617813542153E-002
6.0170261871525868E-002
6.1751466663413621E-002
6.3332230938190584E-002
6.4912553445330770E-002
6.6492432934805931E-002
6.8071868157087115E-002
6.9650857863136531E-002
7.1229400804428092E-002
7.2807495732920252E-002
7.4385141401059354E-002
7.5962336561795490E-002
7.7539079968578700E-002
7.9115370375358679E-002
8.0691206536580851E-002
8.2266587207184133E-002
8.3841511142604186E-002
8.5415977098778101E-002
8.6989983832145623E-002
8.8563530099664431E-002
9.0136614658782255E-002
9.1709236267452143E-002
9.3281393684142552E-002
9.4853085667820664E-002
9.6424310977952912E-002
9.7995068374507915E-002
9.9565356617973888E-002
0.10113517446935216
0.10270452069016477
0.10427339404244407
0.10584179328873432
0.10740971719207558
0.10897716451602890
0.11054413402468032
0.11211062448261115
0.11367663465490034
0.11524216330713785
0.11680720920544799
0.11837177111647086
0.11993584780735414
0.12149943804576512
0.12306254059989889
0.12462515423845770
0.12618727773067118
0.12774890984628240
0.12931004935555579
0.13087069502927404
0.13243084563874874
0.13399049995582318
0.13554965675286110
0.13710831480275840
0.13866647287892048
0.14022412975529105
0.14178128420633360
0.14333793500704931
0.14489408093295630
0.14644972076009052
0.14800485326501880
0.14955947722484825
0.15111359141721203
0.15266719462027506
0.15422028561272172
0.15577286317377600
0.15732492608319687
0.15887647312128764
0.16042750306887799
0.16197801470731665
0.16352800681850060
0.16507747818487589
0.16662642758941318
0.16817485381561889
0.16972275564755532
0.17127013186981815
0.17281698126754644
0.17436330262643279
0.17590909473269523
0.17745435637309676
0.17899908633495512
0.18054328340612094
0.18208694637497227
0.18363007403043646
0.18517266516200476
0.18671471855973326
0.18825623301422068
0.18979720731659433
0.19133764025853212
0.19287753063227053
0.19441687723060788
0.19595567884687209
0.19749393427494530
0.19903164230925588
0.20056880174478345
0.20210541137707086
0.20364147000221941
0.20517697641688395
0.20671192941827959
0.20824632780418373
0.20978017037292879
0.21131345592340872
0.21284618325506421
0.21437835116790094
0.21590995846247243
0.21744100393990284
0.21897148640188022
0.22050140465064375
0.22203075748900392
0.22355954372033751
0.22508776214859122
0.22661541157826226
0.22814249081441923
0.22966899866268103
0.23119493392924506
0.23272029542088715
0.23424508194495830
0.23576929230935395
0.23729292532253962
0.23881597979355540
0.24033845453200878
0.24186034834808953
0.24338166005257234
0.24490238845681511
0.24642253237273556
0.24794209061282227
0.24946106199016274
0.25097944531841326
0.25249723941179769
0.25401444308512228
0.25553105515376362
0.25704707443366875
0.25856249974138334
0.26007732989403543
0.26159156370931735
0.26310520000551568
0.26461823760150371
0.26613067531674200
0.26764251197126204
0.26915374638568912
0.27066437738122645
0.27217440377966678
0.27368382440339944
0.27519263807539501
0.27670084361920844
0.27820843985898608
0.27971542561947793
0.28122179972602024
0.28272756100453533
0.28423270828154962
0.28573724038418802
0.28724115614016293
0.28874445437777430
0.29024713392591195
0.29174919361406665
0.29325063227234666
0.29475144873145359
0.29625164182265884
0.29775121037783886
0.29925015322946619
0.30074846921061432
0.30224615715497044
0.30374321589684283
0.30523964427114325
0.30673544111336570
0.30823060525962326
0.30972513554663389
0.31121903081171665
0.31271228989279309
0.31420491162838632
0.31569689485762298
0.31718823842024613
0.31867894115661688
0.32016900190770142
0.32165841951509433
0.32314719282100446
0.32463532066825324
0.32612280190026982
0.32760963536108390
0.32909581989532827
0.33058135434825536
0.33206623756574205
0.33355046839427460
0.33503404568095946
0.33651696827352406
0.33799923502031870
0.33948084477032126
0.34096179637312968
0.34244208867895126
0.34392172053861492
0.34540069080357289
0.34687899832590646
0.34835664195832161
0.34983362055415146
0.35130993296734764
0.35278557805251248
0.35426055466487433
0.35573486166029034
0.35720849789524706
0.35868146222685898
0.36015375351286866
0.36162537061166622
0.36309631238226797
0.36456657768432138
0.36603616537809702
0.36750507432449248
0.36897330338504547
0.37044085142193656
0.37190771729797650
0.37337389987660624
0.37483939802190352
0.37630421059859248
0.37776833647205404
0.37923177450830886
0.38069452357400385
0.38215658253641482
0.38361795026347140
0.38507862562375950
0.38653860748651092
0.38799789472161028
0.38945648619957712
0.39091438079157970
0.39237157736943690
0.39382807480562532
0.39528387197325099
0.39673896774605510
0.39819336099843788
0.39964705060545280
0.40110003544281037
0.40255231438688183
0.40400388631467088
0.40545475010383930
0.40690490463271378
0.40835434878029842
0.40980308142625965
0.41125110145089472
0.41269840773514677
0.41414499916061775
0.41559087460957472
0.41703603296495417
0.41848047311033765
0.41992419392997210
0.42136719430876579
0.42280947313228312
0.42425102928675967
0.42569186165910461
0.42713196913688772
0.42857135060834767
0.43001000496240427
0.43144793108863183
0.43288512787727546
0.43432159421925759
0.43575732900618325
0.43719233113030131
0.43862659948453930
0.44006013296250884
0.44149293045849364
0.44292499086744430
0.44435631308498896
0.44578689600741728
0.44721673853169719
0.44864583955548998
0.45007419797712345
0.45150181269561174
0.45292868261065050
0.45435480662259464
0.45578018363249068
0.45720481254207368
0.45862869225375447
0.46005182167063136
0.46147419969650483
0.46289582523586575
0.46431669719388929
0.46573681447643805
0.46715617599004605
0.46857478064194608
0.46999262734005748
0.47140971499297191
0.47282604250996824
0.47424160880103494
0.47565641277683512
0.47707045334874609
0.47848372942883516
0.47989623992987468
0.48130798376530487
0.48271895984928526
0.48412916709667786
0.48553860442303509
0.48694727074461286
0.48835516497836412
0.48976228604194882
0.49116863285371859
0.49257420433272708
0.49397899939875450
0.49538301697226222
0.49678625597439591
0.49818871532700298
0.49959039395266291
0.50099129077466475
0.50239140471699506
0.50379073470433244
0.50518927966209404
0.50658703851639897
0.50798401019407580
0.50938019362267084
0.51077558773043863
0.51217019144636189
0.51356400370010846
0.51495702342207694
0.51634924954338224
0.51774068099583137
0.51913131671195401
0.52052115562498169
0.52191019666888128
0.52329843877837345
0.52468588088886936
0.52607252193650933
0.52745836085813935
0.52884339659134882
0.53022762807444213
0.53161105424644950
0.53299367404711506
0.53437548641691512
0.53575649029704675
0.53713668462944031
0.53851606835672106
0.53989464042226909
0.54127239977020569
0.54264934534534737
0.54402547609324048
0.54540079096020622
0.54677528889328453
0.54814896884021647
0.54952182974950459
0.55089387057038663
0.55226509025284365
0.55363548774760574
0.55500506200610977
0.55637381198053415
0.55774173662376936
0.55910883488947882
0.56047510573207460
0.56184054810672690
0.56320516096933126
0.56456894327650908
0.56593189398560562
0.56729401205472596
0.56865529644270985
0.57001574610915517
0.57137536001440747
0.57273413711956989
0.57409207638651338
0.57544917677782426
0.57680543725685074
0.57816085678771356
0.57951543433528518
0.58086916886519446
0.58222205934382432
0.58357410473826432
0.58492530401636089
0.58627565614672728
0.58762516009872146
0.58897381484248457
0.59032161934892657
0.59166857258970940
0.59301467353723281
0.59435992116466752
0.59570431444595784
0.59704785235580871
0.59839053386968688
0.59973235796381397
0.60107332361515764
0.60241342980146084
0.60375267550125988
0.60509105969384813
0.60642858135924960
0.60776523947828365
0.60910103303254226
0.61043596100437014
0.61177002237691624
0.61310321613408314
0.61443554126052802
0.61576699674169133
0.61709758156381089
0.61842729471390712
0.61975613517973560
0.62108410194984176
0.62241119401356704
0.62373741036102726
0.62506274998311573
0.62638721187149793
0.62771079501861426
0.62903349841770917
0.63035532106278092
0.63167626194863702
0.63299632007085083
0.63431549442578539
0.63563378401057757
0.63695118782318005
0.63826770486232964
0.63958333412753721
0.64089807461910586
0.64221192533815974
0.64352488528657537
0.64483695346703385
0.64614812888301865
0.64745841053875630
0.64876779743930113
0.65007628859050570
0.65138388299902839
0.65269057967233268
0.65399637761863549
0.65530127584698261
0.65660527336721586
0.65790836918995521
0.65921056232663389
0.66051185178948146
0.66181223659154009
0.66311171574665195
0.66441028826945392
0.66570795317543363
0.66700470948085600
0.66830055620277506
0.66959549235903515
0.67088951696831045
0.67218262905009118
0.67347482762465283
0.67476611171309131
0.67605648033731724
0.67734593252006570
0.67863446728487165
0.67992208365606321
0.68120878065878065
0.68249455731898045
0.68377941266346176
0.68506334571984095
0.68634635551656198
0.68762844108287036
0.68890960144883706
0.69018983564534886
0.69146914270413606
0.69274752165773068
0.69402497153950038
0.69530149138362340
0.69657708022508391
0.69785173709970560
0.69912546104413054
0.70039825109584641
0.70167010629316551
0.70294102567523598
0.70421100828201055
0.70548005315428119
0.70674815933365509
0.70801532586258553
0.70928155178434227
0.71054683614302017
0.71181117798356797
0.71307457635175597
0.71433703029421225
0.71559853885840863
0.71685910109264417
0.71811871604605582
0.71937738276861241
0.72063510031111944
0.72189186772524316
0.72314768406346575
0.72440254837910556
0.72565645972634230
0.72690941716018243
0.72816141973646498
0.72941246651186242
0.73066255654389944
0.73191168889097469
0.73315986261233057
0.73440707676808492
0.73565333041918091
0.73689862262740125
0.73814295245538197
0.73938631896664331
0.74062872122554857
0.74187015829728864
0.74311062924792293
0.74435013314433784
0.74558866905427290
0.74682623604633391
0.74806283319000166
0.74929845955561858
0.75053311421436231
0.75176679623827758
0.75299950470026433
0.75423123867409347
0.75546199723437635
0.75669177945663202
0.75792058441723420
0.75914841119340459
0.76037525886323676
0.76160112650570522
0.76282601320064058
0.76404991802872901
0.76527284007153407
0.76649477841149694
0.76771573213194921
0.76893570031707836
0.77015468205193283
0.77137267642243601
0.77258968251539972
0.77380569941849742
0.77502072622026885
0.77623476201014852
0.77744780587843176
0.77865985691630468
0.77987091421581656
0.78108097686990285
0.78229004397237534
0.78349811461794394
0.78470518790220811
0.78591126292164859
0.78711633877361986
0.78832041455637336
0.78952348936903427
0.79072556231161373
0.79192663248501038
0.79312669899098043
0.79432576093218310
0.79552381741216960
0.79672086753538196
0.79791691040716872
0.79911194513373396
0.80030597082218879
0.80149898658056296
0.80269099151774959
0.80388198474356698
0.80507196536872583
0.80626093250481101
0.80744888526428227
0.80863582276050916
0.80982174410775865
0.81100664842121739
0.81219053481698111
0.81337340241200795
0.81455525032415932
0.81573607767217937
0.81691588357575129
0.81809466715547974
0.81927242753289209
0.82044916383041688
0.82162487517137273
0.82279956067997573
0.82397321948138080
0.82514585070164470
0.82631745346770680
0.82748802690741285
0.82865757014952468
0.82982608232374089
0.83099356256065415
0.83216000999177631
0.83332542374951613
0.83448980296723452
0.83565314677921165
0.83681545432060833
0.83797672472751972
0.83913695713694980
0.84029615068683816
0.84145430451601577
0.84261141776422865
0.84376748957214842
0.84492251908138538
0.84607650543449597
0.84722944777491993
0.84838134524701814
0.84953219699609761
0.85068200216839884
0.85183075991109303
0.85297846937228294
0.85412512970100007
0.85527074004722792
0.85641529956187923
0.85755880739676915
0.85870126270463221
0.85984266463915049
0.86098301235496100
0.86212230500762510
0.86326054175362588
0.86439772175040230
0.86553384415632839
0.86666890813072839
0.86780291283385624
0.86893585742690171
0.87006774107200846
0.87119856293225462
0.87232832217163714
0.87345701795510877
0.87458464944856962
0.87571121581886269
0.87683671623378812
0.87796114986207330
0.87908451587338732
0.88020681343838325
0.88132804172863810
0.88244819991666212
0.88356728717592792
0.88468530268087875
0.88580224560686727
0.88691811513021190
0.88803291042817667
0.88914663067900268
0.89025927506190294
0.89137084275704470
0.89248133294554366
0.89359074480947864
0.89469907753189337
0.89580633029678591
0.89691250228908614
0.89801759269470216
0.89912160070051350
0.90022452549436782
0.90132636626504925
0.90242712220229937
0.90352679249680956
0.90462537634025852
0.90572287292530396
0.90681928144557067
0.90791460109564981
0.90900883107108654
0.91010197056839592
0.91119401878506601
0.91228497491957317
0.91337483817136877
0.91446360774086966
0.91555128282944398
0.91663786263940938
0.91772334637406749
0.91880773323772624
0.91989102243567655
0.92097321317417291
0.92205430466042604
0.92313429610263154
0.92421318670997865
0.92529097569264551
0.92636766226179001
0.92744324562955294
0.92851772500904839
0.92959109961437336
0.93066336866060562
0.93173453136378004
0.93280458694090918
0.93387353461000766
0.93494137359008722
0.93600810310114735
0.93707372236414432
0.93813823060101276
0.93920162703469046
0.94026391088916284
0.94132508138941262
0.94238513776141430
0.94344407923210616
0.94450190502943909
0.94555861438237176
0.94661420652081996
0.94766868067567356
0.94872203607884098
0.94977427196328013
0.95082538756293511
0.95187538211270761
0.95292425484849608
0.95397200500719703
0.95501863182672575
0.95606413454596451
0.95710851240482908
0.95815176464424745
0.95919389050613202
0.96023488923341149
0.96127476007004897
0.96231350226103018
0.96335111505231963
0.96438759769086835
0.96542294942467233
0.96645716950275928
0.96749025717518533
0.96852221169300190
0.96955303230826351
0.97058271827399634
0.97161126884425786
0.97263868327413239
0.97366496081975296
0.97469010073827556
0.97571410228782207
0.97673696472751215
0.97775868731749649
0.97877926931895909
0.97979870999410290
0.98081700860617638
0.98183416441944515
0.98285017669915464
0.98386504471158998
0.98487876772407890
0.98589134500497155
0.98690277582364505
0.98791305945049623
0.98892219515699464
0.98993018221558693
0.99093701989973870
0.99194270748396018
0.99294724424377945
0.99395062945578982
0.99495286239763170
0.99595394234796464
0.99695386858649437
0.99795264039394838
0.99895025705207596
0.99994671784366163
1.0009420220525200
1.0019361689635444
1.0029291578626409
1.0039209880367264
1.0049116587737779
1.0059011693627806
1.0068895190937743
1.0078767072578374
1.0088627331470914
1.0098475960547029
1.0108312952748639
1.0118138301028428
1.0127951998349511
1.0137754037685129
1.0147544412019016
1.0157323114345509
1.0167090137669159
1.0176845475005225
1.0186589119379681
1.0196321063828935
1.0206041301399926
1.0215749825150093
1.0225446628147363
1.0235131703470202
1.0244805044207661
1.0254466643459237
1.0264116494334889
1.0273754589954958
1.0283380923450687
1.0292995487963550
1.0302598276645407
1.0312189282659208
1.0321768499178556
1.0331335919387337
1.0340891536480046
1.0350435343661968
1.0359967334149260
1.0369487501168713
1.0378995837957781
1.0388492337764401
1.0397976993847069
1.0407449799475137
1.0416910747928472
1.0426359832497711
1.0435797046484421
1.0445222383200807
1.0454635835969750
1.0464037398124830
1.0473427063010432
1.0482804823981677
1.0492170674403900
1.0501524607653128
1.0510866617116386
1.0520196696191908
1.0529514838288612
1.0538821036826256
1.0548115285235315
1.0557397576956831
1.0566667905442706
1.0575926264155464
1.0585172646568588
1.0594407046166507
1.0603629456444170
1.0612839870907254
1.0622038283072619
1.0631224686467868
1.0640399074631244
1.0649561441111681
1.0658711779468910
1.0667850083273864
1.0676976346108225
1.0686090561564492
1.0695192723246112
1.0704282824767848
1.0713360859755090
1.0722426821844147
1.0731480704682141
1.0740522501926804
1.0749552207247139
1.0758569814323007
1.0767575316844975
1.0776568708514669
1.0785549983044593
1.0794519134158109
1.0803476155589355
1.0812421041083695
1.0821353784397880
1.0830274379299474
1.0839182819567121
1.0848079098990364
1.0856963211370068
1.0865835150518064
1.0874694910257192
1.0883542484421571
1.0892377866855854
1.0901201051415792
1.0910012031968075
1.0918810802390468
1.0927597356571783
1.0936371688412174
1.0945133791822939
1.0953883660726433
1.0962621289056360
1.0971346670757491
1.0980059799785575
1.0988760670107438
1.0997449275700750
1.1006125610554349
1.1014789668668457
1.1023441444054582
1.1032080930735202
1.1040708122743577
1.1049323014124208
1.1057925598933145
1.1066515871237372
1.1075093825115216
1.1083659454656094
1.1092212753960999
1.1100753717141825
1.1109282338321511
1.1117798611634098
1.1126302531225143
1.1134794091251594
1.1143273285881501
1.1151740109294068
1.1160194555679521
1.1168636619239676
1.1177066294187521
1.1185483574747446
1.1193888455155037
1.1202280929657329
1.1210660992512702
1.1219028637990882
1.1227383860372706
1.1235726653949982
1.1244057013025743
1.1252374931914664
1.1260680404943155
1.1268973426448610
1.1277253990779508
1.1285522092295650
1.1293777725368519
1.1302020884381274
1.1310251563728375
1.1318469757815257
1.1326675461058842
1.1334868667887301
1.1343049372740448
1.1351217570069592
1.1359373254337313
1.1367516420017438
1.1375647061595293
1.1383765173567810
1.1391870750443349
1.1399963786741318
1.1408044276992642
1.1416112215739962
1.1424167597537160
1.1432210416949633
1.1440240668554251
1.1448258346939459
1.1456263446705168
1.1464255962463106
1.1472235888836508
1.1480203220459939
1.1488157951979581
1.1496100078052698
1.1504029593348379
1.1511946492546978
1.1519850770339939
1.1527742421430678
1.1535621440534241
1.1543487822377365
1.1551341561698452
1.1559182653247435
1.1567011091785553
1.1574826872085719
1.1582629988932616
1.1590420437122466
1.1598198211463011
1.1605963306773663
1.1613715717885704
1.1621455439642110
1.1629182466897339
1.1636896794517384
1.1644598417379466
1.1652287330372790
1.1659963528398265
1.1667627006368533
1.1675277759207738
1.1682915781851806
1.1690541069248102
1.1698153616355413
1.1705753418144433
1.1713340469597562
1.1720914765709132
1.1728476301484942
1.1736025071942415
1.1743561072110922
1.1751084297031396
1.1758594741756163
1.1766092401349391
1.1773577270887237
1.1781049345457464
1.1788508620159384
1.1795955090104238
1.1803388750415764
1.1810809596228944
1.1818217622690341
1.1825612824958358
1.1832995198203469
1.1840364737607947
1.1847721438365693
1.1855065295682845
1.1862396304777272
1.1869714460878622
1.1877019759228076
1.1884312195078712
1.1891591763695299
1.1898858460354647
1.1906112280345695
1.1913353218969187
1.1920581271537343
1.1927796433374038
1.1934998699815316
1.1942188066208708
1.1949364527913846
1.1956528080302256
1.1963678718757489
1.1970816438675331
1.1977941235463061
1.1985053104540302
1.1992152041338398
1.1999238041300690
1.2006311099882614
1.2013371212551391
1.2020418374786572
1.2027452582079221
1.2034473829932151
1.2041482113860269
1.2048477429390378
1.2055459772061525
1.2062429137424484
1.2069385521041884
1.2076328918488297
1.2083259325350002
1.2090176737225513
1.2097081149725684
1.2103972558473357
1.2110850959103612
1.2117716347263410
1.2124568718611608
1.2131408068819116
1.2138234393568836
1.2145047688555799
1.2151847949486978
1.2158635172081433
1.2165409352070349
1.2172170485197127
1.2178918567217283
1.2185653593898187
1.2192375561019293
1.2199084464372671
1.2205780299762599
1.2212463063005055
1.2219132749928299
1.2225789356372521
1.2232432878189665
1.2239063311243901
1.2245680651411641
1.2252284894581509
1.2258876036654500
1.2265454073543292
1.2272019001172452
1.2278570815479015
1.2285109512412207
1.2291635087933572
1.2298147538016553
1.2304646858646409
1.2311133045820974
1.2317606095550406
1.2324066003857179
1.2330512766775426
1.2336946380351863
1.2343366840645624
1.2349774143728098
1.2356168285682483
1.2362549262604112
1.2368917070600680
1.2375271705791775
1.2381613164309571
1.2387941442298642
1.2394256535915682
1.2400558441329965
1.2406847154722898
1.2413122672288230
1.2419384990231952
1.2425634104771799
1.2431870012138002
1.2438092708573156
1.2444302190332328
1.2450498453682906
1.2456681494904376
1.2462851310288614
1.2469007896139941
1.2475151248774596
1.2481281364521728
1.2487398239722665
1.2493501870730777
1.2499592253911673
1.2505669385643627
1.2511733262316946
1.2517783880334252
1.2523821236110870
1.2529845326074618
1.2535856146665363
1.2541853694335185
1.2547837965548736
1.2553808956782959
1.2559766664527081
1.2565711085282978
1.2571642215564767
1.2577560051898731
1.2583464590823896
1.2589355828891478
1.2595233762665590
1.2601098388722507
1.2606949703650951
1.2612787704052073
1.2618612386539256
1.2624423747738254
1.2630221784287625
1.2636006492838312
1.2641777870053446
1.2647535912609014
1.2653280617193337
1.2659011980507144
1.2664729999263971
1.2670434670189621
1.2676125990022058
1.2681803955511519
1.2687468563420994
1.2693119810525952
1.2698757693614457
1.2704382209487231
1.2709993354957150
1.2715591126849353
1.2721175522001897
1.2726746537265607
1.2732304169503674
1.2737848415591684
1.2743379272417885
1.2748896736883375
1.2754400805901187
1.2759891476397069
1.2765368745309646
1.2770832609590144
1.2776283066202194
1.2781720112122026
1.2787143744338336
1.2792553959852504
1.2797950755678642
1.2803334128843111
1.2808704076385098
1.2814060595356256
1.2819403682820822
1.2824733335855352
1.2830049551549212
1.2835352327004770
1.2840641659336598
1.2845917545671810
1.2851179983149961
1.2856428968923703
1.2861664500158052
1.2866886574030960
1.2872095187732864
1.2877290338466740
1.2882472023448162
1.2887640239905560
1.2892794985079867
1.2897936256224620
1.2903064050605983
1.2908178365503022
1.2913279198207297
1.2918366546023046
1.2923440406267603
1.2928500776270642
1.2933547653374708
1.2938581034935139
1.2943600918319942
1.2948607300909969
1.2953600180099136
1.2958579553293692
1.2963545417912286
1.2968497771386454
1.2973436611160223
1.2978361934690343
1.2983273739446419
1.2988172022910787
1.2993056782578507
1.2997928015957336
1.3002785720567773
1.3007629893943145
1.3012460533629708
1.3017277637186164
1.3022081202183944
1.3026871226207029
1.3031647706852632
1.3036410641730831
1.3041160028464791
1.3045895864689974
1.3050618148054587
1.3055326876219586
1.3060022046859117
1.3064703657659851
1.3069371706320974
1.3074026190554882
1.3078667108086919
1.3083294456655419
1.3087908234011114
1.3092508437917694
1.3097095066151583
1.3101668116501930
1.3106227586771151
1.3110773474774564
1.3115305778339972
1.3119824495308170
1.3124329623532598
1.3128821160879836
1.3133299105229030
1.3137763454472404
1.3142214206515244
1.3146651359275618
1.3151074910684306
1.3155484858684818
1.3159881201234143
1.3164263936301350
1.3168633061868300
1.3172988575929676
1.3177330476493514
1.3181658761580552
1.3185973429224476
1.3190274477471760
1.3194561904382383
1.3198835708028323
1.3203095886494944
1.3207342437880918
1.3211575360297534
1.3215794651868895
1.3220000310732039
1.3224192335037479
1.3228370722948579
1.3232535472641622
1.3236686582305444
1.3240824050141926
1.3244947874365791
1.3249058053205138
1.3253154584901057
1.3257237467707144
1.3261306699889954
1.3265362279729436
1.3269404205518023
1.3273432475561449
1.3277447088178282
1.3281448041700026
1.3285435334470814
1.3289408964848168
1.3293368931202507
1.3297315231917020
1.3301247865388199
1.3305166830025801
1.3309072124252013
1.3312963746502244
1.3316841695224892
1.3320705968881652
1.3324556565946939
1.3328393484908079
1.3332216724265715
1.3336026282533389
1.3339822158237471
1.3343604349917528
1.3347372856125994
1.3351127675429080
1.3354868806405478
1.3358596247646968
1.3362309997758064
1.3366010055356599
1.3369696419073622
1.3373369087552494
1.3377028059449902
1.3380673333435944
1.3384304908193196
1.3387922782417774
1.3391526954818769
1.3395117424118317
1.3398694189051847
1.3402257248367926
1.3405806600827892
1.3409342245206137
1.3412864180289965
1.3416372404880055
1.3419866917790131
1.3423347717847112
1.3426814803890927
1.3430268174774462
1.3433707829364008
1.3437133766538765
1.3440545985191066
1.3443944484226080
1.3447329262562777
1.3450700319132929
1.3454057652880718
1.3457401262764310
1.3460731147754796
1.3464047306836737
1.3467349739007737
1.3470638443278131
1.3473913418671815
1.3477174664225826
1.3480422178989717
1.3483655962025960
1.3486876012410667
1.3490082329233655
1.3493274911597832
1.3496453758618630
1.3499618869424850
1.3502770243158102
1.3505907878973178
1.3509031776038429
1.3512141933535500
1.3515238350658689
1.3518321026616025
1.3521389960628480
1.3524445151929791
1.3527486599767573
1.3530514303402097
1.3533528262106780
1.3536528475168819
1.3539514941888069
1.3542487661577300
1.3545446633563198
1.3548391857185278
1.3551323331796172
1.3554241056761436
1.3557145031459832
1.3560035255283893
1.3562911727638511
1.3565774447942356
1.3568623415627694
1.3571458630138871
1.3574280090934163
1.3577087797485596
1.3579881749277862
1.3582661945809240
1.3585428386591267
1.3588181071148282
1.3590919999017872
1.3593645169750506
1.3596356582910669
1.3599054238075576
1.3601738134835770
1.3604408272794726
1.3607064651569072
1.3609707270789297
1.3612336130099116
1.3614951229155114
1.3617552567627345
1.3620140145198412
1.3622713961564619
1.3625274016435549
1.3627820309534191
1.3630352840596800
1.3632871609372452
1.3635376615623551
1.3637867859125945
1.3640345339668585
1.3642809057053720
1.3645259011097082
1.3647695201627654
1.3650117628487546
1.3652526291532512
1.3654921190631439
1.3657302325666567
1.3659669696533072
1.3662023303139303
1.3664363145407148
1.3666689223271553
1.3669001536680965
1.3671300085596931
1.3673584869994508
1.3675855889861805
1.3678113145200386
1.3680356636025235
1.3682586362364595
1.3684802324259882
1.3687004521766113
1.3689192954951588
1.3691367623897222
1.3693528528696863
1.3695675669458025
1.3697809046301834
1.3699928659363043
1.3702034508789196
1.3704126594741526
1.3706204917394069
1.3708269476934332
1.3710320273563184
1.3712357307494907
1.3714380578956840
1.3716390088189743
1.3718385835447444
1.3720367820996826
1.3722336045118202
1.3724290508105308
1.3726231210265381
1.3728158151919119
1.3730071333400655
1.3731970755057592
1.3733856417250647
1.3735728320353746
1.3737586464753990
1.3739430850851493
1.3741261479059743
1.3743078349806095
1.3744881463530991
1.3746670820688187
1.3748446421744915
1.3750208267181703
1.3751956357492365
1.3753690693184064
1.3755411274777150
1.3757118102805894
1.3758811177817467
1.3760490500372109
1.3762156071043472
1.3763807890418320
1.3765445959097287
1.3767070277694486
1.3768680846837185
1.3770277667165964
1.3771860739334467
1.3773430064009777
1.3774985641872737
1.3776527473617275
1.3778055559950284
1.3779569901591733
1.3781070499275043
1.3782557353747056
1.3784030465768049
1.3785489836111926
1.3786935465565890
1.3788367354930999
1.3789785505021215
1.3791189916663835
1.3792580590699668
1.3793957527982925
1.3795320729380935
1.3796670195774374
1.3798005928057455
1.3799327927137552
1.3800636193935456
1.3801930729385523
1.3803211534434987
1.3804478610044666
1.3805731957188749
1.3806971576854750
1.3808197470043393
1.3809409637769208
1.3810608081059461
1.3811792800954816
1.3812963798509259
1.3814121074790506
1.3815264630879687
1.3816394467871265
1.3817510586872885
1.3818612989006127
1.3819701675405767
1.3820776647219952
1.3821837905609622
1.3822885451749445
1.3823919286827608
1.3824939412045789
1.3825945828618666
1.3826938537774371
1.3827917540754260
1.3828882838812762
1.3829834433217865
1.3830772325251044
1.3831696516206882
1.3832607007393667
1.3833503800132969
1.3834386895759418
1.3835256295621230
1.3836112001079857
1.3836954013509914
1.3837782334299509
1.3838596964850181
1.3839397906576558
1.3840185160906964
1.3840958729283404
1.3841718613161582
1.3842464814010185
1.3843197333311119
1.3843916172559732
1.3844621333265075
1.3845312816949611
1.3845990625148497
1.3846654759410644
1.3847305221298007
1.3847942012386010
1.3848565134263338
1.3849174588531989
1.3849770376807680
1.3850352500719465
1.3850920961909303
1.3851475762032821
1.3852016902758999
1.3852544385769874
1.3853058212761171
1.3853558385442073
1.3854044905534486
1.3854517774773938
1.3854976994909571
1.3855422567703717
1.3855854494932562
1.3856272778385306
1.3856677419864403
1.3857068421185572
1.3857445784178142
1.3857809510685222
1.3858159602563089
1.3858496061681052
1.3858818889921591
1.3859128089180641
1.3859423661367312
1.3859705608404338
1.3859973932228067
1.3860228634788077
1.3860469718046753
1.3860697183980091
1.3860911034577796
1.3861111271842741
1.3861297897790827
1.3861470914451328
1.3861630323867005
1.3861776128093690
1.3861908329200796
1.3862026929271281
1.3862131930401307
1.3862223334700567
1.3862301144292553
1.3862365361313789
1.3862415987914296
1.3862453026257060
1.3862476478518271
1.3862486346887681
1.3862482633568387
1.3862465340777212
1.3862434470743756
1.3862390025710760
1.3862332007934797
1.3862260419685710
1.3862175263246308
1.3862076540912522
1.3861964254994079
1.3861838407814053
1.3861699001708800
1.3861546039028423
1.3861379522135486
1.3861199453405930
1.3861005835229219
1.3860798670008023
1.3860577960158373
1.3860343708109994
1.3860095916305868
1.3859834587202162
1.3859559723268158
1.3859271326986395
1.3858969400852570
1.3858653947375832
1.3858324969078970
1.3857982468498045
1.3857626448182387
1.3857256910694791
1.3856873858611038
1.3856477294520100
1.3856067221024471
1.3855643640740347
1.3855206556297091
1.3854755970337000
1.3854291885515371
1.3853814304501204
1.3853323229976753
1.3852818664637605
1.3852300611192281
1.3851769072362952
1.3851224050884876
1.3850665549506476
1.3850093570989772
1.3849508118110365
1.3848909193656804
1.3848296800431468
1.3847670941249524
1.3847031618939301
1.3846378836342705
1.3845712596314459
1.3845032901723147
1.3844339755450508
1.3843633160390536
1.3842913119450961
1.3842179635553142
1.3841432711631971
1.3840672350635668
1.3839898555525745
1.3839111329276903
1.3838310674876635
1.3837496595325296
1.3836669093636671
1.3835828172838252
1.3834973835970559
1.3834106086087143
1.3833224926255148
1.3832330359555149
1.3831422389080339
1.3830501017937271
1.3829566249245895
1.3828618086139566
1.3827656531764732
1.3826681589281200
1.3825693261862080
1.3824691552693811
1.3823676464975727
1.3822648001920250
1.3821606166753517
1.3820550962714369
1.3819482393055338
1.3818400461041846
1.3817305169952452
1.3816196523078466
1.3815074523724575
1.3813939175208567
1.3812790480861470
1.3811628444028012
1.3810453068066000
1.3809264356346320
1.3808062312253218
1.3806846939184256
1.3805618240549826
1.3804376219773489
1.3803120880292110
1.3801852225556266
1.3800570259029747
1.3799274984189025
1.3797966404523296
1.3796644523535189
1.3795309344740125
1.3793960871667079
1.3792599107858070
1.3791224056868123
1.3789835722265442
1.3788434107631300
1.3787019216560430
1.3785591052660822
1.3784149619553163
1.3782694920871268
1.3781226960262194
1.3779745741386487
1.3778251267917796
1.3776743543542971
1.3775222571961674
1.3773688356886746
1.3772140902043806
1.3770580211171743
1.3769006288022998
1.3767419136362968
1.3765818759969743
1.3764205162634890
1.3762578348163303
1.3760938320372722
1.3759285083093975
1.3757618640171008
1.3755938995460613
1.3754246152833185
1.3752540116171914
1.3750820889373181
1.3749088476346290
1.3747342881013529
1.3745584107310322
1.3743812159185420
1.3742027040600495
1.3740228755530499
1.3738417307963255
1.3736592701899786
1.3734754941354372
1.3732904030354176
1.3731039972938959
1.3729162773161565
1.3727272435087754
1.3725368962796791
1.3723452360381005
1.3721522631945582
1.3719579781608513
1.3717623813500968
1.3715654731767213
1.3713672540564292
1.3711677244062204
1.3709668846444065
1.3707647351905881
1.3705612764656365
1.3703565088917407
1.3701504328924607
1.3699430488926339
1.3697343573183680
1.3695243585970838
1.3693130531574509
1.3691004414294548
1.3688865238443713
1.3686713008348135
1.3684547728346685
1.3682369402791401
1.3680178036047044
1.3677973632490925
1.3675756196513560
1.3673525732518799
1.3671282244923608
1.3669025738157625
1.3666756216663762
1.3664473684897935
1.3662178147328645
1.3659869608437001
1.3657548072717594
1.3655213544677560
1.3652866028836661
1.3650505529728139
1.3648132051898274
1.3645745599906265
1.3643346178324263
1.3640933791736791
1.3638508444741189
1.3636070141947512
1.3633618887978913
1.3631154687471454
1.3628677545074366
1.3626187465450013
1.3623684453273419
1.3621168513232438
1.3618639650028357
1.3616097868374675
1.3613543172997304
1.3610975568634676
1.3608395060038487
1.3605801651973433
1.3603195349217290
1.3600576156560287
1.3597944078805821
1.3595299120770448
1.3592641287283316
1.3589970583186219
1.3587287013333853
1.3584590582593432
1.3581881295844893
1.3579159157980953
1.3576424173907486
1.3573676348542756
1.3570915686817819
1.3568142193676467
1.3565355874075060
1.3562556732982944
1.3559744775382181
1.3556920006267630
1.3554082430646857
1.3551232053540252
1.3548368879981005
1.3545492915014914
1.3542604163700949
1.3539702631110451
1.3536788322327522
1.3533861242448857
1.3530921396583779
1.3527968789854623
1.3525003427396194
1.3522025314356136
1.3519034455894625
1.3516030857184671
1.3513014523412126
1.3509985459775145
1.3506943671484570
1.3503889163764189
1.3500821941850527
1.3497742010992639
1.3494649376452388
1.3491544043504455
1.3488426017435871
1.3485295303546150
1.3482151907147673
1.3478995833565357
1.3475827088136649
1.3472645676211787
1.3469451603153388
1.3466244874336517
1.3463025495149035
1.3459793470991532
1.3456548807277011
1.3453291509430749
1.3450021582891012
1.3446739033108603
1.3443443865547049
1.3440136085682188
1.3436815699002653
1.3433482711009359
1.3430137127215660
1.3426778953147813
1.3423408194344391
1.3420024856356709
1.3416628944748552
1.3413220465096087
1.3409799422988142
1.3406365824025903
1.3402919673823155
1.3399460978006450
1.3395989742214651
1.3392505972098681
1.3389009673322243
1.3385500851561523
1.3381979512504860
1.3378445661853455
1.3374899305320802
1.3371340448632860
1.3367769097527993
1.3364185257757271
1.3360588935083944
1.3356980135283580
1.3353358864144158
1.3349725127466494
1.3346078931063816
1.3342420280761802
1.3338749182398424
1.3335065641823640
1.3331369664899817
1.3327661257501904
1.3323940425517340
1.3320207174845848
1.3316461511399318
1.3312703441102052
1.3308932969890699
1.3305150103714145
1.3301354848533815
1.3297547210323806
1.3293727195070575
1.3289894808772393
1.3286050057439864
1.3282192947096056
1.3278323483776446
1.3274441673529063
1.3270547522414262
1.3266641036504589
1.3262722221884746
1.3258791084651438
1.3254847630913653
1.3250891866793060
1.3246923798423258
1.3242943431950214
1.3238950773532348
1.3234945829340137
1.3230928605555852
1.3226899108374339
1.3222857344002514
1.3218803318659134
1.3214737038575284
1.3210658509994642
1.3206567739173294
1.3202464732379500
1.3198349495893642
1.3194222036008070
1.3190082359027469
1.3185930471268354
1.3181766379059430
1.3177590088741558
1.3173401606667778
1.3169200939203334
1.3164988092725516
1.3160763073623807
1.3156525888299873
1.3152276543167687
1.3148015044653356
1.3143741399194886
1.3139455613242532
1.3135157693258395
1.3130847645716595
1.3126525477103275
1.3122191193916612
1.3117844802667089
1.3113486309877025
1.3109115722080635
1.3104733045824153
1.3100338287665936
1.3095931454176482
1.3091512551938096
1.3087081587545082
1.3082638567603544
1.3078183498731770
1.3073716387560419
1.3069237240731737
1.3064746064899975
1.3060242866731095
1.3055727652903575
1.3051200430107515
1.3046661205044705
1.3042109984428816
1.3037546774985749
1.3032971583453095
1.3028384416580385
1.3023785281128910
1.3019174183872138
1.3014551131595509
1.3009916131096266
1.3005269189183806
1.3000610312678902
1.2995939508413927
1.2991256783233218
1.2986562143993499
1.2981855597563154
1.2977137150822586
1.2972406810663557
1.2967664583989742
1.2962910477716643
1.2958144498771842
1.2953366654094487
1.2948576950635327
1.2943775395356891
1.2938961995233611
1.2934136757251424
1.2929299688408227
1.2924450795713511
1.2919590086188724
1.2914717566867071
1.2909833244793456
1.2904937127024514
1.2900029220628486
1.2895109532685247
1.2890178070286151
1.2885234840534439
1.2880279850545178
1.2875313107444606
1.2870334618370867
1.2865344390473745
1.2860342430914695
1.2855328746866517
1.2850303345514020
1.2845266234053063
1.2840217419691133
1.2835156909647696
1.2830084711153995
1.2825000831452902
1.2819905277798658
1.2814798057457093
1.2809679177705344
1.2804548645832186
1.2799406469138215
1.2794252654935081
1.2789087210546461
1.2783910143307797
1.2778721460565494
